mechanism,rate,split,model,seed,auroc_mean,ap_mean,brier_mean,ece_mean,auroc_std,ap_std,brier_std
MAR,0.0,S1,extratrees,1001,0.950631457771739,0.5498173603706933,0.01743182644756068,0.01005447443267514,0.010618049452441882,0.06779271089074088,0.0013191843238038667
MAR,0.0,S1,extratrees,1002,0.9493766327872983,0.5593793663543185,0.017154121013725022,0.009568073488916801,0.010788287771200732,0.08026651836415069,0.0009918395767168505
MAR,0.0,S1,extratrees,1003,0.9506621592190425,0.5548100606606436,0.01715301491881982,0.010120746460117019,0.010567458307462052,0.05751442606596066,0.0007705462618236871
MAR,0.0,S1,extratrees,1004,0.9509019326956581,0.557918365332788,0.01690911287275652,0.00887053597241042,0.012721626596560238,0.07583117755774844,0.0012027639283582316
MAR,0.0,S1,extratrees,1005,0.9505889094573263,0.5659809859833173,0.01685595598081224,0.00870062890956956,0.018339749656808964,0.04753778408973968,0.0006386201600132554
MAR,0.0,S1,extratrees,1006,0.9511864839365176,0.5584772749990248,0.01708734882307062,0.01021227105425416,0.011426065368480473,0.025048229865468202,0.0004374249750589407
MAR,0.0,S1,extratrees,1007,0.9511014976699389,0.55327425992728,0.01709343871004916,0.01004124203707658,0.006781326278224597,0.016786146953400537,0.0003902397336559047
MAR,0.0,S1,extratrees,1008,0.9473654330545891,0.5517946296413769,0.01698373698539962,0.00799117115477186,0.008629723767917137,0.05431778873841777,0.000802836147657046
MAR,0.0,S1,extratrees,1009,0.9491833268833684,0.5525119462898336,0.01709595216183554,0.00856593526291488,0.007088299692143193,0.04465974287616099,0.000520507135060378
MAR,0.0,S1,extratrees,1010,0.950210864239998,0.5602988303832657,0.01695451476179074,0.00902754086727224,0.016016850660681644,0.05655005578895787,0.0009253441197597111
MAR,0.0,S1,extratrees,1011,0.9488540788806998,0.5602159371607858,0.0170045599085881,0.009644478296514939,0.007043049799322791,0.0167127960545503,0.0003737037444311209
MAR,0.0,S1,extratrees,1012,0.9492225739758802,0.552319286627381,0.0171053065498661,0.0096149447098004,0.012956184992155126,0.06029334431931975,0.0008673750040004928
MAR,0.0,S1,extratrees,1013,0.9493691907515707,0.5588003721715415,0.01706908516386496,0.01009302860815616,0.012608900909760478,0.06624633734131175,0.0011893066913974783
MAR,0.0,S1,extratrees,1014,0.9490658053174712,0.554327172643731,0.017061864197646402,0.00932864716541348,0.01182324698089053,0.0674505955481302,0.0014225049794833813
MAR,0.0,S1,extratrees,1015,0.9495521319797234,0.565958564344716,0.016815505842938,0.00824587331145584,0.011832934673914287,0.06462108937131625,0.0009092791893843094
MAR,0.0,S1,extratrees,1016,0.9502716844260986,0.553005334423814,0.0171093299652618,0.0088806864400641,0.007838503731393545,0.0631026923914076,0.0011648575348665396
MAR,0.0,S1,extratrees,1017,0.9498940874438857,0.5596633483716588,0.01687130422237716,0.00805847012624912,0.006675409002393577,0.03741311502127574,0.0006675912319623712
MAR,0.0,S1,extratrees,1018,0.9471656230862493,0.5492856091183114,0.01734399464352048,0.00944921595182872,0.010964176471267906,0.03828567998373353,0.0008591224105367644
MAR,0.0,S1,extratrees,1019,0.948670950505498,0.5491399591574874,0.017270848495653558,0.00985473959375376,0.008278323737739143,0.060467371386250704,0.0013921537825802648
MAR,0.0,S1,extratrees,1020,0.9474478429970429,0.5501250723732003,0.01720949670570682,0.01000869006799672,0.01234120381178925,0.09364733136349705,0.0017348280253063565
MAR,0.0,S1,lr_l2,1001,0.8907961848583457,0.43715405986104905,0.01839004786291496,0.00497152790853242,0.022139198110245138,0.07002802164620335,0.0013193711399354937
MAR,0.0,S1,lr_l2,1002,0.8874355886557422,0.44690481981295005,0.0182611109018945,0.00545894235017238,0.02986537603859471,0.07334602054325476,0.0014973819105801082
MAR,0.0,S1,lr_l2,1003,0.8928635930610366,0.4361456580416796,0.0184592309063569,0.00411262583750466,0.009281618625124506,0.06175468853681806,0.0015134084104572816
MAR,0.0,S1,lr_l2,1004,0.8901973372073473,0.4486445232726295,0.01832386300687964,0.00460678778003564,0.02794325814361627,0.06434943784376912,0.0013237888182436584
MAR,0.0,S1,lr_l2,1005,0.8923974895773163,0.4397624795137725,0.01831708600305828,0.00554889069455944,0.02920201995374909,0.0463660663176408,0.0011418335429634876
MAR,0.0,S1,lr_l2,1006,0.8911561780766422,0.44082080913297494,0.01832733805414164,0.0049377642638567,0.01748497464655082,0.03519494513001787,0.0008133875059436724
MAR,0.0,S1,lr_l2,1007,0.8877345122658846,0.4485463609191001,0.01826433381729482,0.0050341197104433605,0.0317617202837443,0.03317013429693008,0.0008149303420863595
MAR,0.0,S1,lr_l2,1008,0.8931035280075266,0.4390928561242157,0.01849974204691628,0.0054299856874962,0.021697249492819235,0.05681694404104679,0.0011220641588511712
MAR,0.0,S1,lr_l2,1009,0.8935806619815876,0.4417004782857898,0.01842783566880692,0.00555106584948066,0.011217083756715065,0.05964358117005529,0.0012539778126630843
MAR,0.0,S1,lr_l2,1010,0.888591219749094,0.4385922548492179,0.01841656860654402,0.00715060419577764,0.03308214630368624,0.02746529116172795,0.0005194586297842606
MAR,0.0,S1,lr_l2,1011,0.888413259456495,0.44057593367668113,0.018330318968500858,0.0059849120352833,0.016787021701524987,0.017347213377830788,0.0006373489839753406
MAR,0.0,S1,lr_l2,1012,0.8924501987473044,0.4450756877482934,0.01837349286222238,0.00668569557572538,0.014933455534351199,0.07577194748039807,0.0015171518612674005
MAR,0.0,S1,lr_l2,1013,0.8890311717408441,0.43542394126294653,0.01842105983932138,0.0058918292544894,0.01736967391468595,0.06600813970628609,0.001311949957781332
MAR,0.0,S1,lr_l2,1014,0.8946384906467415,0.44710446008192245,0.01815242854070582,0.00544666813375234,0.015871962129023028,0.07105580652083801,0.0013602082946711155
MAR,0.0,S1,lr_l2,1015,0.8890700685439228,0.4409995228746569,0.018513838162906242,0.0060888488915625,0.008205301099524158,0.039996236071214816,0.0006980169318596155
MAR,0.0,S1,lr_l2,1016,0.8909570749590788,0.44425340383181994,0.018401151816544177,0.0062724161270513,0.02415940178623096,0.057711190934146665,0.0012732391559684853
MAR,0.0,S1,lr_l2,1017,0.8907770806717059,0.44184013674952594,0.018445834714189,0.00597419490958324,0.015857291521784934,0.052346254876538455,0.0010966600745125625
MAR,0.0,S1,lr_l2,1018,0.8883493961499358,0.44008484883066207,0.0183751657125776,0.0053466910007515,0.015741649604515275,0.05089238860735253,0.0011782565229197684
MAR,0.0,S1,lr_l2,1019,0.8912858753733011,0.4416079121763404,0.01848389063198774,0.00547204067994146,0.0065265133137092785,0.03422608531186765,0.0008812581361088217
MAR,0.0,S1,lr_l2,1020,0.8904863633120235,0.43763537831816385,0.018423637672372577,0.00485601705129402,0.022127616727523967,0.07527243472888194,0.0018819094946012842
MAR,0.0,S1,rf,1001,0.9517452509750148,0.5562706509279572,0.0165712563626009,0.00742563195266326,0.01021091626807572,0.0560317403316661,0.0009754195516522096
MAR,0.0,S1,rf,1002,0.9489684969807527,0.5657508695651099,0.016533972346281,0.00717095877584564,0.011296613375139597,0.07911566845429015,0.0011503500337366156
MAR,0.0,S1,rf,1003,0.9511291524128351,0.5541434054751666,0.01668193256413732,0.00641464158116824,0.011709187388558091,0.04769687020457344,0.000772998293846485
MAR,0.0,S1,rf,1004,0.9499304194797755,0.5566716378702126,0.016588951974770023,0.0089412357543491,0.014494566191156475,0.0870285420882058,0.0015498437772050607
MAR,0.0,S1,rf,1005,0.9470307545515546,0.558925452785615,0.01657917891940846,0.00713656598285118,0.022363449608231452,0.04369467685739018,0.0005556389667247891
MAR,0.0,S1,rf,1006,0.9475978766003536,0.5447350113694693,0.0169097036385184,0.00690464590261642,0.009538679402392275,0.030787330718719284,0.0004023480468992732
MAR,0.0,S1,rf,1007,0.9521714226294495,0.5661418458364701,0.01642900829995616,0.00819724142061504,0.0027562270875625267,0.012020430117802523,0.00013725706340318955
MAR,0.0,S1,rf,1008,0.9486893203306593,0.5610726435360336,0.016508870297095902,0.00604536918423646,0.009613676199746108,0.05115582443446922,0.0009433899473313007
MAR,0.0,S1,rf,1009,0.9507452238138777,0.5566858892130078,0.016595081172689357,0.00642442886082908,0.00886192709656044,0.050571226452569916,0.0006802790676806793
MAR,0.0,S1,rf,1010,0.9484764679106987,0.5591721223455082,0.01655001239922482,0.0077793432760668605,0.02197768165427346,0.0686727484620827,0.0011267310046467996
MAR,0.0,S1,rf,1011,0.9490058435961627,0.563542766377133,0.01640214850717436,0.006891914943349581,0.009151467797186006,0.017792193809138344,0.00038706376517489886
MAR,0.0,S1,rf,1012,0.9498715441156496,0.5608282560096038,0.016537404381290522,0.0071367832635526995,0.013696746688622502,0.05159902177587086,0.0009104746963045783
MAR,0.0,S1,rf,1013,0.9507423072068086,0.5560514177470253,0.01661610618459108,0.00790307337542508,0.005563852965864204,0.0660368277521667,0.0012558528325720547
MAR,0.0,S1,rf,1014,0.9525366068208732,0.5595275100571308,0.01651711414857246,0.0069563180544643,0.010842219905452649,0.059794285925202695,0.0011430241536162648
MAR,0.0,S1,rf,1015,0.948794402911777,0.561740434572405,0.01652317048510294,0.006983239317776441,0.015281382424379084,0.06415426600024209,0.0010349543660901944
MAR,0.0,S1,rf,1016,0.9499840381676451,0.5532809140588586,0.016659811343615598,0.006533908854631421,0.011409674406807244,0.06912604278830023,0.001191156518461166
MAR,0.0,S1,rf,1017,0.9497513039350727,0.5648349833822949,0.0163943980813303,0.0063324370295206,0.007196387808548533,0.04842041973555551,0.0007887775348763688
MAR,0.0,S1,rf,1018,0.948994936705305,0.5554498145537987,0.0166515735344538,0.0064743435977485195,0.010491613497372241,0.041838314039908266,0.0006769690796964158
MAR,0.0,S1,rf,1019,0.9507031541306208,0.5595387053917785,0.01653199718411702,0.00781211378851792,0.0035218218134104055,0.0558325511298397,0.001062540808521875
MAR,0.0,S1,rf,1020,0.9504970534726725,0.5548436987925682,0.01656786776726616,0.0065268137441500005,0.009566582023433481,0.09844063923821891,0.0017025140809804572
MAR,0.0,S1,svm_linear_cal,1001,0.8815593581521428,0.44365200588173215,0.01831460423015642,0.00708384614221636,0.018055444130691146,0.08030573902761086,0.0016269533951127728
MAR,0.0,S1,svm_linear_cal,1002,0.8768842654683204,0.45411150354481417,0.01829606295385472,0.0062183495930732795,0.03491974747614141,0.0826348869229391,0.0011453845665841682
MAR,0.0,S1,svm_linear_cal,1003,0.8828698927910258,0.4469207654032412,0.018452879339217403,0.005047473357426301,0.017109201854562356,0.06416084106066547,0.00143774901158713
MAR,0.0,S1,svm_linear_cal,1004,0.8824198985386407,0.45144625619521933,0.01839876743599862,0.00683693799394014,0.032937354632274214,0.07141880415447814,0.001330195460979999
MAR,0.0,S1,svm_linear_cal,1005,0.8839129207452938,0.4528883957702673,0.018356987905867823,0.00690717446697668,0.026582668133431228,0.04340404616534173,0.0010425633545904974
MAR,0.0,S1,svm_linear_cal,1006,0.8828468751661342,0.4513287761886325,0.018308010251993582,0.006329808170527899,0.020832121184773414,0.037094016235075675,0.0008390184707477758
MAR,0.0,S1,svm_linear_cal,1007,0.8800741846684982,0.44952377617673,0.0183769272136976,0.0057990409453314,0.032771061971266356,0.03649466998362589,0.0009548663225398874
MAR,0.0,S1,svm_linear_cal,1008,0.8842500253504639,0.4488633201028535,0.01856554003709076,0.006864714006780121,0.023978821771933997,0.05442926795545187,0.0010501819919164395
MAR,0.0,S1,svm_linear_cal,1009,0.8843303065961952,0.45404015208691895,0.018496282518038098,0.00730828355790014,0.00908768623523844,0.043071687032203876,0.0010136744441823096
MAR,0.0,S1,svm_linear_cal,1010,0.8802925079887567,0.4450677178183568,0.01849193354935464,0.007445394619835141,0.03679844426084592,0.030562377767149842,0.0006807303025667166
MAR,0.0,S1,svm_linear_cal,1011,0.8773955479133718,0.4436589785235655,0.01827866641969654,0.00664044447709216,0.018427409821418175,0.01670040848916569,0.00039652858174547205
MAR,0.0,S1,svm_linear_cal,1012,0.8841264762243168,0.4538050008189337,0.018461127531189742,0.00628562493059896,0.019679589441411596,0.06906972981521967,0.0011102409100345186
MAR,0.0,S1,svm_linear_cal,1013,0.8778422674754648,0.44579612205658503,0.01834992564615976,0.006936060027584639,0.022580245042250223,0.07481309200215813,0.001266789448757685
MAR,0.0,S1,svm_linear_cal,1014,0.88363486426616,0.4551373077176146,0.01833815186543262,0.00708335483838846,0.017881478591990057,0.0773672284075407,0.0014234174143259884
MAR,0.0,S1,svm_linear_cal,1015,0.878268954161508,0.4377211893045427,0.01888383208577482,0.00647745429959744,0.012629506035373874,0.030784641610924535,0.0006547736929558514
MAR,0.0,S1,svm_linear_cal,1016,0.8843971084446285,0.45035294984444346,0.01847364110753916,0.00706680799598156,0.024588386081079605,0.04667267714007589,0.0011423226820331733
MAR,0.0,S1,svm_linear_cal,1017,0.8804035591741679,0.4471896667030273,0.018595406192394297,0.00695203013731672,0.017450326186642634,0.05076858700132179,0.001040966339300524
MAR,0.0,S1,svm_linear_cal,1018,0.8760402220133019,0.4536299229988618,0.01828009087268058,0.0061101124667585,0.015753396373307353,0.05407791537335108,0.0013029556799053702
MAR,0.0,S1,svm_linear_cal,1019,0.8846767615832993,0.45049719125484505,0.0183879020407133,0.00599602062836426,0.010102796943690779,0.036126646543044164,0.001041394996596236
MAR,0.0,S1,svm_linear_cal,1020,0.8807441939792021,0.4458862066039222,0.0183606843642805,0.0068739728855037804,0.022304338250699007,0.07916685018476072,0.0018534515985402641
MAR,0.0,S1,xgb,1001,0.9600384894535464,0.5842024011112866,0.015685167722403963,0.00738059998195692,0.009268695689335327,0.053868286423855834,0.0012155119507784972
MAR,0.0,S1,xgb,1002,0.9550617483457096,0.5634138093460291,0.0161458425223827,0.0069866741278662,0.008169149356470586,0.07908785081493722,0.0017262821037198942
MAR,0.0,S1,xgb,1003,0.9533960065247978,0.5609460385592272,0.0160674091428518,0.008290379730673661,0.008862438563930443,0.04937043516119374,0.0011883044098200464
MAR,0.0,S1,xgb,1004,0.9555144604829993,0.5540993824343483,0.016144635900855,0.00783027651013498,0.012358631521581034,0.06070285582682573,0.0013222467404942595
MAR,0.0,S1,xgb,1005,0.9579001868186763,0.5742799940221098,0.01591585781425232,0.0084414301205532,0.012101375077514367,0.03823584605530001,0.0008123506618930952
MAR,0.0,S1,xgb,1006,0.957176169270849,0.5738820961505523,0.0159300852566957,0.00609061309554916,0.0085169159233361,0.03537316758772874,0.0007781449848243709
MAR,0.0,S1,xgb,1007,0.9573386463856224,0.5714659788668562,0.016003664210438678,0.007306161888638319,0.0054046531570225214,0.03178745244517636,0.0005617301978442145
MAR,0.0,S1,xgb,1008,0.9516985525752559,0.5597755354366691,0.01617240123450752,0.007674764919494639,0.008425287857132372,0.038339157009446435,0.0009125241653497258
MAR,0.0,S1,xgb,1009,0.9581727656373541,0.5773928187628232,0.015869481861591282,0.007298946952306059,0.00917053770351259,0.050077398842317725,0.0008733437193478035
MAR,0.0,S1,xgb,1010,0.9523843870763748,0.5705778051779341,0.01582240685820574,0.00674137173170482,0.024125250439087833,0.063064804413751,0.0014462017634782475
MAR,0.0,S1,xgb,1011,0.9544375251639947,0.5771836333125859,0.01583817210048432,0.0071731747183383,0.0062280899738567305,0.022393309647203107,0.00040460451652322163
MAR,0.0,S1,xgb,1012,0.9567830059632003,0.5779814686407766,0.01571226250380272,0.00581285084221314,0.009425711829732026,0.06015570871324998,0.0013981701923786538
MAR,0.0,S1,xgb,1013,0.9564389419165785,0.554178534282477,0.016138713993132082,0.00664439111049238,0.003112728502967471,0.0430982274851015,0.0009733640950357141
MAR,0.0,S1,xgb,1014,0.9544847984862613,0.5591339167052946,0.01613870915025468,0.00910914380979568,0.01365317908207923,0.09697149421365427,0.0020913200881331547
MAR,0.0,S1,xgb,1015,0.9543621776080237,0.5790143433906465,0.01581012234091754,0.007396934885078241,0.012250613717699418,0.04134555383227054,0.0010550223195622647
MAR,0.0,S1,xgb,1016,0.9544051784842607,0.5646282142797541,0.0160878343507647,0.008387424315441299,0.00564317017106533,0.049408001923183724,0.0012956794603538073
MAR,0.0,S1,xgb,1017,0.9581064042925757,0.5862341142603955,0.01559020671993488,0.00602548586920718,0.009617808528861772,0.06188324391607795,0.0011097929334393211
MAR,0.0,S1,xgb,1018,0.9559385272454024,0.5693847746001302,0.015938506834208922,0.00669414187713734,0.009283084002955414,0.027822513371097698,0.0007522130248159572
MAR,0.0,S1,xgb,1019,0.960275807411079,0.5759214856933003,0.015814711526036203,0.00928319690678216,0.00610951874821554,0.04495645767528748,0.0012562148113635443
MAR,0.0,S1,xgb,1020,0.9552839155340621,0.5695190915410929,0.01589177399873728,0.00768059360522374,0.010335995590000776,0.06043791809135634,0.0013138335565917613
MAR,0.0,S2,extratrees,1001,0.9466189970212859,0.5261529601139092,0.01738529167666174,0.0099116115704423,0.005253076404267566,0.09233724949292037,0.0009807929421595096
MAR,0.0,S2,extratrees,1002,0.9463984225757411,0.5264163202304025,0.01731340681856992,0.00956203956514846,0.006366024990000417,0.09661614317628435,0.0008684354552120797
MAR,0.0,S2,extratrees,1003,0.9465881344391374,0.5359748655537693,0.01710214990190774,0.0092746156654403,0.006953519546131053,0.08837016903000325,0.000894685689247264
MAR,0.0,S2,extratrees,1004,0.946926242797933,0.540886742722894,0.01712827958424486,0.00986745554755484,0.007512302667423657,0.08954043939546903,0.0009622217289212583
MAR,0.0,S2,extratrees,1005,0.9513394351421212,0.536996409495575,0.017028432086313338,0.009412611664770639,0.005691182338018498,0.08311743466887288,0.000962701036900608
MAR,0.0,S2,extratrees,1006,0.946788775962556,0.5371264304205077,0.0170947807682791,0.0101631847797732,0.002459162400065442,0.08607479102111892,0.0009556800993787964
MAR,0.0,S2,extratrees,1007,0.9482111628179986,0.5280353584420283,0.01744094391770454,0.00990382197097832,0.003140937279593458,0.07625930702828493,0.001312558159575826
MAR,0.0,S2,extratrees,1008,0.9440668311526206,0.540700653325365,0.01717152787770162,0.01001082944243094,0.00348748160312939,0.07939731537562111,0.0011685132139815043
MAR,0.0,S2,extratrees,1009,0.9460479956891934,0.5310954329938702,0.01729292569310856,0.00934264915007106,0.004135119623840081,0.0866800087650596,0.0013075781819892154
MAR,0.0,S2,extratrees,1010,0.948325868431585,0.5384594588439748,0.01709325129498184,0.00952608259444812,0.004147247441667256,0.08149274603300558,0.0009506874285017424
MAR,0.0,S2,extratrees,1011,0.9481265139843508,0.5295176805847557,0.01732762957529502,0.0099791261119221,0.00498412448475581,0.08674665511748697,0.0009725399304782157
MAR,0.0,S2,extratrees,1012,0.948171125140153,0.532066666235703,0.0171268207169034,0.008863411891142479,0.005022921585002548,0.08488440112638115,0.0010341945773442393
MAR,0.0,S2,extratrees,1013,0.9514537354449086,0.534088596849996,0.01704127470177902,0.009642049656576359,0.0048284619274748305,0.07897729219584049,0.0009697902027751719
MAR,0.0,S2,extratrees,1014,0.9476168954367372,0.531381019537436,0.017327774246783462,0.00956053891944684,0.0030005241816008043,0.07563463075307301,0.0011924963497665665
MAR,0.0,S2,extratrees,1015,0.946373658502686,0.5248809235813668,0.01736283370006254,0.009785193246536419,0.007013681103686255,0.09834197716440794,0.0007327682956577059
MAR,0.0,S2,extratrees,1016,0.9487013037975046,0.5364393779877712,0.0171689478481455,0.009355213812781659,0.0049453815069131135,0.0803693917604647,0.0010206819600229238
MAR,0.0,S2,extratrees,1017,0.947004480979448,0.5364726986947763,0.017054721979134678,0.00981354004468266,0.005992066480177382,0.07804513200879687,0.0011433345828664647
MAR,0.0,S2,extratrees,1018,0.9470726591717746,0.5288797645549274,0.01712871342923428,0.00914721357444248,0.005265578460457569,0.08450522204508909,0.0009788389417102776
MAR,0.0,S2,extratrees,1019,0.9459810669273244,0.5266649391986975,0.01725156577554928,0.00943549822069502,0.006441936877654851,0.08661571119917703,0.0010972077797938942
MAR,0.0,S2,extratrees,1020,0.948649380612202,0.5299149362416332,0.01712467404579716,0.0082453808754477,0.008320721962075549,0.08427060107371337,0.000951961399956018
MAR,0.0,S2,lr_l2,1001,0.8916303605723035,0.4103072761040411,0.01917140741459388,0.00610457784821198,0.02461246149928256,0.0869111916312629,0.0013497971012575666
MAR,0.0,S2,lr_l2,1002,0.8892286769658033,0.4188149330617401,0.018873913572698138,0.00682519086991846,0.02916321095249535,0.08191648179393674,0.0014230118263740376
MAR,0.0,S2,lr_l2,1003,0.8905082706197897,0.41777382279523045,0.01901498520083634,0.0073124205714074604,0.029089605726465857,0.08511994773345655,0.0016268587597005582
MAR,0.0,S2,lr_l2,1004,0.8897000052242034,0.41859721621579754,0.01916582557001504,0.00668664295025124,0.024047282624401718,0.08757610516659524,0.0014130931197111139
MAR,0.0,S2,lr_l2,1005,0.8900560693802703,0.4218309437840471,0.018896485110616902,0.006311068013475719,0.024273029705594612,0.08984284126142934,0.0013728680230564443
MAR,0.0,S2,lr_l2,1006,0.8902864949637687,0.4193797773505013,0.0188581344827277,0.00640386709374254,0.026296893336005978,0.0847174707944694,0.0014930060549392921
MAR,0.0,S2,lr_l2,1007,0.891011826566869,0.4239627422915156,0.01900310635089238,0.0060517254199432,0.024374998001287073,0.07949266619355427,0.0015818074598900026
MAR,0.0,S2,lr_l2,1008,0.889168813061959,0.4164630080334769,0.018893965714195583,0.006819899005001739,0.028501566807214433,0.09303704132070495,0.0016322571779757373
MAR,0.0,S2,lr_l2,1009,0.8867402458077246,0.41782878482357777,0.0189601721376362,0.006865027773793,0.027073080187894668,0.0843433360269112,0.001531143778662032
MAR,0.0,S2,lr_l2,1010,0.8864376172701405,0.4192020986545396,0.01889257819938176,0.00521609175062078,0.026319066934802113,0.0848953843848294,0.0015077165417180438
MAR,0.0,S2,lr_l2,1011,0.8952369923169364,0.41537518102658544,0.018832397718803958,0.007318247971037239,0.023878189689012043,0.09327875579465407,0.0015031002618210124
MAR,0.0,S2,lr_l2,1012,0.8898284793920295,0.4147890207034356,0.01892877022680518,0.00613385514988904,0.028221542674913863,0.08471396040274022,0.001551827030554219
MAR,0.0,S2,lr_l2,1013,0.8909072232430246,0.4196088960733066,0.01903661165651478,0.00627676815018958,0.029299609088219866,0.09705298916081466,0.0014779823000966588
MAR,0.0,S2,lr_l2,1014,0.891287745805325,0.431209943816434,0.018541925422061,0.00583656119496242,0.031029695038596972,0.0862960002148971,0.0017050380003839753
MAR,0.0,S2,lr_l2,1015,0.8909806389412266,0.4245501170811076,0.0186959580345766,0.006808141777873459,0.0266089443707942,0.08581644043783312,0.0012571860480271692
MAR,0.0,S2,lr_l2,1016,0.8913440115861364,0.4142395474716082,0.01891772359465862,0.0061562333727495,0.02883053412525223,0.08489829571642714,0.0013798497883904972
MAR,0.0,S2,lr_l2,1017,0.8895518242834444,0.4164062859678605,0.01882384723951206,0.00526758493134802,0.022338321034188386,0.08485565336022893,0.0013149287021045424
MAR,0.0,S2,lr_l2,1018,0.8876744717397287,0.42063103638791616,0.01890821498322596,0.00742149327834226,0.02650628424008096,0.08634670766863546,0.0015841588652177174
MAR,0.0,S2,lr_l2,1019,0.8908749234391669,0.4305037514984359,0.01849546786431898,0.00662971651320874,0.026591359892833382,0.09338922958151326,0.00120652869402434
MAR,0.0,S2,lr_l2,1020,0.8917136742388548,0.4241691452526107,0.01870104482301002,0.00663549949274414,0.023077012100881564,0.08967666721605358,0.0013712531257941577
MAR,0.0,S2,rf,1001,0.9450522526322327,0.5352593666096365,0.01677438090050612,0.007087306048110161,0.0075606026554600565,0.08342504207518577,0.0009313596282014243
MAR,0.0,S2,rf,1002,0.9493668972234133,0.5468071643018486,0.01669327020681368,0.007828314244445139,0.005085119718730481,0.07643716328678568,0.001017679677490328
MAR,0.0,S2,rf,1003,0.9487448222789456,0.5467068954919867,0.016624653811603822,0.00783497527085628,0.004519174714148234,0.07448153708323331,0.0009612393974698905
MAR,0.0,S2,rf,1004,0.9507868502472464,0.5562853758358273,0.016607380701247558,0.0084674403493006,0.006631923767927896,0.07790182578460354,0.0009182591121296305
MAR,0.0,S2,rf,1005,0.9516789153913191,0.5444330393732876,0.016620723048702803,0.00687164146632976,0.006661063364482488,0.07267820397367697,0.0010274489090023181
MAR,0.0,S2,rf,1006,0.9494840607215206,0.5463492867729902,0.01687305043106732,0.00936332379690348,0.0033727884173649428,0.06525147122156953,0.001094798103798662
MAR,0.0,S2,rf,1007,0.9494855057516386,0.5530931579028086,0.01659743547523438,0.00782817123434738,0.0044551498396370095,0.06569365816778121,0.0009395193434438761
MAR,0.0,S2,rf,1008,0.9474312804940148,0.5400327061436784,0.016891879755414417,0.00865233393500222,0.002024976979644889,0.08200221229115182,0.0010742187355011065
MAR,0.0,S2,rf,1009,0.9499651733909303,0.5416031129632612,0.016745838916584203,0.00742469340870182,0.006716368644773286,0.08080621749001474,0.0010278757277331612
MAR,0.0,S2,rf,1010,0.946493336631051,0.5411637399776581,0.01674728409280904,0.00701954040478754,0.005924825199989719,0.08038136504652814,0.000883512103078298
MAR,0.0,S2,rf,1011,0.9477520504163504,0.5420289123375543,0.016867278253457497,0.00833422801087652,0.004599099224872572,0.06078872625313666,0.0011554038875948522
MAR,0.0,S2,rf,1012,0.9461269174398155,0.5486476903467729,0.01662465212797222,0.00833810606659632,0.007287646269599819,0.07261062455853004,0.0008705595956917752
MAR,0.0,S2,rf,1013,0.9499714903955647,0.5377891118473433,0.01690259228974466,0.007385716088632579,0.004358782744772166,0.07370986561866626,0.001173572042952064
MAR,0.0,S2,rf,1014,0.9492537688399263,0.5450800563308198,0.01694866799320998,0.007720049309100199,0.004121727058118049,0.061086757977799534,0.0012293540485564048
MAR,0.0,S2,rf,1015,0.9453643138816228,0.5468580929867812,0.016632559342436782,0.00794944147057408,0.010587867172013833,0.07704747647688809,0.000891131988906775
MAR,0.0,S2,rf,1016,0.9478196487711539,0.5366814869879459,0.01710188899948322,0.00892438776469156,0.0047831426806280814,0.06890889046310923,0.001174650307049029
MAR,0.0,S2,rf,1017,0.9513151350293333,0.5457249044323692,0.01660902736498496,0.0076121099016663194,0.0061470890571848355,0.07655450746134526,0.0010428209697283116
MAR,0.0,S2,rf,1018,0.9490359347447315,0.5413115847911744,0.016747554811621303,0.007535450670472041,0.005751694700117817,0.07224293898327237,0.0009879155564048632
MAR,0.0,S2,rf,1019,0.9493444817258727,0.5478964624780344,0.01661771336373986,0.00746088036580034,0.006698434304740459,0.07484825577001392,0.0008273587507708354
MAR,0.0,S2,rf,1020,0.9499417211668906,0.5419374852065661,0.01671575654207144,0.00735480086991336,0.007101814014291641,0.0819255368817581,0.0008709156911809871
MAR,0.0,S2,svm_linear_cal,1001,0.8800420676781411,0.4220021643401581,0.01914284354768568,0.0075327022301085594,0.029430332304903734,0.0848450016190229,0.0014001278425349387
MAR,0.0,S2,svm_linear_cal,1002,0.8777676511339351,0.4294366021160377,0.01868866475815232,0.0076566416147195605,0.03222214311109593,0.07827964426174955,0.0013518788363801636
MAR,0.0,S2,svm_linear_cal,1003,0.8834856246352183,0.4354043156210635,0.0188857467852786,0.0072526298018959195,0.03465749702689595,0.0822475641633583,0.0016352150740202727
MAR,0.0,S2,svm_linear_cal,1004,0.879678755402125,0.4252780956778107,0.01912414314615486,0.00768772236771684,0.03003105462094395,0.08344581965446415,0.0014377450591481307
MAR,0.0,S2,svm_linear_cal,1005,0.8823116164574133,0.4311191814350666,0.01889316159230352,0.00692563356017412,0.02767008746302009,0.08918906461159215,0.001223887332495003
MAR,0.0,S2,svm_linear_cal,1006,0.8807443314561911,0.42873568134179296,0.018867832367649322,0.00587808027027964,0.0307971859853706,0.08161994907754745,0.0015244209715868165
MAR,0.0,S2,svm_linear_cal,1007,0.8814202195893881,0.4269739656544875,0.01901338656043916,0.00631575090330664,0.027328889732700885,0.07438793893247085,0.0015401773039753507
MAR,0.0,S2,svm_linear_cal,1008,0.8773781278811832,0.42829981151910823,0.01875563928459306,0.0073656384087042405,0.03444025986866965,0.08479661377496465,0.0014114677216403582
MAR,0.0,S2,svm_linear_cal,1009,0.8766203774790661,0.42670897729297,0.01904396667754692,0.007154244108226421,0.03012624382879651,0.08418079839503141,0.0015477219761665729
MAR,0.0,S2,svm_linear_cal,1010,0.8769531372533372,0.4288930288614787,0.01883386739562428,0.00595521494323564,0.032155474033922424,0.08291989161756558,0.0014613286335139624
MAR,0.0,S2,svm_linear_cal,1011,0.8863434630456533,0.42656587257581435,0.01881560843105856,0.00692502596895486,0.02651538835010054,0.08903929952614252,0.0013775530318881073
MAR,0.0,S2,svm_linear_cal,1012,0.8796923812808526,0.4299562122003936,0.018767398109330098,0.00721058383339714,0.03383549285042638,0.07958608857078436,0.001477490410001881
MAR,0.0,S2,svm_linear_cal,1013,0.8813946862102512,0.4264342165657542,0.01918759815886048,0.006332059611454499,0.03471218844898744,0.09234566851744087,0.001641459576464111
MAR,0.0,S2,svm_linear_cal,1014,0.8832577699136784,0.43649641079258295,0.01858490756922656,0.0077728857777149,0.03550523228372271,0.08031217127712291,0.0017537141051749323
MAR,0.0,S2,svm_linear_cal,1015,0.879704062402779,0.43368078746739214,0.01854961242125984,0.00770970341236608,0.03236698194533862,0.07991629704969094,0.0012858069467956612
MAR,0.0,S2,svm_linear_cal,1016,0.8811449124637818,0.423136156403662,0.0189688720789408,0.00673886006103606,0.03347302904060565,0.08698228483168659,0.0013992670493642874
MAR,0.0,S2,svm_linear_cal,1017,0.879056461931139,0.4295550687793662,0.01878093530133804,0.00632585824290566,0.025659324618781613,0.08018841188926935,0.0014528142975391274
MAR,0.0,S2,svm_linear_cal,1018,0.8772857913596953,0.43413781550182673,0.018673157492135002,0.007697424233055181,0.03195853567282581,0.08464171267790498,0.0016244366468054397
MAR,0.0,S2,svm_linear_cal,1019,0.8796069176182986,0.4379100231686973,0.01848477155428922,0.006575463254438141,0.03323835101064136,0.08608976648510411,0.0011624425554123078
MAR,0.0,S2,svm_linear_cal,1020,0.8823190415816905,0.4352301672217059,0.0186673254063974,0.0071407908206506995,0.027021951537954628,0.08537738486012518,0.0014017060407903533
MAR,0.0,S2,xgb,1001,0.9575756732180458,0.5510209531284048,0.01618723012506956,0.0072078031408645184,0.0033052736384485536,0.08485408378451562,0.0005778814269019506
MAR,0.0,S2,xgb,1002,0.9556778162288098,0.5585138043173068,0.015971211344003623,0.00811826209272484,0.0060322294378364555,0.09334349010689934,0.0004629144181417689
MAR,0.0,S2,xgb,1003,0.9570175299972792,0.5665805514463338,0.0156647672876715,0.0061815774918657,0.004296721478438824,0.09219753250275153,0.0006756728668405184
MAR,0.0,S2,xgb,1004,0.9554435685130205,0.5550263147093284,0.016064985096454577,0.00797617402809922,0.006774812609172071,0.09913859874796685,0.000742358918363487
MAR,0.0,S2,xgb,1005,0.9574439560358007,0.5635259785605146,0.015978997759520962,0.00794717438323558,0.009345858639426451,0.08510274411482512,0.0010066107012089035
MAR,0.0,S2,xgb,1006,0.9538152843972177,0.5721141515763414,0.01571456175297494,0.0063730520972903795,0.008763005420247131,0.08950982141468077,0.0007099684922580389
MAR,0.0,S2,xgb,1007,0.957602446864475,0.5670140877283932,0.01588017847388978,0.006730783563400419,0.004194827725607434,0.08488108658430726,0.0006592080115833825
MAR,0.0,S2,xgb,1008,0.9568999956244472,0.5603344951555866,0.01586380619555706,0.0073886552595442394,0.007541706810020969,0.07679720297175938,0.0007423986286566469
MAR,0.0,S2,xgb,1009,0.9565586085605986,0.5690770411754604,0.01587225794792172,0.00750906627116938,0.00663827564879676,0.10055244273517343,0.0008667632506940434
MAR,0.0,S2,xgb,1010,0.9585421807235592,0.5701350695879842,0.0156471766531467,0.0057623766414794,0.006210226446537183,0.08204194819026416,0.0006805213748592869
MAR,0.0,S2,xgb,1011,0.9566203155412056,0.5673925899416499,0.01570358630269758,0.00693614311642278,0.008183581352663966,0.08433747560228573,0.0005893198494660694
MAR,0.0,S2,xgb,1012,0.9527895192510186,0.5596565830355827,0.01600103788077826,0.00853906583137176,0.007738536096102457,0.08057193218535784,0.0008567641662545808
MAR,0.0,S2,xgb,1013,0.9588901979371489,0.5597426820291005,0.01599175911396736,0.006876815727951879,0.005672043255676342,0.08676829262575857,0.000648912805827418
MAR,0.0,S2,xgb,1014,0.95592632211658,0.5629403819576039,0.0158942965790629,0.007214479642928801,0.009218974173888497,0.08530056662259546,0.0006996264483435195
MAR,0.0,S2,xgb,1015,0.9562690215866511,0.562943162768109,0.01580269969999786,0.005924541257925339,0.004519583655985279,0.10402371600014558,0.0006862912122641959
MAR,0.0,S2,xgb,1016,0.9588392574046065,0.5687376496292704,0.015860463678836763,0.0076682114902916,0.005085074115981902,0.08849766718688235,0.0007280185246273985
MAR,0.0,S2,xgb,1017,0.9585855573469606,0.5689135019271456,0.01591775361448522,0.00785158380801034,0.006975273572087143,0.08011689682576395,0.0010845706371278977
MAR,0.0,S2,xgb,1018,0.9563580573387547,0.567944954341838,0.015895381011068778,0.007265029498939519,0.0038342464766124027,0.07021861587489042,0.0008672342083181432
MAR,0.0,S2,xgb,1019,0.9581669660773142,0.5534323469646869,0.01608034037053582,0.0077057074492675,0.00621958245544964,0.10301235991146242,0.0007670081530248848
MAR,0.0,S2,xgb,1020,0.9557001805864527,0.5569286141341275,0.01605222281068558,0.007553567562415981,0.005215424345107225,0.08646363089857381,0.0008003788247720714
MAR,0.05,S1,extratrees,1001,0.9469835781231591,0.5360248558874233,0.0173883612506465,0.00923087806983568,0.012834642509775791,0.06452671034789503,0.001103724733222344
MAR,0.05,S1,extratrees,1002,0.9429255970981126,0.5331573779188015,0.01782234363872574,0.00917421548138342,0.012654804663962132,0.07344911018784597,0.0010137888408995497
MAR,0.05,S1,extratrees,1003,0.9471184330804017,0.528447021600375,0.01770573362292386,0.0090343077575157,0.012724193795413315,0.06043192777340254,0.0009063442929785886
MAR,0.05,S1,extratrees,1004,0.9458615481097681,0.5307096200529896,0.017707516174209396,0.00983008174517108,0.011130856098931233,0.09164315682805059,0.0011231550026148936
MAR,0.05,S1,extratrees,1005,0.9475165017931836,0.5331564021867728,0.01752276010977828,0.00929032537838442,0.016398455696249332,0.05091882333509569,0.0005830317743010338
MAR,0.05,S1,extratrees,1006,0.9437236768966193,0.5293883100047331,0.01780878940213234,0.010639030577263661,0.01066294578290981,0.03189507764662805,0.00034072747331956587
MAR,0.05,S1,extratrees,1007,0.9474319536435578,0.5317527616992395,0.017452858651746377,0.008224381898054,0.008111603386280726,0.017794759492293807,0.0002536732402099777
MAR,0.05,S1,extratrees,1008,0.943949746828513,0.5279517757074581,0.0175598515035875,0.00871063856751752,0.009061277766674683,0.04389639589157616,0.0006390823899311706
MAR,0.05,S1,extratrees,1009,0.9444809547454236,0.532652058113144,0.01768484357262872,0.009270964793984279,0.009537600992462146,0.04441017189163328,0.0007096229728874779
MAR,0.05,S1,extratrees,1010,0.9467614955159961,0.5404157791794035,0.017420625749922418,0.009249702916411121,0.01675838737783076,0.06481562214746861,0.0010677065729083508
MAR,0.05,S1,extratrees,1011,0.9488807023631324,0.5379353696092514,0.01731647124351312,0.00866507981169516,0.007719804632388377,0.01470697061757855,0.00038642906072045957
MAR,0.05,S1,extratrees,1012,0.9454314227496001,0.5334853449745569,0.01755479074882496,0.00805670882289178,0.014775253001186506,0.07561821563120966,0.0012609713146644519
MAR,0.05,S1,extratrees,1013,0.9457228969613375,0.5333503658348674,0.01753807060087362,0.00923108626503678,0.008675994146167761,0.06797750100092652,0.00099790004617554
MAR,0.05,S1,extratrees,1014,0.9471695032431224,0.5413235195028151,0.0174650706466876,0.00926774092484634,0.009914962339655302,0.07097977855873781,0.001365280041964184
MAR,0.05,S1,extratrees,1015,0.9438809469338697,0.5305275341721181,0.01765383299028766,0.00950875059279888,0.012950366515403837,0.055303139314743344,0.0008759267568119867
MAR,0.05,S1,extratrees,1016,0.9454649489977504,0.5302517917476072,0.01753250310649142,0.00842308892472378,0.011824692784319893,0.06461654613008105,0.00099278116630803
MAR,0.05,S1,extratrees,1017,0.9455992220152174,0.5445366385495867,0.01731971925663886,0.00923108031358576,0.009832882018366474,0.045081515270040444,0.0007784858414654783
MAR,0.05,S1,extratrees,1018,0.9456114641944658,0.5399062778152248,0.017463781663353738,0.00786577868508028,0.01051690046977572,0.050204141334825654,0.0006900012596897805
MAR,0.05,S1,extratrees,1019,0.9471730830702881,0.532530471233659,0.01764914173392814,0.0087608341321108,0.007476312425257747,0.054953476107861145,0.0009376472835450144
MAR,0.05,S1,extratrees,1020,0.9468597750456785,0.5324340651721691,0.01741107283186962,0.00858819945326528,0.012407989551570443,0.08917686960263056,0.001350278079160236
MAR,0.05,S1,lr_l2,1001,0.8879970735531737,0.40756988146514217,0.0188788972288686,0.00521123031368924,0.015617545682362063,0.08813489816486832,0.0017818939171664356
MAR,0.05,S1,lr_l2,1002,0.87279183009265,0.4220086639421356,0.0186321665030591,0.0047597535844128205,0.034091729660987745,0.0586418302867464,0.0010989167548162717
MAR,0.05,S1,lr_l2,1003,0.8848452826847542,0.4196812361748325,0.01878337628031014,0.00524747326067204,0.012034036102952433,0.06940954541717204,0.0015107241183973238
MAR,0.05,S1,lr_l2,1004,0.8895030014188781,0.4097277658689057,0.01905821618215006,0.0061274017716441195,0.03179791737827771,0.09255466572265571,0.0019566205655428648
MAR,0.05,S1,lr_l2,1005,0.8813115610506278,0.3970467579836692,0.01931190774435538,0.00501533502207182,0.031417790836367504,0.0445313052441411,0.0012366808890941173
MAR,0.05,S1,lr_l2,1006,0.8737735610034567,0.4124487394428639,0.01895871533513748,0.00488982111491056,0.019578910643084507,0.04236310470452216,0.0009409484219628488
MAR,0.05,S1,lr_l2,1007,0.8786536498137888,0.4287420772112439,0.01857914566271248,0.00425805405967058,0.036077377137239575,0.03470526366057549,0.0008303998438148011
MAR,0.05,S1,lr_l2,1008,0.8937838328757388,0.4161720568775816,0.01899063888913344,0.00459034966068506,0.023001713699580484,0.05066231525607449,0.0010965137266282145
MAR,0.05,S1,lr_l2,1009,0.8858814700340376,0.42388441221406215,0.01872000104555812,0.00481541524038368,0.016079101146901538,0.0644227316594001,0.0012773088783486013
MAR,0.05,S1,lr_l2,1010,0.8767696375540416,0.4273255798771586,0.01855427486426252,0.00566893394915412,0.034226303875061294,0.04282875944041207,0.0009099064698358681
MAR,0.05,S1,lr_l2,1011,0.8774578766302301,0.4307800467115504,0.0183738552322428,0.004868310008039519,0.0171071034224503,0.01862865828733265,0.000485557693693346
MAR,0.05,S1,lr_l2,1012,0.88271250319013,0.41140669797448315,0.01910480149613592,0.00588505754241782,0.02114744882936475,0.0640465727097879,0.0012549523571388872
MAR,0.05,S1,lr_l2,1013,0.8816708359988563,0.4201761072065501,0.01875728175816414,0.00510833758859452,0.018714505965657203,0.07499986724706034,0.0014903973312937189
MAR,0.05,S1,lr_l2,1014,0.8807083114431979,0.4051592476714993,0.01909687014495224,0.00519384442100406,0.01391604369357799,0.06300015173300705,0.0010950540882046793
MAR,0.05,S1,lr_l2,1015,0.8741542908502815,0.4071064992124448,0.01914760395651138,0.0050160895564797,0.00882960379529418,0.04310614289056399,0.0006737170461494359
MAR,0.05,S1,lr_l2,1016,0.8812343637512056,0.4228842361388286,0.0189224997592662,0.006641137451180179,0.031961826153387336,0.0657347295172683,0.001284225538082905
MAR,0.05,S1,lr_l2,1017,0.877576608669609,0.40274236553489634,0.0191923596692826,0.0064276408393088595,0.014411034828352305,0.05911679049425754,0.0013611543921543394
MAR,0.05,S1,lr_l2,1018,0.883677805794284,0.40882159904944393,0.01916683136163604,0.00563566444491988,0.025898218802419708,0.04795132270143641,0.0011160250783620825
MAR,0.05,S1,lr_l2,1019,0.8778988618588102,0.42344732546484715,0.01875289132895738,0.0048687706943024,0.009009245785682267,0.03811736394307683,0.0008494891137574193
MAR,0.05,S1,lr_l2,1020,0.8830266668149693,0.4212798723481132,0.01863087279109854,0.004729630303888141,0.025868979591092044,0.08343499902703831,0.0018494334755339106
MAR,0.05,S1,rf,1001,0.9433465531904155,0.5201595883903563,0.0173538177782748,0.00705623573348962,0.009984318419337746,0.06370923628862604,0.0011556110347402905
MAR,0.05,S1,rf,1002,0.941426739368531,0.5364634177278814,0.01710190118299634,0.00721024787752326,0.01233287449905348,0.06707564870165976,0.0010367551565964891
MAR,0.05,S1,rf,1003,0.9459714321952681,0.5277143072276294,0.017286512405417002,0.00722235412686754,0.013807246484801698,0.06305734807619169,0.0009927177874645653
MAR,0.05,S1,rf,1004,0.9491555594798236,0.524382667071514,0.01727430573870222,0.00808948464599556,0.013491439124905922,0.10145494724593823,0.0016262895496921919
MAR,0.05,S1,rf,1005,0.9398111346760414,0.5283495078788191,0.017197427453143222,0.0069384661173256,0.021437869425503384,0.04228837565326444,0.0005918553447805402
MAR,0.05,S1,rf,1006,0.9448321416277965,0.537290837608149,0.01713343791247582,0.007248548192459001,0.0077549308179291785,0.045307115189599984,0.0006075601228597282
MAR,0.05,S1,rf,1007,0.9449215195690289,0.537355598589513,0.01703028338588582,0.0066588097648974,0.006288331396746933,0.018971023435519,0.00029332993067305365
MAR,0.05,S1,rf,1008,0.9449019267733128,0.5263788363944901,0.017187754723281677,0.0058352737349063,0.007160514128915403,0.04762524358376749,0.0007957762016181429
MAR,0.05,S1,rf,1009,0.9438759974020174,0.5358600259931053,0.016980915997826602,0.007591460379799379,0.009911865218448699,0.0484655090400082,0.0006572102194723547
MAR,0.05,S1,rf,1010,0.945952365962126,0.5299051927591878,0.01718620088115616,0.00700247223781548,0.016328461202495377,0.06603865366896779,0.0010973250490584935
MAR,0.05,S1,rf,1011,0.9420081217570508,0.5353070830856554,0.01696296210709674,0.007696745554592479,0.007483314627533263,0.0206019541686965,0.00045863920299573974
MAR,0.05,S1,rf,1012,0.9441512953002494,0.5356197467491295,0.01705563831312706,0.007141367792351019,0.015282302709199638,0.05079801377188008,0.000808056251297066
MAR,0.05,S1,rf,1013,0.9431440795353054,0.5285618800553785,0.01723685799838522,0.00769069725092774,0.007119452142134023,0.0728321762289429,0.0012915178059796923
MAR,0.05,S1,rf,1014,0.949551485643142,0.5455051400703916,0.01694179451370684,0.0073222907286382794,0.008597113411925001,0.06230002949414636,0.0010816163956046227
MAR,0.05,S1,rf,1015,0.9409265903172983,0.5329082001203717,0.0170921145142323,0.006271210167862,0.016161026097694094,0.06160575012364254,0.0009783499495266631
MAR,0.05,S1,rf,1016,0.9438683192827584,0.5254449977251685,0.01725882439235166,0.0072409903753896,0.01197669930828584,0.06494406455539407,0.0011498323960958134
MAR,0.05,S1,rf,1017,0.9462885021817584,0.5387988810340403,0.01700848676954338,0.00721838770095658,0.006502048808922309,0.06160330912367771,0.0009045227045897838
MAR,0.05,S1,rf,1018,0.9447461761615046,0.5348218221865935,0.0172653307417491,0.0070958223561734205,0.01195289719822085,0.047942345432787095,0.0006455426805961933
MAR,0.05,S1,rf,1019,0.9446637377993763,0.5261073662797722,0.0172554766190444,0.00661286428261038,0.00597230917023856,0.07214161776704602,0.0012188441035562271
MAR,0.05,S1,rf,1020,0.945920705354057,0.5318541656675858,0.0171334954103356,0.00678641124049212,0.013022672147887961,0.10455168572508641,0.0017426169099889848
MAR,0.05,S1,svm_linear_cal,1001,0.877617351590637,0.41196212697162177,0.018840680940759878,0.006484459935723099,0.014619614685779167,0.09229771990256547,0.0019791106846518422
MAR,0.05,S1,svm_linear_cal,1002,0.8613702761966643,0.42331283676348413,0.01886728629643446,0.0054345830720738,0.03643402145491832,0.06026314393202245,0.000889617534800305
MAR,0.05,S1,svm_linear_cal,1003,0.8741801380130653,0.42064542017172535,0.01890999674388768,0.00493632571474916,0.019289834776561585,0.0740518984563971,0.00131764423927622
MAR,0.05,S1,svm_linear_cal,1004,0.8777966107166357,0.4168782788722628,0.019259845872136538,0.00786135019382268,0.03614242328091958,0.09275724343185476,0.0017113458316232524
MAR,0.05,S1,svm_linear_cal,1005,0.8712096367593813,0.4039623527006623,0.019357164135766762,0.006458214295050039,0.027632833261444015,0.04019624390764462,0.0010109622131724456
MAR,0.05,S1,svm_linear_cal,1006,0.8620846832094344,0.41713925384783385,0.019011461381383,0.00702420263882908,0.02654321530421904,0.043224438438952364,0.0009055014337061367
MAR,0.05,S1,svm_linear_cal,1007,0.8682173963739979,0.4294601587009962,0.01869261941992814,0.00538770273917388,0.04022765271888983,0.03751090237267675,0.0009295431454128735
MAR,0.05,S1,svm_linear_cal,1008,0.8831901867757106,0.4135433086234833,0.01920134443315814,0.0057974328808269,0.023763628625778972,0.05207604246877365,0.001062361447529036
MAR,0.05,S1,svm_linear_cal,1009,0.8751852290028538,0.42683278275960823,0.01897485866292202,0.0065486091701511,0.018514778061950756,0.04337887765595808,0.0008521450781075418
MAR,0.05,S1,svm_linear_cal,1010,0.8637811956764274,0.4256198266572476,0.01887401071176552,0.00756217609913124,0.040576290187514935,0.0357981636833242,0.0008769205629955736
MAR,0.05,S1,svm_linear_cal,1011,0.8642114611845721,0.4336871200543347,0.01847153502713584,0.007213493345209621,0.020018758533467334,0.023042364851689687,0.000487169413179265
MAR,0.05,S1,svm_linear_cal,1012,0.8716206515077728,0.41433561753073384,0.01915159198270118,0.006324118825941661,0.028160174009917143,0.06068617805078521,0.000978493305082997
MAR,0.05,S1,svm_linear_cal,1013,0.8659029116045002,0.4288050914137861,0.018685028658729917,0.0069746211306911,0.02543434747449016,0.08380131544027117,0.00150929019529806
MAR,0.05,S1,svm_linear_cal,1014,0.8722179830653625,0.4197079012107882,0.01910804177941336,0.006296440532463481,0.014404581455686554,0.06478568759837948,0.0010532855182050973
MAR,0.05,S1,svm_linear_cal,1015,0.860933039227854,0.4041064198067185,0.01952465032345472,0.00588635164186254,0.012784921175471494,0.03869731562743064,0.0008081137758426424
MAR,0.05,S1,svm_linear_cal,1016,0.8726790559161071,0.42994674923986614,0.01898031434244276,0.00857177824343008,0.03196032554633705,0.05511982050389835,0.0011175699074549874
MAR,0.05,S1,svm_linear_cal,1017,0.8657068787674935,0.4096306264086307,0.0193840164979924,0.00706540154842526,0.014058078566471193,0.06045563965918311,0.0012298699160696249
MAR,0.05,S1,svm_linear_cal,1018,0.8709836246173621,0.42317494546888257,0.01907552652586868,0.0060729518692332,0.02742242582271346,0.05218481236470562,0.001399911196932432
MAR,0.05,S1,svm_linear_cal,1019,0.8684738207412573,0.42787343065252437,0.01878650949534478,0.006215501992394059,0.011043043267524547,0.04304895943716485,0.001089653155454215
MAR,0.05,S1,svm_linear_cal,1020,0.8687141594637193,0.4278067751661851,0.01871317405191856,0.00570372564833802,0.02691321515131487,0.08306538103124562,0.0018126929265087723
MAR,0.05,S1,xgb,1001,0.9537144863613942,0.5437786590336453,0.01639902312308546,0.00608825808545868,0.010314068960853321,0.06360014611054124,0.0013369907825888
MAR,0.05,S1,xgb,1002,0.9521841663797221,0.5497801342019942,0.01636379882693286,0.00569377278592684,0.006887644194844135,0.05923337631183234,0.0012990778759547998
MAR,0.05,S1,xgb,1003,0.9465868376840975,0.5228251963358238,0.01692782007157802,0.007516950944945459,0.012096043249843676,0.05114630559562084,0.0009748191500049574
MAR,0.05,S1,xgb,1004,0.9500526514632197,0.5228434416872146,0.01685623973608014,0.006937152305236541,0.018700693595979347,0.08106581957539286,0.0015313465299170502
MAR,0.05,S1,xgb,1005,0.953671443734752,0.5258432484615962,0.016994662210345218,0.00782001963515992,0.011379470920454089,0.04969247035590186,0.001031611391942815
MAR,0.05,S1,xgb,1006,0.9494041819179786,0.5384915838998744,0.01662591397762294,0.00781015410788968,0.008063937195464015,0.03285977414876575,0.0008445831609405466
MAR,0.05,S1,xgb,1007,0.9491279148992398,0.5338392239160706,0.0166750773787498,0.0081019733638557,0.006801001638220487,0.037360527301915546,0.0007005220882764722
MAR,0.05,S1,xgb,1008,0.9479060586667429,0.5267140616693341,0.01700522229075426,0.00988285718801862,0.012338439386351801,0.059487555885833855,0.0012582938681641041
MAR,0.05,S1,xgb,1009,0.9519650121079707,0.5250856420177616,0.01702012903988356,0.00907759635283492,0.008042797748191232,0.05631624116775926,0.0010404493013790863
MAR,0.05,S1,xgb,1010,0.9485976198556176,0.543109627479345,0.01642262954264876,0.00763132790600962,0.021227731636632562,0.09354833455269483,0.002068178161626617
MAR,0.05,S1,xgb,1011,0.948210189982898,0.5529747427345273,0.01649372503161426,0.008721940301164379,0.010190986865015276,0.028358004514265733,0.0004058619117697039
MAR,0.05,S1,xgb,1012,0.9542451769638769,0.5605228986353236,0.01640090849250548,0.00931975142939048,0.008614114180513971,0.05829005658093213,0.0014489864504721105
MAR,0.05,S1,xgb,1013,0.9495324501332701,0.5484818588732097,0.016306358389556318,0.0071757194099353,0.002012663847895872,0.03907824230023524,0.0010216746361237465
MAR,0.05,S1,xgb,1014,0.949476302439787,0.5295203884268589,0.01676694769412272,0.0061919964093894,0.009177890457198691,0.07738184423921879,0.0017688451748122196
MAR,0.05,S1,xgb,1015,0.9475930576852521,0.5423546832909119,0.01657725684344764,0.00740276399893962,0.012450816746029719,0.048962883751384315,0.0011713592372365512
MAR,0.05,S1,xgb,1016,0.9502936786674223,0.5198059660683104,0.01694782916456456,0.00579374828293664,0.005389353810845868,0.0484106249151146,0.001137612177899204
MAR,0.05,S1,xgb,1017,0.9531821405355752,0.5546043627300274,0.016209709085524042,0.00602120089991132,0.0060127672167813,0.05807854748186257,0.0011783441465131944
MAR,0.05,S1,xgb,1018,0.9524770631126428,0.5390911508809315,0.0166098171845078,0.00686415152493262,0.011799133252315252,0.03422898390473043,0.0008921584335443628
MAR,0.05,S1,xgb,1019,0.9548839848430593,0.5272710905979184,0.0168519109487533,0.00735363411604868,0.007352549320420279,0.031423960926206224,0.0009464007340457947
MAR,0.05,S1,xgb,1020,0.9520156391076429,0.5350806042078176,0.0166037103161215,0.006472974447477101,0.008935762230570136,0.06515354632414816,0.001506151921455708
MAR,0.05,S2,extratrees,1001,0.9472734246827615,0.5173259283552996,0.0174598744985716,0.008601178140228118,0.009798990031588808,0.09425872775614273,0.0008745498077192663
MAR,0.05,S2,extratrees,1002,0.9430325165804522,0.5041807048586502,0.0177475194612161,0.00855124296916176,0.009513602897185511,0.08465436654444954,0.0012372932396053798
MAR,0.05,S2,extratrees,1003,0.9465257095271549,0.5104883348569926,0.017576468268965462,0.0084794566488231,0.0059601626185746435,0.08889118935034131,0.0010953901658832415
MAR,0.05,S2,extratrees,1004,0.9447750469461376,0.5288281143962614,0.01744305223714162,0.0094709326609411,0.005788038322698438,0.07231307080955506,0.001158282897168579
MAR,0.05,S2,extratrees,1005,0.9470732284874241,0.519987611965963,0.01745471527388384,0.00904758363050092,0.005874086055677315,0.08475254403652326,0.0009360897905434224
MAR,0.05,S2,extratrees,1006,0.9452028282133587,0.5192321873385566,0.01760323004979348,0.01047853812687574,0.00607966242954167,0.07479653281100096,0.0011771518705849535
MAR,0.05,S2,extratrees,1007,0.9419990729295857,0.510358656794667,0.01775030325880984,0.00966447219338204,0.003568332529873951,0.07068553859024894,0.001331469687911501
MAR,0.05,S2,extratrees,1008,0.946118068599672,0.5278726762224256,0.01749007325936414,0.010258153775094819,0.005153023446057904,0.09182597657294551,0.001101146504538646
MAR,0.05,S2,extratrees,1009,0.9435093061787198,0.5070843342965998,0.01768270378239368,0.0082822284008885,0.0064967251395836745,0.08950333677193537,0.0010991362791722464
MAR,0.05,S2,extratrees,1010,0.9417433309531308,0.49559482399680144,0.01788861892571822,0.00902552410001512,0.007952334859999884,0.0856832152916926,0.0009910067566597518
MAR,0.05,S2,extratrees,1011,0.94551206773881,0.5117778245095099,0.01776093361414356,0.00917236972310656,0.004547699681445217,0.08510641017712449,0.0011766371743802526
MAR,0.05,S2,extratrees,1012,0.9447075066287954,0.5020385309872635,0.0177528140610519,0.008391169235264059,0.002641410753826308,0.10146124727652871,0.0009857178908494312
MAR,0.05,S2,extratrees,1013,0.9454432155837134,0.5114682106060021,0.0175659028840891,0.0082357577203074,0.008034411576900177,0.08215248924272764,0.0011430599387444512
MAR,0.05,S2,extratrees,1014,0.9452694597570354,0.5210216685239579,0.01786265620653284,0.01045884931127218,0.003406855435952373,0.08834672142019202,0.0012909932463550052
MAR,0.05,S2,extratrees,1015,0.9439395944139559,0.5075990571819442,0.01779918211068384,0.00961136028886846,0.005197810343078435,0.0818824397027496,0.0012033051102377102
MAR,0.05,S2,extratrees,1016,0.944336703988348,0.5134084845051421,0.01777557705372728,0.0097672952900052,0.007751155601426996,0.09693515761997851,0.0011224782321201366
MAR,0.05,S2,extratrees,1017,0.941839452548092,0.5094414173642818,0.017954519156490163,0.01003844891528244,0.007211905710671247,0.0973929883246116,0.0010118060033320365
MAR,0.05,S2,extratrees,1018,0.9410685661731713,0.4882418026045491,0.0179717439474786,0.00737057862302466,0.006199710800535215,0.0857178178022481,0.001045112154446032
MAR,0.05,S2,extratrees,1019,0.9462979499733322,0.52250073628199,0.017563511215047102,0.01014313806641734,0.005488869596887599,0.0760197431171182,0.001350015509759551
MAR,0.05,S2,extratrees,1020,0.9460447223245673,0.5044135244815596,0.01768569493040928,0.00808404788869788,0.008013834010899787,0.09679711262769414,0.001036535254004873
MAR,0.05,S2,lr_l2,1001,0.8877636181877046,0.395543430109051,0.01948932594570548,0.006304943298512481,0.028802607385748996,0.07450828860464062,0.001549365651858113
MAR,0.05,S2,lr_l2,1002,0.8776278859514791,0.3903471066724876,0.019397322685322023,0.0067237985060316805,0.02968775125587833,0.07999871239078815,0.0018810352424313576
MAR,0.05,S2,lr_l2,1003,0.8794351478543782,0.4034816106398508,0.01936909636655146,0.00694348832452768,0.03261380798875342,0.05834668313237766,0.0017242362113990915
MAR,0.05,S2,lr_l2,1004,0.8816450159772243,0.4020272278530056,0.01930933458983178,0.0058020460026736,0.03135377764893405,0.08180070503384028,0.0010429416850827572
MAR,0.05,S2,lr_l2,1005,0.8807042935122109,0.4001768180525393,0.01937376886990906,0.006388565061490379,0.024961522914182535,0.08384948839866545,0.0014374204638798866
MAR,0.05,S2,lr_l2,1006,0.8836867689641237,0.3934333426919915,0.019314313922251,0.0069784010269220206,0.030515546370878544,0.06604999863177141,0.0015329719230349412
MAR,0.05,S2,lr_l2,1007,0.8782751852223738,0.3865466410560224,0.01949649638985284,0.00563452242646696,0.024777025204901108,0.08037724928184634,0.0014403207655246195
MAR,0.05,S2,lr_l2,1008,0.8823963017814747,0.41346208972707776,0.01893527593569326,0.0062537158016492,0.03392174706493309,0.10890299495994597,0.0020150394773309605
MAR,0.05,S2,lr_l2,1009,0.8783184531398511,0.4091654862652316,0.01922865071118588,0.006708889833507439,0.028259512322208604,0.08908102882207129,0.001560005606008006
MAR,0.05,S2,lr_l2,1010,0.8787665870136628,0.38809577792180683,0.01935258808881232,0.00521656686358078,0.027650962619817455,0.08772940628345254,0.0011741715161764762
MAR,0.05,S2,lr_l2,1011,0.881843991491787,0.3945532630087373,0.01944480047508122,0.00715889851813436,0.0262550712520192,0.09919752805736368,0.0015391680287167588
MAR,0.05,S2,lr_l2,1012,0.8695748626615278,0.3814778552713888,0.0194672843258508,0.00542061806797542,0.028248965119539712,0.07515568843618478,0.0016528186536174426
MAR,0.05,S2,lr_l2,1013,0.8808438036918623,0.3930016670421358,0.01939889125908292,0.00560870156758986,0.030189566694981993,0.09291487443113072,0.0015927874310668435
MAR,0.05,S2,lr_l2,1014,0.8837555607494787,0.40329556385360477,0.01898118036412034,0.00588192553871752,0.03281659235546407,0.07778648972182294,0.0016744617115658233
MAR,0.05,S2,lr_l2,1015,0.8826564530114609,0.40717168915334534,0.01910619619582862,0.006600658212351861,0.025894278222992558,0.08440302829962054,0.0011957744106236405
MAR,0.05,S2,lr_l2,1016,0.8751032045098219,0.37620565988985794,0.01980855571801504,0.0061769649832398,0.033157356596895504,0.10240764495403616,0.001479916634468068
MAR,0.05,S2,lr_l2,1017,0.8752763390951032,0.3990788421425339,0.01908928330365106,0.00561231443387366,0.02460273872285626,0.08892420814516158,0.001219633548274887
MAR,0.05,S2,lr_l2,1018,0.8773947423723032,0.3760299523341281,0.01996386434830318,0.00574392218978144,0.030908459606905116,0.092100856463403,0.001588604852025053
MAR,0.05,S2,lr_l2,1019,0.8888534004053277,0.428792955014807,0.01853686162749816,0.006578178430118859,0.024824337221569626,0.09019825691758489,0.0011404506391467762
MAR,0.05,S2,lr_l2,1020,0.881645371086584,0.3942447324280261,0.01950278290164996,0.00728973985192672,0.023709023976009082,0.10638199151819612,0.0011503256529355166
MAR,0.05,S2,rf,1001,0.9419427270605703,0.5173823355341627,0.01718061707085126,0.0073883972959978604,0.008354548207209486,0.07514750031612091,0.0008709685548359848
MAR,0.05,S2,rf,1002,0.9418248095990878,0.5129386522241598,0.01735188247329822,0.0069672489693532805,0.00809300279002729,0.0771697604485532,0.0011640749297917971
MAR,0.05,S2,rf,1003,0.9454333151778173,0.5248153611939043,0.0172273762011396,0.0068012685464684,0.008099404717991046,0.06966003586575199,0.0010852422201947075
MAR,0.05,S2,rf,1004,0.9397793088283365,0.5333797033739669,0.01704346267975036,0.0075465297882541405,0.006079546775632858,0.0670472693058216,0.001079365764010007
MAR,0.05,S2,rf,1005,0.9442286827872584,0.5154205244871772,0.01711843917662868,0.0074343312110752196,0.006606968409307967,0.07838810669059437,0.0009249418266493279
MAR,0.05,S2,rf,1006,0.9428478859115232,0.523174028816756,0.017216562230870258,0.00855225115329316,0.006004208106960036,0.06491945435465529,0.0010938767111925974
MAR,0.05,S2,rf,1007,0.9422878206184894,0.5204292694729281,0.0172446669921426,0.007778101589975381,0.006766675350108888,0.06376680072157774,0.0010667581243490438
MAR,0.05,S2,rf,1008,0.9421673228312717,0.5363725006043009,0.01696773193273224,0.00796268581497494,0.007198425380958907,0.09328341621806623,0.000982127964223679
MAR,0.05,S2,rf,1009,0.9436895534448274,0.5006942668892065,0.01746673915850378,0.00670738598887286,0.006866277804507586,0.08540618590744549,0.0009165994154905188
MAR,0.05,S2,rf,1010,0.9426948355224326,0.5028608310328817,0.01754979657481766,0.008003409269394381,0.007218379013501861,0.0773337107617392,0.0009530587493310353
MAR,0.05,S2,rf,1011,0.9462156166053104,0.5051711436963725,0.01753911669993352,0.0072075888254275,0.005160953386409517,0.07186709024971394,0.0011259259135180514
MAR,0.05,S2,rf,1012,0.9424159206664171,0.5077554191284903,0.01741284156287936,0.00703543386742872,0.003389510875036251,0.08342460884516639,0.0011149498767882252
MAR,0.05,S2,rf,1013,0.9465179316694037,0.5177900529040753,0.0172006362977704,0.006390056708695959,0.0030624647598673583,0.06740844678060345,0.001145521862872111
MAR,0.05,S2,rf,1014,0.944543049064453,0.5275417595167213,0.0173228130404422,0.00707680524468904,0.004190312728533336,0.06612509826649823,0.0013385962440655775
MAR,0.05,S2,rf,1015,0.9453555544227378,0.5143532063240903,0.017265215683849942,0.0064000845093645,0.007780082183658497,0.07851353897907326,0.0008907428104878982
MAR,0.05,S2,rf,1016,0.94526308927339,0.517337382947374,0.0172878689589506,0.00682025992119636,0.005334647587907629,0.08014658393715944,0.000931696590586609
MAR,0.05,S2,rf,1017,0.94630063614457,0.529696431501992,0.01707939288666766,0.00749440339016616,0.009410018910013496,0.07780350673269838,0.0011045075668612272
MAR,0.05,S2,rf,1018,0.9415963239012252,0.4815279633847348,0.01780984829890086,0.00659170566503182,0.011394157967961853,0.0850790808375165,0.0009028600185041888
MAR,0.05,S2,rf,1019,0.9474307591436549,0.5287406010834761,0.01708639479683836,0.00807711910266866,0.008741752161803413,0.08094348355396835,0.0009201072174467504
MAR,0.05,S2,rf,1020,0.9459513444723605,0.5138234833805034,0.017315550866694777,0.00713501491622724,0.006214176113760551,0.08638739681198583,0.0009669737026132374
MAR,0.05,S2,svm_linear_cal,1001,0.8743426186772186,0.40478204697584674,0.019575649358885838,0.0071612729725057,0.037530109702854954,0.07584843181355433,0.001684667182105994
MAR,0.05,S2,svm_linear_cal,1002,0.865309073283281,0.40247616644825523,0.019329026146791918,0.00704001198781008,0.032458345819854885,0.07304718123081208,0.0017461876619433592
MAR,0.05,S2,svm_linear_cal,1003,0.8672597819881942,0.41962607915739125,0.0192389708413053,0.007316592483944,0.04053272123385676,0.05896085023727236,0.0019675322468098127
MAR,0.05,S2,svm_linear_cal,1004,0.8698943635442967,0.40715246509325953,0.01928878608764826,0.0073463002064564605,0.038195585801586475,0.07864902774961277,0.0011551103617604736
MAR,0.05,S2,svm_linear_cal,1005,0.8693724195273831,0.40342511786731816,0.01954878348834958,0.00654551848002904,0.03019483609737066,0.09318198021926533,0.001384560327795818
MAR,0.05,S2,svm_linear_cal,1006,0.8712425080667756,0.40709684134300783,0.01940321394983488,0.00658515096346422,0.03981453618066786,0.06501001616959728,0.0017250474009179212
MAR,0.05,S2,svm_linear_cal,1007,0.8640859026338223,0.3950971714452246,0.01955486213485364,0.005039373417913219,0.029659013789017308,0.0700294251139652,0.0016273828509400482
MAR,0.05,S2,svm_linear_cal,1008,0.8683355376768886,0.42289922433416294,0.0190273134887941,0.00667701555164016,0.03919723882403832,0.09586941509567513,0.0018068812613997144
MAR,0.05,S2,svm_linear_cal,1009,0.8660130751043464,0.4161329834183302,0.019382460919404883,0.00826560350409084,0.03215317074097758,0.09316699075644194,0.001560523812965774
MAR,0.05,S2,svm_linear_cal,1010,0.8664930157659383,0.4003065842656218,0.0192854532073224,0.0053007637272340395,0.03401455689316861,0.08448598360681883,0.0012212552351659573
MAR,0.05,S2,svm_linear_cal,1011,0.8703680819120224,0.40186201504590857,0.01937953459104734,0.008023967692286579,0.032138331990690286,0.0924306738689038,0.0011928587888115484
MAR,0.05,S2,svm_linear_cal,1012,0.8586689678068098,0.3928506512742667,0.01943492862806554,0.00664011549285876,0.03531059388495947,0.07377703336490626,0.0016688197938536547
MAR,0.05,S2,svm_linear_cal,1013,0.8691253079255876,0.4005772874363166,0.01954946957392284,0.0060438680210502995,0.03783278597264991,0.08989208050466763,0.0017607131599397133
MAR,0.05,S2,svm_linear_cal,1014,0.8742358471214702,0.41275127792510197,0.01902124597383832,0.00757556096749284,0.03877981383166558,0.08132249522219274,0.001845560019770087
MAR,0.05,S2,svm_linear_cal,1015,0.8695658284903132,0.4158958610855974,0.0190516685779864,0.0086230017644745,0.032868514142362235,0.07421411424176313,0.0014209294274370565
MAR,0.05,S2,svm_linear_cal,1016,0.8638357736243428,0.3833160545261607,0.019937435184772277,0.0068395322813451,0.03666771093857542,0.10164439758056355,0.0014591557825864299
MAR,0.05,S2,svm_linear_cal,1017,0.8634548800217935,0.4062359068550604,0.01922629223442494,0.006850956427027701,0.028597563272968432,0.08523720688586928,0.0013796740101160148
MAR,0.05,S2,svm_linear_cal,1018,0.8639851898298454,0.38708257413883673,0.019587754279890318,0.00644921655738102,0.03451586125172109,0.09149809078308015,0.0015291634471737358
MAR,0.05,S2,svm_linear_cal,1019,0.8785437550599402,0.43472592764289003,0.01869674335075664,0.00674725568680474,0.0317005296612103,0.08439180908049845,0.001257711034839382
MAR,0.05,S2,svm_linear_cal,1020,0.8703027493491223,0.4041923241135609,0.019583777041753358,0.00804451972341934,0.028797959632932347,0.10477632420352677,0.0012183599878064072
MAR,0.05,S2,xgb,1001,0.9537723384106723,0.5227150041829832,0.01676902491599318,0.00603043508800958,0.00878747026439174,0.07100823889536,0.0009049220482044755
MAR,0.05,S2,xgb,1002,0.951710228145188,0.5404482129054966,0.0163337251171469,0.0065561620335986,0.006788369291116879,0.07845554201607853,0.0006503355432666673
MAR,0.05,S2,xgb,1003,0.9538550781006722,0.5426212531796262,0.01638115737587208,0.0064963220232469605,0.005784600049672944,0.07524459174839064,0.0010837010475761271
MAR,0.05,S2,xgb,1004,0.9488864779878341,0.5290927819444002,0.01678692605346436,0.00910003732965098,0.005891934074018862,0.0750429549058786,0.0008618114648565353
MAR,0.05,S2,xgb,1005,0.9530504097619911,0.5330036147980711,0.01648306045681232,0.007105497991667641,0.006479559694907507,0.07128502709676056,0.0008468328524668
MAR,0.05,S2,xgb,1006,0.9499736460189677,0.5414367475649116,0.01640219315886492,0.00626319058979802,0.01153397125502838,0.09457202089497593,0.0004955664550823944
MAR,0.05,S2,xgb,1007,0.951901101990339,0.535077134390892,0.01653657928109162,0.006556043006900559,0.005941913305022294,0.0680697802201239,0.0009618218411019223
MAR,0.05,S2,xgb,1008,0.9528296690099163,0.5370869956447633,0.01647461969405406,0.007924216443447,0.007303617197236576,0.08858065318566866,0.0010359627505063282
MAR,0.05,S2,xgb,1009,0.9509495082367344,0.5317641094174655,0.01675770282745356,0.00841457600045706,0.00871819498394081,0.0948995065886007,0.0008981881687151916
MAR,0.05,S2,xgb,1010,0.9505176042036869,0.5157423780926013,0.01676630340516562,0.0073533513249362,0.009270899238777183,0.09216864988265135,0.0003368644039014559
MAR,0.05,S2,xgb,1011,0.9539927252376188,0.5228936930200438,0.01672327872365706,0.00653189826035318,0.006581332932853215,0.09280033616205588,0.0010695800542256566
MAR,0.05,S2,xgb,1012,0.9464164189796559,0.5204214832501929,0.01696482244879002,0.009116103521366482,0.005866472902359447,0.07027842409362803,0.0009267169617093193
MAR,0.05,S2,xgb,1013,0.9548831639498617,0.5361227809529983,0.016675559431314418,0.00774021392172308,0.006201726191333611,0.06942771979076118,0.0013592665352486475
MAR,0.05,S2,xgb,1014,0.9529229019182648,0.5463187386968923,0.016150935366749698,0.00633880422467564,0.005971920956868899,0.08613955453385015,0.00039080407939963836
MAR,0.05,S2,xgb,1015,0.9522713080363975,0.5208550188435297,0.01699325107038016,0.008511606107792299,0.0039119804837829284,0.08467349217002859,0.0006464476178595391
MAR,0.05,S2,xgb,1016,0.9522528125328241,0.5227201536947714,0.01671639103442426,0.0057619396088322795,0.00867259372022787,0.08925927331585493,0.000952822107416631
MAR,0.05,S2,xgb,1017,0.9545319582921623,0.53778365479814,0.0164077995344996,0.00622822792202858,0.005978214497997722,0.11301994239950881,0.00124554280810626
MAR,0.05,S2,xgb,1018,0.9472049865239681,0.4930349898923147,0.01760582812130446,0.011048931473172981,0.007402447039185839,0.10968334226358765,0.0009864379089355908
MAR,0.05,S2,xgb,1019,0.9573046493082037,0.5471798205022239,0.0163034321740269,0.0072893092780325405,0.003954847406366216,0.08605735378374037,0.0006779700670990777
MAR,0.05,S2,xgb,1020,0.9515310502065428,0.5138657933800795,0.0170905485749244,0.008553816181317819,0.005421406773248997,0.0864369141271422,0.0008626261631105333
MAR,0.1,S1,extratrees,1001,0.9452388533575175,0.5059039340591394,0.01813992830232938,0.00893439866359254,0.013612554421644723,0.06368623146516005,0.0011928098627808955
MAR,0.1,S1,extratrees,1002,0.9429429150732848,0.5138396394826197,0.018044301060643,0.0081958822113574,0.011062779152968116,0.08276148046808322,0.0009446841141307022
MAR,0.1,S1,extratrees,1003,0.9409805152042405,0.5188251331977037,0.01812602229153032,0.0100126032748279,0.011052251403167165,0.040425917375194666,0.0003699423852477901
MAR,0.1,S1,extratrees,1004,0.9397481558958143,0.4956698117670724,0.018181319503369396,0.007993781759754801,0.014311662627054994,0.09348606152578567,0.0013518287751004992
MAR,0.1,S1,extratrees,1005,0.9423224718640911,0.5015555458648647,0.01844377237099146,0.00981176197065036,0.013659204755693632,0.05002206204721535,0.0005555016729381974
MAR,0.1,S1,extratrees,1006,0.9397396575067877,0.5228200442634822,0.01794063665160148,0.009524743449201779,0.014112167651631431,0.032901790362824944,0.00040805378677566753
MAR,0.1,S1,extratrees,1007,0.9422750779497416,0.509686842872926,0.0180871478384463,0.008400097030842199,0.002233786273294318,0.011464037252345535,0.0002843311022770741
MAR,0.1,S1,extratrees,1008,0.9394309002426017,0.505364911526532,0.01793961230836772,0.00778647720045228,0.008032333850690354,0.05431015362933912,0.0008213099048520622
MAR,0.1,S1,extratrees,1009,0.9413156694660776,0.5264874096844472,0.01783341635722522,0.007913466866765442,0.011414253456336098,0.06397357874553815,0.0007196171002862078
MAR,0.1,S1,extratrees,1010,0.9446404257167396,0.519109950329198,0.0179390688361867,0.00917362876113008,0.016133645092095722,0.052906921038033475,0.0007692285972219247
MAR,0.1,S1,extratrees,1011,0.9435728712847862,0.5286500842406907,0.017625546110720543,0.008946835189958641,0.006947730647230374,0.04412397543055592,0.0007586641475797063
MAR,0.1,S1,extratrees,1012,0.942609721828715,0.5181737419331657,0.01784628605321546,0.0085294376220269,0.014479763981802564,0.05908045940884469,0.0008725229243209131
MAR,0.1,S1,extratrees,1013,0.9413986562294934,0.5203690066938058,0.01787610876945926,0.009174892310350501,0.014978584053936195,0.07329875859675408,0.0011191181985968272
MAR,0.1,S1,extratrees,1014,0.9393264776871912,0.5163316099118755,0.01805239781913104,0.00999657612552254,0.01079444874890629,0.04856286235361666,0.0007625939814718618
MAR,0.1,S1,extratrees,1015,0.937427283272742,0.5035628678450318,0.01813340485024868,0.0073957104435492995,0.018450235716710357,0.06239173613878892,0.0009074010440358492
MAR,0.1,S1,extratrees,1016,0.945850067610517,0.5125982397454157,0.017926565657826198,0.008976886392546301,0.011324791094029106,0.0609454923150062,0.0009697109902670418
MAR,0.1,S1,extratrees,1017,0.9401168143852937,0.5201652007371844,0.01799284844600364,0.00826697238614756,0.009410199843772959,0.04991220631991148,0.00044160315235857085
MAR,0.1,S1,extratrees,1018,0.9445891002729885,0.5202550071639667,0.017896766274479857,0.00784668969883872,0.009007293764010951,0.039256542185972236,0.0004918641611293081
MAR,0.1,S1,extratrees,1019,0.9416531646463419,0.5123660843340134,0.01798044544959822,0.00847162679443524,0.006373069500232217,0.04347891852172879,0.00079866588130301
MAR,0.1,S1,extratrees,1020,0.9448767810723968,0.4998792552660968,0.018181675324302198,0.00847011989149388,0.008056117007453846,0.07096157944348552,0.0011552601487620933
MAR,0.1,S1,lr_l2,1001,0.8709845624484384,0.37646453633890886,0.019583393202625702,0.00500973102718588,0.024652529601344765,0.06045298575350099,0.001121261938269003
MAR,0.1,S1,lr_l2,1002,0.8676995060157274,0.40425816341067816,0.01911612901317006,0.00584443118702248,0.03322483933304896,0.06901653989593062,0.0010592166853799208
MAR,0.1,S1,lr_l2,1003,0.8732720257146263,0.3868267339442017,0.01946484902635804,0.00444075636203074,0.02032386812572028,0.05868961251143819,0.0012338883704011052
MAR,0.1,S1,lr_l2,1004,0.8742169328042569,0.3992024651009068,0.01921363930716704,0.0054065919476405004,0.034496228059409426,0.07882285301789682,0.0016026827794127234
MAR,0.1,S1,lr_l2,1005,0.874916039732233,0.4071785417673316,0.01911431831944728,0.00575301654760486,0.03774628985444125,0.06863592917576467,0.0014877707917064957
MAR,0.1,S1,lr_l2,1006,0.8786747633178973,0.4022036478459011,0.0191300726253625,0.00469529553866632,0.015313123894459145,0.02534754197143022,0.0005040193379153324
MAR,0.1,S1,lr_l2,1007,0.8715363004078023,0.38994740350203,0.01933883237222772,0.0052688282260889,0.023216691260537974,0.029592240039684393,0.000888576712852992
MAR,0.1,S1,lr_l2,1008,0.8733526496274069,0.38033105826679536,0.01957769394687192,0.00577725470990576,0.026813617273314168,0.06514511939618418,0.001336496142877654
MAR,0.1,S1,lr_l2,1009,0.8733815774096604,0.4076666883626213,0.01900081884002218,0.00528610997727154,0.019342469343107155,0.05226218225766102,0.0010203636874562998
MAR,0.1,S1,lr_l2,1010,0.8748288095995191,0.4001720211989606,0.0190404191970673,0.0066794224073614406,0.03557765232583877,0.02707351919280214,0.0005099600250573559
MAR,0.1,S1,lr_l2,1011,0.8711422361629724,0.4002321766219571,0.01896482685852626,0.00490330772211052,0.010930492283173719,0.03542602038275716,0.0008576932366573354
MAR,0.1,S1,lr_l2,1012,0.8726379456507247,0.40532907503603416,0.01903331480226464,0.0062931011010948805,0.013649274418825911,0.0614482557601463,0.0010680616424564983
MAR,0.1,S1,lr_l2,1013,0.8785038043470086,0.39442704768922704,0.01933833511903708,0.0062585979165944395,0.022316432698783945,0.08479843516022459,0.0017803515599112635
MAR,0.1,S1,lr_l2,1014,0.8796748559250542,0.4175224122548594,0.018836552513531758,0.00430313790670242,0.011679126178143137,0.04752656992862225,0.000998180517737802
MAR,0.1,S1,lr_l2,1015,0.8602630762176119,0.38568881003744815,0.01948980516606644,0.005192057381061739,0.012527450976473472,0.0449631165555557,0.0008433561338710889
MAR,0.1,S1,lr_l2,1016,0.8694641503604895,0.39888308647186843,0.01927565381578156,0.00614350900488634,0.02628591658411369,0.051888272358691014,0.0008729177938275393
MAR,0.1,S1,lr_l2,1017,0.8746787554378475,0.3988030094371139,0.019094261533690322,0.00540677452911602,0.02234208944948095,0.06895564289581543,0.0013584881566839997
MAR,0.1,S1,lr_l2,1018,0.8713262174374575,0.4005068562255813,0.019250533882376242,0.0045698381362617,0.023858106134243877,0.031165868120364114,0.000693927720982386
MAR,0.1,S1,lr_l2,1019,0.8730626840555038,0.3979354758144095,0.01925632537692048,0.0049603923441419,0.018285749491861597,0.04344469099128751,0.0010549689358682766
MAR,0.1,S1,lr_l2,1020,0.8682562976907743,0.3914094695202193,0.01923428878372706,0.00571031552282698,0.025740621563912217,0.08276106871382469,0.001786003116612813
MAR,0.1,S1,rf,1001,0.9438042546413881,0.5039690419950917,0.017731530124663643,0.0071485976227489605,0.012094252207194253,0.042368522262925534,0.0007494281763317128
MAR,0.1,S1,rf,1002,0.9375909663109404,0.5041859297237431,0.017777807525028298,0.00699767531119026,0.009784313289224985,0.07539646200559695,0.0010945291571919308
MAR,0.1,S1,rf,1003,0.9436744372071327,0.5231132023830035,0.01744246618788986,0.0071892211795994004,0.014911614298683106,0.04162313176078933,0.0004845343227939613
MAR,0.1,S1,rf,1004,0.9400789762053481,0.4849003422818351,0.01790659930128086,0.00678213527644376,0.014516107848974816,0.08212209289280656,0.0013241347923822306
MAR,0.1,S1,rf,1005,0.9384570201402459,0.4975541465974322,0.01783380122463574,0.00639262906239872,0.0222761494163044,0.04830047713957089,0.0005889332135381787
MAR,0.1,S1,rf,1006,0.9373665893117566,0.5031266706178791,0.0178296714710631,0.00679897142548966,0.01261854097073475,0.025663759153066717,0.00036967840711206776
MAR,0.1,S1,rf,1007,0.9384097209460249,0.5047037059158879,0.01771446955269276,0.00669696258012858,0.006309603835135062,0.03064570606246101,0.0004977955663913971
MAR,0.1,S1,rf,1008,0.9381447236851589,0.5123768500818648,0.017585836497335118,0.00633531765632824,0.008127173068140061,0.06015736834994092,0.0009622525492833901
MAR,0.1,S1,rf,1009,0.9374910946042536,0.5129412422449724,0.017531547819858162,0.00648226079908734,0.011774149282119332,0.06472199897473861,0.0008931163582271663
MAR,0.1,S1,rf,1010,0.9424632033804752,0.527252780114745,0.017274852059463698,0.008570125304335239,0.01910703007041541,0.06751358356017784,0.0011324951342238001
MAR,0.1,S1,rf,1011,0.9357999477188107,0.5103888866711859,0.01749162230686778,0.00730741568610718,0.00807937092275161,0.04204802127766711,0.0008187063265873012
MAR,0.1,S1,rf,1012,0.9420687534923762,0.505741644909353,0.01761978561135726,0.006975133851905039,0.014041712066776322,0.051804423513241424,0.0008734587321374145
MAR,0.1,S1,rf,1013,0.9375532293931281,0.4989420583044663,0.01772015141138872,0.007365432477041101,0.010681341714555165,0.06463154603383686,0.0010611185835341691
MAR,0.1,S1,rf,1014,0.9390904835260401,0.49946408090898775,0.01776982145224858,0.00602852336579838,0.011689276359269469,0.047295401033915795,0.0009562611555621413
MAR,0.1,S1,rf,1015,0.9392275174513787,0.5063732610315762,0.017646518747175842,0.0060746465460472,0.020953209248472715,0.05641282733292997,0.0008319422592040228
MAR,0.1,S1,rf,1016,0.9416101408458184,0.5025688732040188,0.017732951125939138,0.007502032007718,0.013157337909014643,0.07746231135143958,0.0012076295061135963
MAR,0.1,S1,rf,1017,0.9405189657428563,0.5071886146110711,0.01764382075491758,0.00608226822044048,0.008148381490093906,0.06634547330377473,0.0008591747004626105
MAR,0.1,S1,rf,1018,0.941673955974238,0.5158330024950335,0.0178124533870926,0.00781434606046072,0.010694597940451162,0.03932206423232013,0.0007778504462051503
MAR,0.1,S1,rf,1019,0.9401501386078138,0.49627240960419006,0.01806473168295546,0.00673570377945166,0.0067570219262717765,0.06189673180247084,0.0012576435041233632
MAR,0.1,S1,rf,1020,0.9426343818266691,0.5025087211761925,0.01767393542824674,0.00652443970231154,0.011675011850546233,0.08282732968825199,0.0012749143159901978
MAR,0.1,S1,svm_linear_cal,1001,0.8599386257146528,0.39107195842777964,0.0195006141328431,0.00634640726807726,0.031231309215013547,0.06651662903684241,0.0012885496792835692
MAR,0.1,S1,svm_linear_cal,1002,0.8525615108285987,0.4004466338899628,0.01941756483540452,0.00597115739979096,0.03844474800898602,0.07507971793008102,0.0007992851875452812
MAR,0.1,S1,svm_linear_cal,1003,0.8640235659887814,0.3998855879283328,0.0193167591441904,0.0049908137796994805,0.02930558072564087,0.0605485149648654,0.0012418081899597932
MAR,0.1,S1,svm_linear_cal,1004,0.8643480671708529,0.4021503663082483,0.01935630694087064,0.0066995104178049604,0.039344787889413375,0.08666768034672807,0.0015151939327372205
MAR,0.1,S1,svm_linear_cal,1005,0.8606668809701781,0.41526996153534146,0.01927357242290694,0.00797939333207386,0.039518988559051435,0.06717858292030882,0.0013061798408530183
MAR,0.1,S1,svm_linear_cal,1006,0.8668004763055365,0.4099581353689895,0.01916008017709242,0.007085628173305859,0.02210138434986101,0.018586109080306036,0.0005094054944608519
MAR,0.1,S1,svm_linear_cal,1007,0.8643194251773441,0.394850800808569,0.0194236971098808,0.00587105547165398,0.030539754210517023,0.031121949818603358,0.0010280746973464151
MAR,0.1,S1,svm_linear_cal,1008,0.8553031686415616,0.3819461494871502,0.019816807984541978,0.00587326236362996,0.027264530174462495,0.054871256537972084,0.0012863627057247563
MAR,0.1,S1,svm_linear_cal,1009,0.8585680155796723,0.40774836289613886,0.01920156488530314,0.00619868535169796,0.021598006041244035,0.04851491789410296,0.0007111360921299776
MAR,0.1,S1,svm_linear_cal,1010,0.8627781989281097,0.40721376458055375,0.0192042220601121,0.007494049840988701,0.0426144387393739,0.02900319158237481,0.00034548934598754416
MAR,0.1,S1,svm_linear_cal,1011,0.8583036435490465,0.40845892846480425,0.019007205080469557,0.00656887715633928,0.01684542482524054,0.03326287802891549,0.0008163035698503802
MAR,0.1,S1,svm_linear_cal,1012,0.8639838349099674,0.4095232440798312,0.01926279029012762,0.00667662795194012,0.017585208586841046,0.05785368517528081,0.0007726980737337993
MAR,0.1,S1,svm_linear_cal,1013,0.8651959928577989,0.39531267070427234,0.01955836572749316,0.0076779956533336,0.02635759023924647,0.08740347086458375,0.0015383031069876804
MAR,0.1,S1,svm_linear_cal,1014,0.8674494526159305,0.42028226161914706,0.0190739784696781,0.00625727298395542,0.014392154201435066,0.06016239513862749,0.0011866287174347374
MAR,0.1,S1,svm_linear_cal,1015,0.8463827813572389,0.38905875423383945,0.01983214421162626,0.00661852391526014,0.01979506870521038,0.03905179844613179,0.0009540622833434812
MAR,0.1,S1,svm_linear_cal,1016,0.8579914085093355,0.4034068690708845,0.0194374151163637,0.00618231711162498,0.02469761156255096,0.043176687406829485,0.000784425163066987
MAR,0.1,S1,svm_linear_cal,1017,0.8654670872153108,0.4119696786386383,0.0191445219097679,0.0070171694966323596,0.026134530688791853,0.060583158680186114,0.0010886211456833973
MAR,0.1,S1,svm_linear_cal,1018,0.8602939742133374,0.41028863603714455,0.01924078033419464,0.0062859505083414004,0.022244010469521236,0.03271319664771501,0.0009657889827003197
MAR,0.1,S1,svm_linear_cal,1019,0.8630602109335193,0.40631281822253695,0.01933809166672766,0.00622199772527542,0.025148118250095598,0.03957734571880787,0.001141720403771201
MAR,0.1,S1,svm_linear_cal,1020,0.858353428663585,0.3973917526543783,0.019358074569735338,0.00606387082942488,0.030913522202333007,0.07806181710921203,0.0016066111550024935
MAR,0.1,S1,xgb,1001,0.9499476079627254,0.5037088624374662,0.01724199764430518,0.007259529527562761,0.006030660033381082,0.042869747630733306,0.0007756201005763416
MAR,0.1,S1,xgb,1002,0.9466753895770943,0.49591563550820583,0.01762594915926454,0.007235016529242739,0.007880234928373829,0.08710306586680118,0.00180995494770951
MAR,0.1,S1,xgb,1003,0.9446531494280646,0.5137112351943236,0.01707134209573264,0.0059934020708455795,0.008609374605483762,0.03850261195126857,0.0009373423098542556
MAR,0.1,S1,xgb,1004,0.9439355857200209,0.4883439921986142,0.017650945484638157,0.00813847362943578,0.017179006603017473,0.05933877138456865,0.0011882134365235487
MAR,0.1,S1,xgb,1005,0.9496754796931473,0.5020054819573415,0.0173474512994289,0.00677248663333162,0.010517746154694503,0.039907878483401715,0.0007954716556760565
MAR,0.1,S1,xgb,1006,0.9415970937662287,0.5269011629260041,0.01699990183115002,0.00598883565870292,0.013978427517366346,0.04645241593133609,0.0009653366686941604
MAR,0.1,S1,xgb,1007,0.9468763243261826,0.5052509969873049,0.01736820265650744,0.00624711662030114,0.006444571793483391,0.009106376405083355,0.00026989319207734296
MAR,0.1,S1,xgb,1008,0.944541372560564,0.49265924494071056,0.01756993718445298,0.00760382633822506,0.011827242859240052,0.04964645398792119,0.0011536796749637669
MAR,0.1,S1,xgb,1009,0.9445689627352483,0.5146646033306441,0.017118370905518498,0.00737120915534472,0.012404379724447865,0.06198710823586481,0.0012278414021011299
MAR,0.1,S1,xgb,1010,0.9473934815539831,0.5288956723408014,0.01682219766080376,0.006770994815918819,0.02470487125380903,0.07366962443186506,0.0015505905590533669
MAR,0.1,S1,xgb,1011,0.949097392750657,0.5128481528028044,0.01714810281991954,0.00742730782987448,0.006712972879415077,0.026801781517645718,0.000555424761527173
MAR,0.1,S1,xgb,1012,0.9508424891068529,0.5285359361748789,0.01695771813392638,0.00818050836928468,0.010730132551118836,0.04400418809238428,0.0008016736745088954
MAR,0.1,S1,xgb,1013,0.9476878332090607,0.5194588991646091,0.017001051455736122,0.007536630594344481,0.005878884085074166,0.04582829383109391,0.0009543110920374846
MAR,0.1,S1,xgb,1014,0.9441838635069694,0.5141340220194441,0.016903853416442818,0.00557474040369438,0.014852336360934996,0.06287061098520065,0.0012842286233721574
MAR,0.1,S1,xgb,1015,0.9430664943123919,0.5056082416836165,0.017403113469481417,0.00732297649033536,0.011857793039801775,0.05840863679171554,0.0011734510916896765
MAR,0.1,S1,xgb,1016,0.9472510122639776,0.5090043907309271,0.01717689465731376,0.00790208795661416,0.007147267855569958,0.05280873546610908,0.0011931191240011124
MAR,0.1,S1,xgb,1017,0.9458692686832368,0.5111207882577504,0.0173104671761393,0.009695393661571761,0.005646179357460466,0.0584106364215547,0.0010645486003412513
MAR,0.1,S1,xgb,1018,0.9485074639845565,0.5009130386078418,0.017473832517862258,0.007117045115287201,0.008189997371905025,0.02009887244680581,0.0005558003160851147
MAR,0.1,S1,xgb,1019,0.953153048247479,0.5220725549236941,0.01687049902975556,0.00719671600160844,0.007427157284928947,0.055070371881275,0.001143318412074381
MAR,0.1,S1,xgb,1020,0.9464219389263476,0.47569441111853283,0.01778220087289806,0.00666770518975926,0.0023414459824620455,0.03223117951946861,0.0009458204288210842
MAR,0.1,S2,extratrees,1001,0.9414884455841955,0.5069943823663732,0.01783504354921852,0.009622241492736161,0.0048940323476034395,0.06197103241030975,0.0013695319212491995
MAR,0.1,S2,extratrees,1002,0.9420442708115043,0.5049334124725453,0.01801860118549374,0.00811147744417008,0.009119742088110002,0.07805838369753876,0.0012192122889444247
MAR,0.1,S2,extratrees,1003,0.9413980992917587,0.49247302535791276,0.01812805979847648,0.00957361780292988,0.006814484667014929,0.08271368494517413,0.001442466691301631
MAR,0.1,S2,extratrees,1004,0.9401577808848213,0.48898790326123825,0.01822460827154488,0.00896553630389722,0.009032517903709004,0.09791532738885128,0.0012579600923695456
MAR,0.1,S2,extratrees,1005,0.9352237508388758,0.48692794771742404,0.018029382840569503,0.00783315844480476,0.008442708802889637,0.08204028265854524,0.0011608711217589514
MAR,0.1,S2,extratrees,1006,0.9420373526079031,0.5010267960249715,0.0181665350006107,0.00981421096561612,0.0046735658879991995,0.07312158530973929,0.0014080168538388239
MAR,0.1,S2,extratrees,1007,0.9396996303414102,0.5027717546070585,0.01808301682358422,0.00951085029019256,0.0054784519813831315,0.08386526085831443,0.0013500766886824622
MAR,0.1,S2,extratrees,1008,0.9399572611017077,0.4959875428636611,0.01814766130106274,0.00964075620735714,0.0036174714683714637,0.10015475119118938,0.0012305239227228457
MAR,0.1,S2,extratrees,1009,0.9387456598048411,0.49232339518700063,0.018242105047646482,0.009210572686016879,0.004053941803398616,0.09283244446784686,0.0013965206457995734
MAR,0.1,S2,extratrees,1010,0.9395266649240831,0.49727537144165473,0.01807684417712558,0.0097489833099163,0.012761912538004377,0.09846518674455501,0.0009577303087855698
MAR,0.1,S2,extratrees,1011,0.9445031561173195,0.5006260301964821,0.01788091640608468,0.009009329685298101,0.0029015454765707535,0.08101155653151357,0.0011795856966325198
MAR,0.1,S2,extratrees,1012,0.9358295468896127,0.4623932839827525,0.01874575042456126,0.00969117002626738,0.0042530780949335744,0.10933254359477751,0.0010358881642155867
MAR,0.1,S2,extratrees,1013,0.9423205012255451,0.4758162412317374,0.01808469104504336,0.00926244738216828,0.004865662306092011,0.0972559187483104,0.0011399232173646783
MAR,0.1,S2,extratrees,1014,0.940031116162691,0.48536778712086026,0.01826850224075314,0.009362007434415981,0.005990407382244737,0.08205006444014551,0.0016085409190936515
MAR,0.1,S2,extratrees,1015,0.9438281925278142,0.48481343052162024,0.01812882596178256,0.0084763081899095,0.006973669916039097,0.09951937354299997,0.0008486409314359041
MAR,0.1,S2,extratrees,1016,0.9407693146206754,0.4973659930794003,0.0180929559060272,0.0107056595416543,0.010515386136846647,0.09947068996440564,0.0010783632141751313
MAR,0.1,S2,extratrees,1017,0.93611411586079,0.4929805134935223,0.0179979488598265,0.00789578198451496,0.010360387081888047,0.07853528863546969,0.0010964237229504894
MAR,0.1,S2,extratrees,1018,0.9389812114153926,0.4816933636260453,0.01808938985603408,0.0086908610364873,0.003829269489330402,0.09178153747417025,0.0010339661137152441
MAR,0.1,S2,extratrees,1019,0.9411762194181315,0.48570966860881254,0.01818189387314342,0.00873400716590288,0.005370139116357062,0.08682700059416654,0.0013511455416361816
MAR,0.1,S2,extratrees,1020,0.9364622057713262,0.4674515520615756,0.01847142330133632,0.0089070911286698,0.010586595281985469,0.10753091099871274,0.0011614406574296918
MAR,0.1,S2,lr_l2,1001,0.8724322983004402,0.37772604338371946,0.019584399987365102,0.0048763197783520795,0.02430380050805994,0.05376030089560759,0.0017429565898168808
MAR,0.1,S2,lr_l2,1002,0.8664221355106043,0.36639532728297824,0.019773449474047338,0.00595047108999616,0.03074219386101127,0.10433905300688084,0.0013100002034853175
MAR,0.1,S2,lr_l2,1003,0.8822341680388,0.38624801600134057,0.01968865605584868,0.00627549116334448,0.029431806282006805,0.06521179313811934,0.0016526274293524941
MAR,0.1,S2,lr_l2,1004,0.8708430999163923,0.3705995211936499,0.02004167373754118,0.006780257585393119,0.03795060698455906,0.10837191559378025,0.0019964591953937636
MAR,0.1,S2,lr_l2,1005,0.8752216938586905,0.3711470612525348,0.019750119972704698,0.0056600642475210005,0.0302054943034262,0.0846363397530784,0.0011931238709645229
MAR,0.1,S2,lr_l2,1006,0.8745561434551211,0.3728649436490563,0.01975345178379988,0.006696483373419359,0.036713281942452436,0.08338217822083299,0.0011558964466981028
MAR,0.1,S2,lr_l2,1007,0.865124966777592,0.38219441612457056,0.01963403105165914,0.00566742027986044,0.028898227642413735,0.08685323404514197,0.001655235557942121
MAR,0.1,S2,lr_l2,1008,0.8699695555315389,0.3539982677496318,0.019912618363163482,0.0068103785136884604,0.036050050299780825,0.09771377553267072,0.0015486370080966152
MAR,0.1,S2,lr_l2,1009,0.8598081037224178,0.3857771601364269,0.01954187160034394,0.00546278841405914,0.02936215327954913,0.0678157449547391,0.0016252386954531183
MAR,0.1,S2,lr_l2,1010,0.874133807690734,0.36718706599630363,0.020018782836138498,0.00646184327292328,0.033720070440847745,0.10108616225545151,0.0016622640863074043
MAR,0.1,S2,lr_l2,1011,0.888649047589235,0.3878569237203773,0.019292951078113678,0.00614935487898126,0.02040734064310654,0.08324224036782242,0.0014540458248940937
MAR,0.1,S2,lr_l2,1012,0.8702536233992074,0.365861682081417,0.01970424457685854,0.00489085277449244,0.03896708062120139,0.09715402089222844,0.001183818943327943
MAR,0.1,S2,lr_l2,1013,0.8710257613608645,0.3630424893121328,0.02013229475514372,0.006361639845832459,0.0296468924936228,0.09153263713815678,0.0014168890882671988
MAR,0.1,S2,lr_l2,1014,0.8737282587428199,0.3737518707461686,0.01974515239983046,0.00651281871144848,0.03827022157655604,0.094854081651821,0.0016562596664355367
MAR,0.1,S2,lr_l2,1015,0.8719317531934013,0.3733084683836507,0.0195932779276179,0.00698245118087176,0.029907097386828767,0.0736809392569576,0.0009887168020927593
MAR,0.1,S2,lr_l2,1016,0.8708201386365593,0.3753872212214912,0.0198095692288636,0.005342413387749019,0.03793465921461953,0.07408649743727425,0.0019888664457881153
MAR,0.1,S2,lr_l2,1017,0.8772080147110988,0.38248406486910336,0.01949024893867232,0.0060243163215126195,0.036051921475510645,0.09630074491720483,0.0009792216234194241
MAR,0.1,S2,lr_l2,1018,0.8647539321650631,0.38869625066641367,0.01929392577657214,0.0069882462520696,0.03333178533835938,0.11031284589021664,0.001355675627960777
MAR,0.1,S2,lr_l2,1019,0.872556174016576,0.39694353732536775,0.01911101926894678,0.00614966972130098,0.03407926892080068,0.06887903738838301,0.0013786133668195059
MAR,0.1,S2,lr_l2,1020,0.8784736568142041,0.36319251840368555,0.02011304208166566,0.00673523147033292,0.03455683244878541,0.09119391987343381,0.0014673354012025084
MAR,0.1,S2,rf,1001,0.941209910205791,0.4995315923530569,0.017670043274122478,0.007427527191859839,0.006815318128644577,0.06316885168883075,0.0012717804102355275
MAR,0.1,S2,rf,1002,0.941135117530675,0.49928029878105845,0.01778391322172892,0.00654578726246702,0.005015026518909193,0.06519168372992376,0.0012939907896929955
MAR,0.1,S2,rf,1003,0.9407647517576464,0.4969779425852899,0.0177023116149241,0.00744952131418562,0.004822904739863627,0.0787554971347569,0.0012508523501290586
MAR,0.1,S2,rf,1004,0.9422578604687375,0.4986501586099279,0.01760845767166392,0.00748982629466328,0.005583223587064533,0.09445566843228559,0.0008691866712751571
MAR,0.1,S2,rf,1005,0.9388833293245493,0.4894552902780231,0.01777017895570292,0.00665472471111912,0.007552571180768117,0.07027586230732027,0.0010633601030199838
MAR,0.1,S2,rf,1006,0.9450624707855855,0.5034669912780938,0.01760480033041898,0.0076573585541277415,0.00510542301636546,0.08628122743783723,0.0009453439327471231
MAR,0.1,S2,rf,1007,0.9381764862227466,0.49892268445097654,0.01763990235981274,0.0069009036315425595,0.0038813441317277386,0.07483780287993394,0.001094303341548643
MAR,0.1,S2,rf,1008,0.9365334339302562,0.5034186888664371,0.01760624878684204,0.00731416827982582,0.010316216266880502,0.09811730057031767,0.000984714719852367
MAR,0.1,S2,rf,1009,0.9375230220090692,0.491715831151094,0.01772985676862324,0.0068425131573303,0.0038478039782761835,0.0909491906859671,0.0009257550061703872
MAR,0.1,S2,rf,1010,0.9359939419547836,0.486882632799235,0.01781112628284946,0.00730048674671384,0.00695326620980744,0.09191834364404187,0.0007810566145805054
MAR,0.1,S2,rf,1011,0.9399263329540599,0.4945225009646988,0.01768268335312204,0.006968394164913699,0.005158754275107965,0.08067721389908437,0.000994484022930183
MAR,0.1,S2,rf,1012,0.9388976874530635,0.4733721294051806,0.018065949610870678,0.00612861589221992,0.0055775552721342185,0.08119233042000529,0.0008871734799395153
MAR,0.1,S2,rf,1013,0.9408620589877585,0.47810223385142897,0.01781019411440642,0.00737509673743654,0.0032349126846360063,0.08620534278938125,0.0011628519700861604
MAR,0.1,S2,rf,1014,0.941194768297221,0.48028702365851694,0.017903863970510282,0.006571473221876681,0.005794422139447575,0.08819483538003288,0.0010693675105266833
MAR,0.1,S2,rf,1015,0.9415942594325554,0.4871677076807542,0.01778554841697664,0.006635194224785,0.007108917605409318,0.08385043259957607,0.0008895836418767142
MAR,0.1,S2,rf,1016,0.9444087534263239,0.4971734479563753,0.017679501264640317,0.00741588840758482,0.004610894414208051,0.07904789252259474,0.001343357305534404
MAR,0.1,S2,rf,1017,0.9382857473322661,0.49337928956128196,0.01766743488874676,0.00611726408864618,0.007449889704195376,0.07080724128783768,0.0011333115771282307
MAR,0.1,S2,rf,1018,0.9378368506118233,0.48037319108731485,0.017833233772240182,0.006230042946369941,0.0032707589430724248,0.07142712471375541,0.0011728719397657212
MAR,0.1,S2,rf,1019,0.9378573711834093,0.48421134720369496,0.017842162845871,0.0060500249726001595,0.005491368834789129,0.06693323468326948,0.001030935019722286
MAR,0.1,S2,rf,1020,0.9377983085538837,0.48226922549573514,0.017939599543793,0.0059803332105574595,0.011045684857199785,0.0904587214150264,0.0009459114202142201
MAR,0.1,S2,svm_linear_cal,1001,0.8571868769545734,0.38498012164811435,0.01970177668522024,0.00551735692904988,0.028823414463385096,0.04230469741717112,0.002003402617548105
MAR,0.1,S2,svm_linear_cal,1002,0.8533831450847238,0.3796234789448655,0.01974019236735828,0.006945764037235879,0.03697377511288385,0.0906909607011836,0.0015114205880558949
MAR,0.1,S2,svm_linear_cal,1003,0.8693072644018309,0.39925613580772273,0.01951915238070242,0.0071457205313669395,0.034674267847358865,0.0639313221318299,0.001959247269167617
MAR,0.1,S2,svm_linear_cal,1004,0.8586963958222407,0.37953501548104585,0.019971109330485882,0.00758817534305412,0.042339041672505906,0.1012348743889407,0.0018005861955308967
MAR,0.1,S2,svm_linear_cal,1005,0.8631462502549871,0.3767584568062469,0.019852888446221278,0.007423482338988779,0.036658455937352084,0.0843069298143262,0.001392587741642342
MAR,0.1,S2,svm_linear_cal,1006,0.8652194080078315,0.3775695805113118,0.01987587151231022,0.00577266463244794,0.041655020647566966,0.08486054176276235,0.0012379866964850115
MAR,0.1,S2,svm_linear_cal,1007,0.8538284239664161,0.3938868139303896,0.019702194901091718,0.00542632024173312,0.03154075162476574,0.08515838891608594,0.0016334904466698238
MAR,0.1,S2,svm_linear_cal,1008,0.854956661600966,0.3690686668827758,0.01983365193554208,0.00609941651247704,0.04765678912210422,0.1026347625745045,0.0014495074945282116
MAR,0.1,S2,svm_linear_cal,1009,0.846616195849702,0.3913870935665009,0.01954803644735238,0.00670806465594104,0.03693479975786545,0.08042563493236908,0.0016533231154070252
MAR,0.1,S2,svm_linear_cal,1010,0.8600643492348248,0.3826746985233117,0.02001907620417872,0.006303287358648299,0.040496279393362054,0.09404418812181994,0.0016518494246496023
MAR,0.1,S2,svm_linear_cal,1011,0.8766557402990358,0.39552223964344874,0.0194216230799856,0.0067481855991453595,0.025334104039607945,0.083730121817693,0.0016637603184865878
MAR,0.1,S2,svm_linear_cal,1012,0.8563880757363209,0.3740533661432414,0.01978710180386068,0.00667302606271202,0.04745725190326119,0.09516728351513987,0.00114661086822434
MAR,0.1,S2,svm_linear_cal,1013,0.8575154477432623,0.3701705050881728,0.020358420595863562,0.0059949013234238,0.038249026660766725,0.09871371367293126,0.0014043833107503013
MAR,0.1,S2,svm_linear_cal,1014,0.8612979213711565,0.37441784413276263,0.0199462283892316,0.00798803487426154,0.04514503868184176,0.0902426413723923,0.001779725564921437
MAR,0.1,S2,svm_linear_cal,1015,0.8565220117213765,0.37894037904583516,0.01949573947121952,0.00782533829716044,0.034802300955732765,0.07777179626551428,0.0011903920093354443
MAR,0.1,S2,svm_linear_cal,1016,0.8552570827622216,0.3863304026116,0.019912245358764603,0.006912201710060739,0.04243556615811302,0.07185685109393755,0.002141295106767798
MAR,0.1,S2,svm_linear_cal,1017,0.8641168246261607,0.38274391472524505,0.01965601420249484,0.006846708651237319,0.0393976097411255,0.09648118726775873,0.0012688453057589147
MAR,0.1,S2,svm_linear_cal,1018,0.8494064412151847,0.4001706547092304,0.01923786019870194,0.007334135702096681,0.04129620257149784,0.09700809226719263,0.0013115223960764144
MAR,0.1,S2,svm_linear_cal,1019,0.8556252208484791,0.39749265969348524,0.01924483363632766,0.007271516477668679,0.03886825599602405,0.06986065999077085,0.001620437855733632
MAR,0.1,S2,svm_linear_cal,1020,0.8674132271645814,0.3716842779795155,0.020031487340365778,0.0072072948715836,0.04090968882745113,0.09014200339471874,0.0013795272223002574
MAR,0.1,S2,xgb,1001,0.949044412516369,0.5150033428426048,0.01706687975674864,0.006893628570177479,0.003566376790686788,0.05121730336399834,0.0015701307837793243
MAR,0.1,S2,xgb,1002,0.949930680730674,0.5072638531638974,0.01707313172519204,0.00784638537899386,0.009063639841545134,0.09976576003858315,0.0009829686356417114
MAR,0.1,S2,xgb,1003,0.9486309122998111,0.5008360142019723,0.01734110619872804,0.00779723168036338,0.006106306581681948,0.07793062648309079,0.001299193164718637
MAR,0.1,S2,xgb,1004,0.9490740282565359,0.507760802833565,0.01689995620399708,0.00619130524173184,0.009151367196736902,0.11278405630217711,0.0011226211345684118
MAR,0.1,S2,xgb,1005,0.9456476178590275,0.5045301637640103,0.01719234697520726,0.00793563045662838,0.009549971475110133,0.07213354838304771,0.000814085246170652
MAR,0.1,S2,xgb,1006,0.9490686873078193,0.5146217364849098,0.01703216955065722,0.00653793249061876,0.007928924958060383,0.08864878141952902,0.0008236344438718453
MAR,0.1,S2,xgb,1007,0.9459892221837138,0.5118116867284137,0.01696153767406938,0.0063234983721742796,0.005945462741357216,0.08238887755632365,0.0007944844828711282
MAR,0.1,S2,xgb,1008,0.9490444630433185,0.502721128099177,0.01739770881831642,0.00680133146561388,0.007596525599782832,0.09440867577480566,0.0007361471219607267
MAR,0.1,S2,xgb,1009,0.9402831176678041,0.4961555049795228,0.017268884554505298,0.006968155003012499,0.007278498503304493,0.09756171073218733,0.0008569048912981444
MAR,0.1,S2,xgb,1010,0.9466551948071888,0.47473210646436315,0.01782149933278554,0.00694228712415222,0.0067057530103601295,0.10689423225361368,0.0005823458712160213
MAR,0.1,S2,xgb,1011,0.9487965243572166,0.5099159868964623,0.01705670375376936,0.006672122054402779,0.0051997502169095775,0.06007311885288616,0.00114622701595185
MAR,0.1,S2,xgb,1012,0.9473688162159227,0.4970596687201899,0.01737591996788974,0.0074876563466423195,0.009013185908574995,0.08064420204059186,0.0005697100348597828
MAR,0.1,S2,xgb,1013,0.9485904777878014,0.4963801302251441,0.01733711771666998,0.007173881353748179,0.006950894768141569,0.0925109434784425,0.0010273951632188735
MAR,0.1,S2,xgb,1014,0.9494212181204272,0.49402273597934176,0.01736102476716036,0.00802443315285012,0.007952346141664693,0.09732694062623475,0.0009487918956010585
MAR,0.1,S2,xgb,1015,0.949765094580864,0.5055819558917394,0.017084373906254703,0.00565480514770684,0.005204232390875528,0.09827325980839255,0.00030731971775893905
MAR,0.1,S2,xgb,1016,0.9522851312985416,0.5254033543854648,0.01684011742472644,0.00589701579104322,0.00957076209983491,0.0767611309149929,0.0014914251201853983
MAR,0.1,S2,xgb,1017,0.9463479563926318,0.5039929104890561,0.01728776879608628,0.00671933293591602,0.0077320963966584525,0.0951550210995523,0.0007710850701255861
MAR,0.1,S2,xgb,1018,0.9427950401955698,0.49026704370585855,0.01723994985222812,0.0072407769449262804,0.007764682158409994,0.09477148668943232,0.0011844974632879601
MAR,0.1,S2,xgb,1019,0.9491889337611423,0.48860233054153734,0.0173591330647468,0.00749806152434924,0.00702220716535438,0.08775975804593944,0.0008621818032933091
MAR,0.1,S2,xgb,1020,0.9436805921438903,0.48444199855338493,0.01765903457999224,0.007770538449231,0.011288531052758921,0.08772471375578625,0.00081148429347238
MAR,0.2,S1,extratrees,1001,0.928651289362841,0.45146767218450073,0.0193354772872015,0.00802022963369534,0.013583384402686647,0.05502374569051597,0.0008339009184237583
MAR,0.2,S1,extratrees,1002,0.9253966823063748,0.4538920292308082,0.0191962963113654,0.00901614211584718,0.019965195972507725,0.07630503077265235,0.0009427778961261094
MAR,0.2,S1,extratrees,1003,0.9317403325482013,0.4442509998643467,0.018960454957551158,0.00755114596527708,0.011684681677215134,0.052031223785494414,0.0007103344696566707
MAR,0.2,S1,extratrees,1004,0.9296465602916202,0.45468929774378797,0.01914552686850492,0.008004099446600141,0.023815597750216043,0.10114634230514563,0.0014171197907110638
MAR,0.2,S1,extratrees,1005,0.9281020943683114,0.4682720346576432,0.018977527230841378,0.00826716622091518,0.016684698748616354,0.02380870785679979,0.00022553125650353332
MAR,0.2,S1,extratrees,1006,0.9248950820649666,0.44445276219725327,0.01912664638080188,0.00731327519067132,0.01506114371605775,0.017782072641872353,0.0002481614969727694
MAR,0.2,S1,extratrees,1007,0.9281136244195489,0.4647635471765619,0.01924904607601572,0.009912754513079481,0.010575837822042442,0.03433529181350078,0.0008881280189871475
MAR,0.2,S1,extratrees,1008,0.9250555294441518,0.4543945286660394,0.01915340476275698,0.00878474084605876,0.01394604797302189,0.04849752241398643,0.0008412225049572093
MAR,0.2,S1,extratrees,1009,0.9314103739471928,0.45942910198958364,0.019429927644401622,0.00941161494600656,0.01025997141600961,0.05953452237335149,0.0009429506413757328
MAR,0.2,S1,extratrees,1010,0.9296078938351577,0.4400682154780995,0.01923332671156308,0.007600215306637399,0.021911205366774388,0.04596007494985748,0.0010439273105791948
MAR,0.2,S1,extratrees,1011,0.9281891877811732,0.45195905448658547,0.018930367649905418,0.007172059006935639,0.009676366618929937,0.037248186438543454,0.000603801077484808
MAR,0.2,S1,extratrees,1012,0.924330165108133,0.44095378177400335,0.01941376299191068,0.008560659607275981,0.01767522486997504,0.06498207709388151,0.0008780579872836807
MAR,0.2,S1,extratrees,1013,0.9280490506133381,0.4485043143394548,0.01921280666661032,0.00842084590347696,0.0047857201489144826,0.04853266092588897,0.0007291856262748947
MAR,0.2,S1,extratrees,1014,0.9272615649438348,0.46741027324393547,0.01912031649936432,0.00876733839205726,0.014337994036701777,0.0795390142098406,0.0012802521526160732
MAR,0.2,S1,extratrees,1015,0.9212962790284159,0.43641644717166483,0.0193647969870033,0.00852159304468692,0.015619602432320922,0.035704782518656976,0.00028188846827528795
MAR,0.2,S1,extratrees,1016,0.9236436604761297,0.4445937367964031,0.019025153901975102,0.00654576553776578,0.019397610566361037,0.06655178833087153,0.001021335852808969
MAR,0.2,S1,extratrees,1017,0.9298773336965109,0.4585925612334883,0.01878004719476048,0.007470356898659039,0.0066101106328670675,0.05244746657916903,0.0008440285770082423
MAR,0.2,S1,extratrees,1018,0.9265592930956826,0.43996844900799764,0.019367354237191582,0.00728248219806452,0.01549256422100373,0.045035281908084215,0.0008476134482882946
MAR,0.2,S1,extratrees,1019,0.9268154720507557,0.4444978145190356,0.019150555678092922,0.0072957551846576,0.010626062742843924,0.05344524219474082,0.0009553949362695878
MAR,0.2,S1,extratrees,1020,0.9324116273797534,0.4684599343359892,0.0188525672107932,0.00791950576920354,0.015083348519893994,0.06584107313684853,0.0009527330950917837
MAR,0.2,S1,lr_l2,1001,0.8462565001869928,0.3497194912468562,0.01997912618381118,0.005324288237232159,0.02355700675330129,0.08283695414239234,0.0015479779971852106
MAR,0.2,S1,lr_l2,1002,0.8516427946128211,0.36261041787530335,0.0200066359079639,0.005830241003349,0.02661693334355152,0.04974743673925116,0.0007133535523093881
MAR,0.2,S1,lr_l2,1003,0.8628653206074193,0.3491046676999704,0.01991591436101068,0.00402330182480624,0.021410883955827773,0.05510179382404018,0.0013824862638829153
MAR,0.2,S1,lr_l2,1004,0.8622638383697557,0.3552215574719405,0.0200394716003426,0.00514622655396158,0.024858806149477216,0.06922151571743818,0.0013901346397521479
MAR,0.2,S1,lr_l2,1005,0.8644855165693407,0.33311598638461587,0.02050557663767738,0.00465452672711262,0.028904198807668736,0.02703342639070274,0.0007760208501071918
MAR,0.2,S1,lr_l2,1006,0.8510708276678894,0.3378615651293237,0.02024633420014604,0.00425309840266812,0.02564378446421467,0.044120684450688466,0.0007585441862990013
MAR,0.2,S1,lr_l2,1007,0.8634078448709388,0.35861461427658275,0.01984757009135802,0.00431510036629542,0.025499619220948632,0.01777781406049507,0.0005130661264083101
MAR,0.2,S1,lr_l2,1008,0.8486739566593435,0.33776519594507476,0.02027237278636016,0.00452455262327928,0.022527795872950476,0.043281643608655274,0.0009668917394949799
MAR,0.2,S1,lr_l2,1009,0.8576900867129014,0.3686000526413557,0.019705616785646602,0.00492700648479276,0.012709442475869661,0.05774265930653736,0.0011160393755169878
MAR,0.2,S1,lr_l2,1010,0.8499219659264667,0.33042683536004314,0.02052155518621398,0.00456505572311614,0.03750557471908709,0.042002980952224725,0.0008802750712968285
MAR,0.2,S1,lr_l2,1011,0.8424418565301413,0.3389124808974949,0.0202014859350462,0.0038343053558263,0.0325341328160751,0.03474039877605756,0.0006211105681140565
MAR,0.2,S1,lr_l2,1012,0.841854369726448,0.31973840120255853,0.02089911137703432,0.00596485864646148,0.011493497431580034,0.05143866551392129,0.0008038220322109725
MAR,0.2,S1,lr_l2,1013,0.8487970616459455,0.3341540526333292,0.02022468352811574,0.00448333631615234,0.02274715615903882,0.06879089445794374,0.0012969711981007735
MAR,0.2,S1,lr_l2,1014,0.8609403353994661,0.38042800005147964,0.0195286934151703,0.00559639262448854,0.019319590261666277,0.08896559280456114,0.0017272451601131706
MAR,0.2,S1,lr_l2,1015,0.8560963116987574,0.36408811484456916,0.0197812505475062,0.00400584704356428,0.011945267373173465,0.01962919996524565,0.0004959519673743996
MAR,0.2,S1,lr_l2,1016,0.849941887632583,0.34658647104097834,0.0201787344822593,0.0071017869022023394,0.03482568828527314,0.07076044907587271,0.0011239451992713899
MAR,0.2,S1,lr_l2,1017,0.8605666586442311,0.3461025983317232,0.020090981553130622,0.00444176457963286,0.014056071689343079,0.06831438680274574,0.001468022374533978
MAR,0.2,S1,lr_l2,1018,0.8389240155804991,0.328153635940181,0.02049802373594422,0.00473280245716506,0.005828032202191848,0.0388056190519016,0.0009427493332611083
MAR,0.2,S1,lr_l2,1019,0.8525767482202611,0.34308059125091867,0.02018767705910208,0.00416471012763074,0.032110803809355125,0.047316047873860664,0.0008822131674645927
MAR,0.2,S1,lr_l2,1020,0.8551170286872468,0.34441791242213926,0.020307056254260443,0.00497976389019738,0.010084313222231682,0.07134460925166636,0.0014818647019776382
MAR,0.2,S1,rf,1001,0.9301034327181217,0.43924433965894794,0.01882785679628232,0.00609917909474934,0.011630043075157703,0.05142594678523864,0.000871786231031198
MAR,0.2,S1,rf,1002,0.9241550825029978,0.43983420182094923,0.01889765087634648,0.00498176972019674,0.019860017060738856,0.07064000832933573,0.0009265670589020399
MAR,0.2,S1,rf,1003,0.9252024485700658,0.4261133448677036,0.01910041026370316,0.00608733068192562,0.020732976653606374,0.0675631794665539,0.0010001005443970193
MAR,0.2,S1,rf,1004,0.9251309698529621,0.4302397980289193,0.0190832445605051,0.0069428414098930205,0.022169228123243036,0.10476648210764161,0.0014771436644700963
MAR,0.2,S1,rf,1005,0.9211411263075522,0.43806965643428686,0.018966121540691418,0.00655438033489224,0.012749187674336223,0.030342877999705514,0.00022314421734704785
MAR,0.2,S1,rf,1006,0.9247914736944024,0.43746007069561016,0.018940286401517258,0.00562214183491618,0.012166049083550786,0.02079644984095581,0.00019612769649571984
MAR,0.2,S1,rf,1007,0.9310138591800318,0.4606027212208472,0.0185921613118438,0.00651264957395406,0.010376440299490933,0.03506701959444104,0.000585385668792184
MAR,0.2,S1,rf,1008,0.9226449802667993,0.44005569623627094,0.01891208754384534,0.00655921679010558,0.011721049332206973,0.03704398469330742,0.0006503501283955234
MAR,0.2,S1,rf,1009,0.9298775133328501,0.45521511846696566,0.01867922898906214,0.00619637478724608,0.01585297245192702,0.06837988231328306,0.0008614020731295079
MAR,0.2,S1,rf,1010,0.9220323884426052,0.4279009879773318,0.01911814618841476,0.00617434838143368,0.02129616439995137,0.03834696107423607,0.0006816913600451149
MAR,0.2,S1,rf,1011,0.9200931358880517,0.42367126181306203,0.018958184752299982,0.00497897093327338,0.007449787028144896,0.02968962420790652,0.0006126737538175237
MAR,0.2,S1,rf,1012,0.9199863054411207,0.43791492127917275,0.01890147259697008,0.00476674411207134,0.019750391420894957,0.051752099354184206,0.0008349229143020309
MAR,0.2,S1,rf,1013,0.9225722451601172,0.4289866237043672,0.0190711466634704,0.00668320790039848,0.00749374832149591,0.05255243212253378,0.0008831737804164848
MAR,0.2,S1,rf,1014,0.9272357770850139,0.4634329884226611,0.01853927421277648,0.006452128071725021,0.018316466274974123,0.06815452268003531,0.0011824029530536166
MAR,0.2,S1,rf,1015,0.9178852373583368,0.42471359693383876,0.01898679540572214,0.00554780923443692,0.022184689068997718,0.03929127165142951,0.000647043324696083
MAR,0.2,S1,rf,1016,0.9199490971167865,0.4417268257387767,0.018786375072428498,0.0061179255437979595,0.022636591891936238,0.06013705263723625,0.0010503980539925196
MAR,0.2,S1,rf,1017,0.9264450321361981,0.4389437682575209,0.018756404199659522,0.00596831160211654,0.010472767826521873,0.056230828959158305,0.0008689512267904254
MAR,0.2,S1,rf,1018,0.9248325241701709,0.4306333336453928,0.019094404866978158,0.00534485437645648,0.016260712410813977,0.044491826868676115,0.000726611594294799
MAR,0.2,S1,rf,1019,0.9200196595792243,0.4229646009304558,0.01908120330881926,0.00512233598902552,0.006333305685984924,0.05923642902635873,0.0010446313089080982
MAR,0.2,S1,rf,1020,0.9276749198159522,0.45368085600209707,0.01862927165541442,0.0063574927602529,0.013166641839101042,0.08033703020156359,0.001283790834761382
MAR,0.2,S1,svm_linear_cal,1001,0.8312933522798106,0.34475551256704745,0.02037083439806206,0.00701231172034598,0.024928525968981256,0.07931331929121184,0.001397336867145376
MAR,0.2,S1,svm_linear_cal,1002,0.8333884144436814,0.36541922976834873,0.02025984344452052,0.0060521900723844,0.029649728684342246,0.05385872617935273,0.0005064821586144809
MAR,0.2,S1,svm_linear_cal,1003,0.8526321799290928,0.3497452269081944,0.02035363717213284,0.0061741595284033595,0.028001781551756078,0.050206577091333936,0.0009827417089044149
MAR,0.2,S1,svm_linear_cal,1004,0.8456358861091491,0.35884691821638176,0.020295707292569222,0.00715770569122518,0.03207200479272014,0.07450799993288054,0.0012662316414052026
MAR,0.2,S1,svm_linear_cal,1005,0.8497665704138548,0.34115907777664806,0.02071197305220904,0.00550469733980454,0.031007955893991166,0.027436001698610844,0.00030472912670026064
MAR,0.2,S1,svm_linear_cal,1006,0.8392801897846068,0.34580826088126415,0.02033819774417604,0.006686743509617179,0.029683960903806626,0.03936890280545589,0.0005550915657457926
MAR,0.2,S1,svm_linear_cal,1007,0.8535737530036919,0.35819506395482553,0.02018985147374466,0.00633082070235468,0.03156746809937499,0.03159874535285614,0.0008266755864016405
MAR,0.2,S1,svm_linear_cal,1008,0.8331878111215485,0.3452467600087658,0.02055183267783118,0.00650138804231456,0.021316158740890285,0.05390067781689585,0.0010329130110532225
MAR,0.2,S1,svm_linear_cal,1009,0.8416450736665801,0.3648132588425822,0.02023643499423566,0.006338812045137481,0.01363713948177575,0.05723043657242181,0.0010262582179355211
MAR,0.2,S1,svm_linear_cal,1010,0.8371290989714852,0.3458475790481867,0.02054796378807558,0.00682332120263526,0.041736033423189656,0.044665709991834585,0.0009524524430851787
MAR,0.2,S1,svm_linear_cal,1011,0.8310201554896874,0.34434335693952295,0.020365115653215783,0.00577004620903792,0.041310994806419976,0.030392724010745324,0.0007064846188263472
MAR,0.2,S1,svm_linear_cal,1012,0.822252669829866,0.33215901989301044,0.021165664897170262,0.0069085883892702205,0.017433456756153997,0.03966315393809306,0.0004033658461867746
MAR,0.2,S1,svm_linear_cal,1013,0.8344687195263074,0.336891130629182,0.02049670883446022,0.00578587949300466,0.03310825176444673,0.08090919223030305,0.0012979765880436435
MAR,0.2,S1,svm_linear_cal,1014,0.8481702908220837,0.3779924773033775,0.01988714119859482,0.00666436111481392,0.02166514743908281,0.0857150217663926,0.0016125444005160243
MAR,0.2,S1,svm_linear_cal,1015,0.8403448922296445,0.3648800190090212,0.02011125492227724,0.00499884949498904,0.008275316963946509,0.016238327982183293,0.0007414387220014023
MAR,0.2,S1,svm_linear_cal,1016,0.8379499262820188,0.34582302128468345,0.02043376986885078,0.007137213645874919,0.03205664633122826,0.060776791531595556,0.0009051646277480825
MAR,0.2,S1,svm_linear_cal,1017,0.8489647756005987,0.3556650967343139,0.02027877825057566,0.00687347449338654,0.017265700099680384,0.06426198155150717,0.0013755863627156234
MAR,0.2,S1,svm_linear_cal,1018,0.8185970370120638,0.32932579892617797,0.020817538161042738,0.0063516125034159005,0.0042563611091791685,0.047020585309079564,0.0011124324289264833
MAR,0.2,S1,svm_linear_cal,1019,0.8384855728311026,0.344320626427011,0.020176059397134537,0.004093835907714319,0.032685611762858405,0.05013996980218735,0.001127194069962009
MAR,0.2,S1,svm_linear_cal,1020,0.8438367595031131,0.3468340563332637,0.02048568003221338,0.00664048235644116,0.014969151409148252,0.07814794891176248,0.0013798120079486953
MAR,0.2,S1,xgb,1001,0.9360564879982428,0.4387442075814373,0.01846688501536842,0.0054735766229655,0.006588436944650281,0.046173725199684656,0.0008241851503514964
MAR,0.2,S1,xgb,1002,0.9290331289715917,0.45757898609335756,0.01815554760396474,0.00697636167832424,0.008081677387963978,0.05037070298707369,0.0009197473259297678
MAR,0.2,S1,xgb,1003,0.9350998703873781,0.4452448817205159,0.01829287149012086,0.00698136734985832,0.011107319790356703,0.05183746920949411,0.0009811602484982556
MAR,0.2,S1,xgb,1004,0.9380088504865357,0.4251749236663137,0.01886624731123442,0.006518829524645139,0.017994492605253497,0.06246310520653575,0.0012239514057180462
MAR,0.2,S1,xgb,1005,0.9331316808076193,0.4087636456214785,0.01905264221131796,0.0073106375429804,0.010657117483489499,0.0423766553229237,0.0008608466460700265
MAR,0.2,S1,xgb,1006,0.9302991173459436,0.4387917202401991,0.018694616854190778,0.006242055037167201,0.014220123539606685,0.022182085058828818,0.0002813377040777463
MAR,0.2,S1,xgb,1007,0.9403381096794347,0.46584155850623465,0.01807397156953808,0.00707323666707062,0.007967006315579046,0.04273675824133365,0.0008804187733397197
MAR,0.2,S1,xgb,1008,0.9305318791749212,0.43389337556503965,0.01860965713858598,0.0060496766070931,0.01954754285556351,0.06970811763477636,0.0014365629226289183
MAR,0.2,S1,xgb,1009,0.9396164395868455,0.45785531042476035,0.0181854102760553,0.00634382865940232,0.014404686122493876,0.05568066949252207,0.0008545696709961872
MAR,0.2,S1,xgb,1010,0.9344545646689492,0.433846951848881,0.018617328628897638,0.0070272397699538995,0.026128816414376466,0.07288418019766568,0.0014702858505205678
MAR,0.2,S1,xgb,1011,0.9280319055299294,0.439044227934419,0.0184408590197563,0.00586008000919052,0.007906690355294722,0.01930331602818528,0.0005274347343996469
MAR,0.2,S1,xgb,1012,0.9337466432580589,0.4468699052181683,0.01847032122313972,0.0071085131059132195,0.016570296937962737,0.05926793876405037,0.0010351704358104517
MAR,0.2,S1,xgb,1013,0.9347229014895788,0.4498406039801416,0.01833487711846824,0.006621341608330019,0.009445986477243989,0.03477924648860854,0.0007847975958846727
MAR,0.2,S1,xgb,1014,0.9354668241015345,0.4692359285512504,0.017974966391920998,0.00647174504382438,0.014598446967343656,0.09493907807241732,0.0017973000705698398
MAR,0.2,S1,xgb,1015,0.9329720119971405,0.4566700305752784,0.018186093494296018,0.00619682681822044,0.010019908050904336,0.03986589422039516,0.0008038173690420514
MAR,0.2,S1,xgb,1016,0.9311763538171979,0.4452503341308519,0.01836302652955052,0.0063129623526627,0.01760782483375339,0.037364736714304264,0.0007642880677086342
MAR,0.2,S1,xgb,1017,0.9333191416132445,0.44146234077716384,0.01858416944742198,0.006767307783102761,0.009011247324186915,0.07151308542458909,0.0013857629543740744
MAR,0.2,S1,xgb,1018,0.9386571521887065,0.43143449109536736,0.01879654675722118,0.0061516759462867995,0.007955441251473825,0.019520223954011134,0.0005722834310232379
MAR,0.2,S1,xgb,1019,0.9338865636801034,0.4395895889510347,0.01845476329326624,0.0066168093003953,0.00869861445703075,0.05515345348220508,0.0013276554079877496
MAR,0.2,S1,xgb,1020,0.926397464062718,0.43881378428076057,0.018646866455674118,0.0066804468276728205,0.007437213230235349,0.051685225174271425,0.0010370070643233099
MAR,0.2,S2,extratrees,1001,0.9271147832334039,0.43873444386813115,0.0190622547701735,0.0070656692557899995,0.008048817677938828,0.07808310062153317,0.0015291115165243338
MAR,0.2,S2,extratrees,1002,0.927866671307658,0.4298278680426023,0.01915233195041686,0.00703205048689768,0.009302860632847784,0.09341724011456978,0.0014080552456619826
MAR,0.2,S2,extratrees,1003,0.9323313919314371,0.44567936336281216,0.01885351092635898,0.00796104704694706,0.00624682975505948,0.07112142793692248,0.0014388592612560197
MAR,0.2,S2,extratrees,1004,0.9224442177417231,0.4266274400360411,0.01945961060763226,0.00814345205773554,0.009097286704792335,0.09010281330511875,0.0015234679310199533
MAR,0.2,S2,extratrees,1005,0.9279637140230763,0.4272826122090251,0.01915624904374454,0.0067378482096994595,0.008313685161370087,0.108548687024624,0.0014415737773232076
MAR,0.2,S2,extratrees,1006,0.929145549681128,0.42744917778926717,0.01950647170656902,0.00858327430800852,0.006310742730048695,0.08779963516905533,0.001808856665921934
MAR,0.2,S2,extratrees,1007,0.927219282740591,0.45359244831746715,0.01899735119393822,0.00886253626731802,0.006179857782870462,0.07486844889931493,0.0012446289426342107
MAR,0.2,S2,extratrees,1008,0.929387146038788,0.4290178634160565,0.01928543378632666,0.00912050521928042,0.01036450014333192,0.09445348616148634,0.0016676873104776294
MAR,0.2,S2,extratrees,1009,0.9285328800201373,0.43903235204848157,0.01921573362117656,0.00805057174442966,0.006409578224725397,0.07985854835340447,0.0017518454670548125
MAR,0.2,S2,extratrees,1010,0.9329002704183564,0.43779280633705797,0.01937280873621022,0.008426140949042921,0.009717305062079,0.06587243811133602,0.0019814950551610235
MAR,0.2,S2,extratrees,1011,0.9229967949088331,0.4372033684520584,0.01910890212542644,0.00801465500317332,0.011262022199553199,0.09821773078073089,0.0012322353796723707
MAR,0.2,S2,extratrees,1012,0.9236498845994218,0.41915219818591326,0.0195535959681028,0.00816832819835962,0.0036800200756789353,0.072852179768585,0.0017222113061109404
MAR,0.2,S2,extratrees,1013,0.9303409754767145,0.43778129416511025,0.018945795751558962,0.007557547864494201,0.009230060503698753,0.09746265250494468,0.0011621814118605255
MAR,0.2,S2,extratrees,1014,0.9285318016399188,0.4662135829051672,0.01878451397790184,0.00792207648738444,0.005750616862214408,0.07114835188683331,0.0013940582921563738
MAR,0.2,S2,extratrees,1015,0.9259287450059908,0.4406707081484084,0.019343937006256258,0.00823418631690216,0.011190121998048792,0.05481453279871761,0.0020112756107517776
MAR,0.2,S2,extratrees,1016,0.9206631779490848,0.4359287327158448,0.01945621665084536,0.00846917239676588,0.00793155640013812,0.07004369091766377,0.0017162139517171915
MAR,0.2,S2,extratrees,1017,0.9302833767294493,0.44942711661237933,0.0188038911967143,0.007219653478676499,0.003916542323374878,0.0921806095804769,0.0012363141739439774
MAR,0.2,S2,extratrees,1018,0.9240768224930559,0.4213469669777464,0.01937503741314594,0.00759700213786,0.003445985934139235,0.07910773687312386,0.0015434541188978524
MAR,0.2,S2,extratrees,1019,0.9284561319867846,0.43011045588639607,0.01928360799376742,0.00730298345757374,0.003272788012655937,0.09269024695018789,0.0015689745328471903
MAR,0.2,S2,extratrees,1020,0.9298288886756303,0.44692906694535595,0.01905971733463324,0.00816545992062708,0.00804183225452012,0.09658300886204126,0.001082685535263047
MAR,0.2,S2,lr_l2,1001,0.848979567696294,0.3280108806674482,0.02042714298915968,0.00553115419617056,0.04068950194916426,0.0852381141766106,0.0015033737183724858
MAR,0.2,S2,lr_l2,1002,0.8540321457977891,0.33659552715870256,0.020260398986116118,0.005586838019372641,0.0364664947344767,0.08969595802675419,0.001425569464858615
MAR,0.2,S2,lr_l2,1003,0.8557686853043016,0.3137142062331118,0.0209998186787437,0.0069345788804175395,0.03732449662139413,0.070131404075054,0.0014685843191586203
MAR,0.2,S2,lr_l2,1004,0.850936417350994,0.33948896751447527,0.020520099606494598,0.006586989726900081,0.03646874673194832,0.06267981146078151,0.0018296940491339157
MAR,0.2,S2,lr_l2,1005,0.8637806741887563,0.3455293390777105,0.020373389246503698,0.00510120952293146,0.03746099377489588,0.10507139002226845,0.0017974456931091904
MAR,0.2,S2,lr_l2,1006,0.8475951073566679,0.3083769667640121,0.0207307604948439,0.00631883312179658,0.03328026271184594,0.09083763946000886,0.0012549962883345606
MAR,0.2,S2,lr_l2,1007,0.8553914527662686,0.34799804158211456,0.02024910408092372,0.00466438043465518,0.021932091148666618,0.08784332341187046,0.0016129931123939874
MAR,0.2,S2,lr_l2,1008,0.8539038544008983,0.3080958328540132,0.02109938926267754,0.00554669030346256,0.0277536760625404,0.08947846978158869,0.0022686343838857325
MAR,0.2,S2,lr_l2,1009,0.8546780244020988,0.3442055351359508,0.020416363639224822,0.0060068801812535,0.03371653571529777,0.09656621515959173,0.0015718800905155012
MAR,0.2,S2,lr_l2,1010,0.8479214105864583,0.3176042929231442,0.02068846529223266,0.005134545396374,0.034406882935153246,0.07286215360454495,0.0017343829558934864
MAR,0.2,S2,lr_l2,1011,0.853094034187176,0.3160825777265997,0.02085604330418124,0.007684796093428781,0.030583947621623607,0.08276474553444349,0.001902564833033394
MAR,0.2,S2,lr_l2,1012,0.8478920538480299,0.30907446179160214,0.0208886573249382,0.0054745871550604605,0.032221878174961076,0.07005524939231164,0.0020692488531617436
MAR,0.2,S2,lr_l2,1013,0.8530536190048998,0.3394045619962133,0.0205177890313721,0.0060177331303175,0.03641507062483426,0.0995377667435269,0.0012453580193011364
MAR,0.2,S2,lr_l2,1014,0.8535470352027932,0.3395837107103116,0.020207805476586523,0.00507717727937472,0.01907652338916312,0.062255277067493904,0.001587539841577138
MAR,0.2,S2,lr_l2,1015,0.8357025005593919,0.3319946549132635,0.02053376988538916,0.00688903166710692,0.017437177431136906,0.024086537631842323,0.0022983179654244147
MAR,0.2,S2,lr_l2,1016,0.8641771760465892,0.33691206780450844,0.020332395021681958,0.00563467200639838,0.034625146153214666,0.07756411002121105,0.0012416884205124728
MAR,0.2,S2,lr_l2,1017,0.850714133410839,0.35283117736391956,0.0201252332658926,0.0058481129252033,0.024947175525383978,0.09528890269183052,0.0013243534675650604
MAR,0.2,S2,lr_l2,1018,0.8473745349139141,0.3297906889401941,0.02063397714916784,0.006701757336722481,0.018857009454681824,0.10406576744440961,0.0013167710799689158
MAR,0.2,S2,lr_l2,1019,0.8554902307689176,0.33398135351198166,0.02039338897257218,0.00639039135274116,0.02891536356350129,0.08094322746288683,0.001301355597856548
MAR,0.2,S2,lr_l2,1020,0.8532422441535721,0.34449497459070805,0.0199906590129384,0.00517694669763742,0.03793957828662309,0.08514001523042282,0.0014017697857584954
MAR,0.2,S2,rf,1001,0.9249662597480424,0.42013288259746107,0.01908414990446784,0.00556500055779302,0.00916922790086829,0.08489384746365171,0.0013823231638646133
MAR,0.2,S2,rf,1002,0.918314787372843,0.41131540755958973,0.01904464004269342,0.00557608309277844,0.010580025458836387,0.1060859263275442,0.0012862221381631101
MAR,0.2,S2,rf,1003,0.9216817222873994,0.4264774591939172,0.018918607812153078,0.0053883467888515,0.0064215765917140875,0.0812322738143961,0.0013494289087528505
MAR,0.2,S2,rf,1004,0.9220464896908978,0.42890741856480064,0.018952430940049357,0.00587203653843938,0.008616761523687271,0.07005202163824166,0.001269537735333511
MAR,0.2,S2,rf,1005,0.9232426982471633,0.41485691261156266,0.01914319227439188,0.00588086693068986,0.003276881525931279,0.09171234583998318,0.0013885074496020062
MAR,0.2,S2,rf,1006,0.9257920040349334,0.4270986604775261,0.018951542718208543,0.006204505344526321,0.005658511204209547,0.07991088023959533,0.0012322991070131068
MAR,0.2,S2,rf,1007,0.9232038188853812,0.44919564134858503,0.018759142975349242,0.00690588533993856,0.005212570111346451,0.06366248783625154,0.0014550806433950502
MAR,0.2,S2,rf,1008,0.92211295870915,0.41289763527604767,0.01913002020832444,0.00634175008247078,0.010832612646136587,0.08324090106614335,0.001430495850022923
MAR,0.2,S2,rf,1009,0.9268028681712892,0.4364216655387575,0.0188214341137207,0.00608617704874366,0.005581173885873807,0.07707644933022971,0.001341038340887974
MAR,0.2,S2,rf,1010,0.925061828410987,0.42647652200991154,0.019076321875856082,0.00602818089759704,0.009772972226906049,0.07040481180283194,0.001626408583704184
MAR,0.2,S2,rf,1011,0.9212418016955948,0.41688150947916647,0.019158096622689517,0.006365306882873881,0.012721231610980703,0.08347922357792167,0.0012550894272045435
MAR,0.2,S2,rf,1012,0.9162371624334791,0.41267815821958403,0.0191840806659583,0.00544668710125702,0.00636783030857308,0.0739195140506555,0.0013637674400708171
MAR,0.2,S2,rf,1013,0.9245883316829433,0.4302706921999163,0.01875542592779868,0.0065841098210268805,0.012407992941152773,0.09319255120810763,0.001184781997046894
MAR,0.2,S2,rf,1014,0.9267046663854817,0.454856517233771,0.01861594687516018,0.00702063605146072,0.003808800583988725,0.06672932609910093,0.001380229923481104
MAR,0.2,S2,rf,1015,0.9213987056844875,0.43223146697025083,0.018886338066994378,0.0058244776392496,0.01348253589387333,0.05457741786073136,0.0016772944526912983
MAR,0.2,S2,rf,1016,0.9174211183354786,0.42738550576027984,0.01894958493829464,0.00515068969641184,0.010249979368144565,0.06898249327660531,0.001272412176982803
MAR,0.2,S2,rf,1017,0.9274563582315745,0.41740640758450576,0.018986411684996117,0.0048978923641323,0.007602146100103947,0.09262307360635433,0.0012192153249133725
MAR,0.2,S2,rf,1018,0.918856405037985,0.4223068077788959,0.019007258176441142,0.005915537583618119,0.0031286930354447093,0.08027907531037967,0.0011820344920105304
MAR,0.2,S2,rf,1019,0.9289782139608015,0.4346210499350862,0.018937193853372482,0.0052945185296691,0.004187248494102118,0.07250258213633168,0.001321657176243406
MAR,0.2,S2,rf,1020,0.9272360546244011,0.4395301598876218,0.0188600438815961,0.006374691544916079,0.008391103799782368,0.070444280492023,0.001368225206197549
MAR,0.2,S2,svm_linear_cal,1001,0.8307697661628678,0.33420511549006643,0.0207501239976847,0.00627695723445808,0.048047931491252784,0.08937520495690639,0.0017250900631762699
MAR,0.2,S2,svm_linear_cal,1002,0.8388856816825252,0.337576206260165,0.020413578478678203,0.00632963632844008,0.0470885152995286,0.08787718206856869,0.0013673081493769006
MAR,0.2,S2,svm_linear_cal,1003,0.8396812661065457,0.3355488810146501,0.02081088679503264,0.007313245530882499,0.050239691292911115,0.06326655200060904,0.0017638261370144005
MAR,0.2,S2,svm_linear_cal,1004,0.8349186673932245,0.35149026710220166,0.02084060258774886,0.00763912478562088,0.052035476054666754,0.06289705625146078,0.0022180767765508464
MAR,0.2,S2,svm_linear_cal,1005,0.8543960801231384,0.3547543589277328,0.02050973980911572,0.0064125771099914795,0.03806701834510258,0.10134836849177223,0.0020094657506242956
MAR,0.2,S2,svm_linear_cal,1006,0.8319770838247795,0.3186499603104619,0.020786414597546397,0.00539777249261874,0.04479346821669922,0.09255442953818889,0.0013207885080280606
MAR,0.2,S2,svm_linear_cal,1007,0.8422382406895625,0.35187377183855195,0.02048887206739082,0.00618060772130484,0.02015771417408417,0.07835049766266466,0.0017205805896770836
MAR,0.2,S2,svm_linear_cal,1008,0.8401093187531343,0.322467220638972,0.02112281784107112,0.0070115754792189205,0.034134118721010055,0.0918658782012435,0.0022011350828313784
MAR,0.2,S2,svm_linear_cal,1009,0.8432987225132182,0.344885522697221,0.020761008170883218,0.006726542519153141,0.03698422390571476,0.08787788498891072,0.001967288582070424
MAR,0.2,S2,svm_linear_cal,1010,0.8413338170115802,0.33021776155430993,0.02081463842520496,0.0061313394035560406,0.04503645810407565,0.069980194524724,0.001802799512676321
MAR,0.2,S2,svm_linear_cal,1011,0.842304629858037,0.31750001499358327,0.0210473777647237,0.00797356363463304,0.032153031129557766,0.0827857769292951,0.0017938706428814845
MAR,0.2,S2,svm_linear_cal,1012,0.8283965259211824,0.3124443381232336,0.02108003111356946,0.00664643783547116,0.049525532136880074,0.07032601071746819,0.0019856258229179907
MAR,0.2,S2,svm_linear_cal,1013,0.8387952790091845,0.35254446923963567,0.02070344736460064,0.00612145000386512,0.041326205378717666,0.09550106300831845,0.0015286398444722346
MAR,0.2,S2,svm_linear_cal,1014,0.8416433152913301,0.3530485532453844,0.02034870968738122,0.00757154978463406,0.025426109270814623,0.06339476471438558,0.001958167099884559
MAR,0.2,S2,svm_linear_cal,1015,0.817791027158236,0.3394215714076287,0.02061381696503736,0.0079924214800239,0.028257974023962688,0.02901037736679138,0.002449270763212187
MAR,0.2,S2,svm_linear_cal,1016,0.853430322887854,0.337841078810729,0.0207411611132757,0.0068786483081918395,0.040827202895260616,0.07682606977861704,0.0013801430793425203
MAR,0.2,S2,svm_linear_cal,1017,0.8340926616661731,0.35233669963270964,0.02052147051149154,0.00758774979176238,0.032323879004442446,0.09389849994196983,0.001633192680648514
MAR,0.2,S2,svm_linear_cal,1018,0.8330672724699744,0.33405929011985797,0.020691876138517362,0.00764710903909196,0.020302092300641835,0.09607655580735781,0.001436471537736366
MAR,0.2,S2,svm_linear_cal,1019,0.84177921319394,0.3478655099574786,0.020331699924050258,0.00651909351588814,0.03435792329375316,0.08102610057335446,0.0014979620483953305
MAR,0.2,S2,svm_linear_cal,1020,0.8368161987412386,0.35004328772403903,0.0204169116963746,0.00855368081629098,0.045886398765709255,0.07430412405436111,0.0016967144782744368
MAR,0.2,S2,xgb,1001,0.9334680493773944,0.42780303931475006,0.01870145499706264,0.0060594952095486395,0.005547934839891165,0.09350238757778384,0.0012469482944159097
MAR,0.2,S2,xgb,1002,0.9317940828548428,0.415717757151953,0.01870253384113308,0.007210256521547739,0.006766446285751672,0.10540528088592654,0.0010174499760320006
MAR,0.2,S2,xgb,1003,0.937669119543697,0.4402622742898236,0.01840580664575094,0.00605544475552702,0.005599668207607097,0.0835598535407965,0.001105412762721434
MAR,0.2,S2,xgb,1004,0.9300972331524505,0.43064281212986694,0.018596152216196,0.00704136004095394,0.013228785872287022,0.0663258417327256,0.001359923897933285
MAR,0.2,S2,xgb,1005,0.9343874203061799,0.4274124193007186,0.01871406026184552,0.0077374058977729195,0.007705197444971369,0.08786995689655869,0.0016764666601014305
MAR,0.2,S2,xgb,1006,0.9374891081714722,0.44699446209607246,0.01831862106919284,0.00567060489393284,0.010758974981650545,0.07286661285083856,0.0011957319396953211
MAR,0.2,S2,xgb,1007,0.9354583495810239,0.4457829976164559,0.0182258285582065,0.00488674648136832,0.004731689983218407,0.0676203041704128,0.0012644943348943047
MAR,0.2,S2,xgb,1008,0.9313962796144283,0.430893557614609,0.01859363615512842,0.00695292524441974,0.011994200923291662,0.10121961380158907,0.0013479903237543051
MAR,0.2,S2,xgb,1009,0.9404150310148204,0.44449141976117873,0.018341593071818298,0.007430853733637541,0.0052231822782071976,0.07701252572147335,0.0014028933242002644
MAR,0.2,S2,xgb,1010,0.937098866341074,0.4308613436050349,0.01863593570888038,0.00786999676230914,0.007345853006999807,0.06847814727780083,0.0016952910289439503
MAR,0.2,S2,xgb,1011,0.934009269012904,0.4483008800191678,0.01830120421946044,0.00542386518085618,0.014399364801102878,0.11027088940561983,0.0011413883257828312
MAR,0.2,S2,xgb,1012,0.9356055300168382,0.4392289935663486,0.018589839711785277,0.00715820230395466,0.00906980445373076,0.05250602955816654,0.0015926694449196173
MAR,0.2,S2,xgb,1013,0.9419482760729938,0.4445142601457325,0.018493665754795018,0.0070871546783198795,0.012238221668459628,0.10955316325288142,0.0007015391972484739
MAR,0.2,S2,xgb,1014,0.9350455883601303,0.46063957193794086,0.01804551817476744,0.0062442693583939,0.006911169916888642,0.07679439901666489,0.0010331307345346878
MAR,0.2,S2,xgb,1015,0.9337025928142108,0.44367594543446404,0.01853960193693632,0.00622621836910622,0.005458262028307343,0.04041544825033768,0.0019765600543425682
MAR,0.2,S2,xgb,1016,0.9308152037337258,0.4533379061406818,0.018189436942338922,0.006471950974461941,0.016157876349817357,0.08983666813076083,0.0009453604724298679
MAR,0.2,S2,xgb,1017,0.9369426704926743,0.4457272134423424,0.01813653111457822,0.00471516122106706,0.01238829002052421,0.11402321863359223,0.0010468680220692252
MAR,0.2,S2,xgb,1018,0.9317931611056418,0.451915840809734,0.0182530272752046,0.00544695483291812,0.011329911898213358,0.07373011279687466,0.0012308569121195414
MAR,0.2,S2,xgb,1019,0.9404391568907361,0.43165411407156257,0.018616384640336,0.0070855186233881404,0.00722200259829411,0.061158496888056114,0.001442250460494423
MAR,0.2,S2,xgb,1020,0.937137959246351,0.4511797618303941,0.01821814514696592,0.007187681289857781,0.009820339127024624,0.08211576450511923,0.0009407423919396864
MAR,0.3,S1,extratrees,1001,0.8957405284982596,0.34433692936934407,0.021187086894367678,0.007713855865589261,0.025330721289722073,0.05659839313647249,0.0010301221982211548
MAR,0.3,S1,extratrees,1002,0.9023561298119684,0.3605847517058399,0.02095264702975488,0.007434307957077719,0.017746340280447175,0.06788849751037708,0.0009807087359268076
MAR,0.3,S1,extratrees,1003,0.9028209988435127,0.36565629988305554,0.0211839432665622,0.00876180674431792,0.021655979128556546,0.06574833445916482,0.0005780952013475818
MAR,0.3,S1,extratrees,1004,0.8991159883567956,0.32746362376587657,0.021357225241383983,0.00736745645731598,0.022729415415519136,0.08421675969424293,0.000981661255577303
MAR,0.3,S1,extratrees,1005,0.9041038413677445,0.3607570565638919,0.02041240381525512,0.006167404457934659,0.013529320948230806,0.03620222722915457,0.0004439427862045883
MAR,0.3,S1,extratrees,1006,0.9029774903691923,0.3456398931927069,0.021168576239173082,0.00703615478595992,0.022199625332672557,0.036737950757015914,0.0007208005976262517
MAR,0.3,S1,extratrees,1007,0.9079667212058476,0.3795417381254556,0.02061284118685218,0.00735037663230668,0.010918814750669109,0.04263236056973798,0.0006527093735566494
MAR,0.3,S1,extratrees,1008,0.9003175977696845,0.3648724861859132,0.02066495744598948,0.00656471144449664,0.015574642622469326,0.0459967545355501,0.0006230964625713515
MAR,0.3,S1,extratrees,1009,0.8989852563481746,0.3684542451223981,0.02052602564511494,0.00729919152007622,0.020109028524688155,0.06991517613756172,0.0009087325332417968
MAR,0.3,S1,extratrees,1010,0.8922179381828975,0.36291789612581893,0.02045629800920118,0.00574341227821866,0.022220048336443178,0.053544933896809456,0.0008616617879998255
MAR,0.3,S1,extratrees,1011,0.8993601506175324,0.3923767093137511,0.0200960738347572,0.00570040653111578,0.011694217418433867,0.06044479349879542,0.001093487427033084
MAR,0.3,S1,extratrees,1012,0.9014371817510684,0.35473121430023036,0.021195675139578818,0.007031145025215141,0.02308716527449248,0.09815083545670714,0.0009857787154439826
MAR,0.3,S1,extratrees,1013,0.901486360357603,0.3351865160694648,0.02129507572791944,0.006474583248287699,0.009407206548087403,0.058831496136884986,0.000708646276557559
MAR,0.3,S1,extratrees,1014,0.9010459839743848,0.35861136962428,0.02076387776738458,0.0067939306953562996,0.0062115525186424115,0.06818015481848883,0.0011837531368547067
MAR,0.3,S1,extratrees,1015,0.8956080316494125,0.36211306937944715,0.020889428975910722,0.00702487856657356,0.017438304627503672,0.025626086094783646,0.0008311831268160613
MAR,0.3,S1,extratrees,1016,0.89745971621916,0.3509137577566202,0.0207173941775465,0.005768472136432281,0.027113103698883714,0.08390368961506729,0.0011958764681497954
MAR,0.3,S1,extratrees,1017,0.8867385923359363,0.355249263296734,0.02078029074757054,0.005404315017132079,0.005313131446804795,0.03838466466426562,0.0005077575166693432
MAR,0.3,S1,extratrees,1018,0.8910527083036074,0.35644163270903373,0.02066849901699062,0.00584122634406894,0.01496746536411744,0.0563842343565266,0.000848747880429305
MAR,0.3,S1,extratrees,1019,0.8935717749211151,0.326279079796474,0.021227994971263618,0.00659446770973682,0.009993098809909454,0.03473412852334725,0.0005337963628544834
MAR,0.3,S1,extratrees,1020,0.8959045786237028,0.35989191892092276,0.02092725878439704,0.00789881264678118,0.02032990999926668,0.10081585709732856,0.0012698089042904028
MAR,0.3,S1,lr_l2,1001,0.815020366323521,0.2565626980850032,0.021743907920174502,0.00515742936189206,0.025101090140810054,0.03873360264354319,0.0007823418998716961
MAR,0.3,S1,lr_l2,1002,0.8206316707232186,0.28606336502874324,0.021292701831796,0.00522703864302298,0.04417510632410652,0.07839408551137093,0.0013240668066094073
MAR,0.3,S1,lr_l2,1003,0.8306459889540998,0.2837395707886462,0.02131366138798534,0.0043229039752782595,0.0193112312121031,0.03973563170082819,0.0008926263989837526
MAR,0.3,S1,lr_l2,1004,0.8201444205994468,0.2784080083235309,0.02140166497382178,0.00475144299668,0.03569939029819533,0.07854704181098754,0.001520749233818525
MAR,0.3,S1,lr_l2,1005,0.8275510041868998,0.29299682403212796,0.0211871763783675,0.00411010507047306,0.032927618739387196,0.029733695918873097,0.0004276069135101724
MAR,0.3,S1,lr_l2,1006,0.8277148898506503,0.28282076136156065,0.021244545969628582,0.0038607303304763,0.03071462160555542,0.03030593227826534,0.0005460168876512127
MAR,0.3,S1,lr_l2,1007,0.8331167507057969,0.28100063711476203,0.021285266927493322,0.0036614573959156196,0.0295639450734317,0.05646773535446059,0.000961659554372146
MAR,0.3,S1,lr_l2,1008,0.8233912143958173,0.2988909317775913,0.02100241952294466,0.0043036912987717,0.016604521839114966,0.049514618677196684,0.0008610194280821864
MAR,0.3,S1,lr_l2,1009,0.8226325384018753,0.2719537216826392,0.021554115016222942,0.0038292309515058605,0.0295486343989196,0.05637764606997593,0.0010403873676843058
MAR,0.3,S1,lr_l2,1010,0.8223553171541964,0.26536155477880474,0.02166827895541862,0.0045624082097366,0.04456612572593108,0.037215850549784005,0.0005752468115275791
MAR,0.3,S1,lr_l2,1011,0.8210710804349617,0.27494197897736444,0.021323846625937958,0.00467190320164822,0.0216623952935459,0.042930031347897905,0.0008879974504076791
MAR,0.3,S1,lr_l2,1012,0.8331520171766009,0.29820801762146326,0.02105375992692406,0.004349408453166221,0.01163580777278412,0.07316256351741775,0.0016124394067181759
MAR,0.3,S1,lr_l2,1013,0.805142253915465,0.24509671864332647,0.0218698460618478,0.0043084513756508,0.025109076529009997,0.038314744996449386,0.0007777519521488676
MAR,0.3,S1,lr_l2,1014,0.819462886680952,0.27370367739649537,0.0213598697502243,0.00351381146339804,0.016092725110021903,0.07388598620615126,0.0015443377778988521
MAR,0.3,S1,lr_l2,1015,0.8273574319384455,0.2683612608491638,0.021547425194088622,0.0039484720157066805,0.019533796141422775,0.03616342452010108,0.0005796980661362167
MAR,0.3,S1,lr_l2,1016,0.8237399650111451,0.2408766809484769,0.02199545785264752,0.00473488444202024,0.03633494782320385,0.053063504353038166,0.000992429445504812
MAR,0.3,S1,lr_l2,1017,0.8120261274140679,0.27541045787582685,0.021187336252267902,0.0031859853270059997,0.01803968102146364,0.032903570991031965,0.0008152215090522904
MAR,0.3,S1,lr_l2,1018,0.8138504605650416,0.26500250647526313,0.0216550744063093,0.00577012253860966,0.033632897530637966,0.03608299769299694,0.0008878205589706784
MAR,0.3,S1,lr_l2,1019,0.8062367676666211,0.2526232814190796,0.0219588133081519,0.00421091799323784,0.03390535840173249,0.04575527612428378,0.0009919266810216483
MAR,0.3,S1,lr_l2,1020,0.8143048254532627,0.26466381984919746,0.0215798122379931,0.00479022546894076,0.04461625554934211,0.07885400000684799,0.001758923961935165
MAR,0.3,S1,rf,1001,0.8971628862895227,0.3352166462699612,0.020597006582642317,0.00557959995186486,0.022264479010364956,0.03962164242003098,0.0007495701955744803
MAR,0.3,S1,rf,1002,0.8954510150181122,0.3391227034119682,0.020505696119732058,0.00523317860870856,0.020816118489210927,0.07049127395812414,0.0010970003575275441
MAR,0.3,S1,rf,1003,0.8983423591185915,0.35390021371428193,0.020363418371512478,0.00516297219154188,0.021394534032978113,0.055824271907771485,0.0007725481938061804
MAR,0.3,S1,rf,1004,0.8883548440973794,0.3127692211894674,0.02076588009811754,0.0059572782706714,0.03360893318772652,0.0709393369897774,0.0011743672186843447
MAR,0.3,S1,rf,1005,0.8903344828428086,0.3439673203666906,0.02046669312855566,0.0037833412099964603,0.01458984498579872,0.03453901790432385,0.0003309963682907867
MAR,0.3,S1,rf,1006,0.8996637990277637,0.34005967611168647,0.0206066876652914,0.0046932563436603595,0.017999624832607235,0.04232415504972744,0.0005354207238181942
MAR,0.3,S1,rf,1007,0.9005939997630479,0.3569961618303279,0.02018328592007394,0.00464657909582678,0.014174715212776872,0.03449745946358955,0.0007079534586667629
MAR,0.3,S1,rf,1008,0.8923444100867384,0.35340078392886787,0.02047343952590524,0.006463700895469359,0.019307742021416045,0.06697440756919014,0.0009040800456836332
MAR,0.3,S1,rf,1009,0.8938698033595591,0.35695658100584354,0.02045367107569002,0.00473800853033886,0.017611754637944815,0.0742880243790054,0.0009054341271110281
MAR,0.3,S1,rf,1010,0.8903047335701672,0.34760571347649905,0.02048147509306876,0.0050992501985584,0.023997102714632308,0.05323527226739453,0.0007624502394940263
MAR,0.3,S1,rf,1011,0.8928217671434269,0.35937905042534674,0.02024958808353104,0.00431863968088806,0.012028859272435091,0.05543304179602947,0.000916961041116219
MAR,0.3,S1,rf,1012,0.8934977214952603,0.35594875420235483,0.020406691021993082,0.004978604735445339,0.025042709631527924,0.09084718833240177,0.0013930449007308395
MAR,0.3,S1,rf,1013,0.8936814221102027,0.3091803965079432,0.02114929278075292,0.0056441744413969,0.010432641054512796,0.0456616804484895,0.000616157803499514
MAR,0.3,S1,rf,1014,0.8921142936975575,0.3394977496913751,0.020434908615135382,0.00401649705832636,0.016740411860786477,0.09144748441768284,0.001415636685457693
MAR,0.3,S1,rf,1015,0.8874365113407399,0.3436147281588579,0.0204630627501799,0.0036051447873270805,0.022721221499290657,0.03285949407534928,0.0005538177755360293
MAR,0.3,S1,rf,1016,0.8942583399452513,0.3443345907203145,0.02043515808674514,0.0051198950089095,0.02615203079157293,0.08552397659620667,0.0013451277641937367
MAR,0.3,S1,rf,1017,0.8872286311483762,0.3440088272772937,0.02048537516664422,0.00446029955029752,0.012684572081449606,0.06235708953491223,0.0008474747977942219
MAR,0.3,S1,rf,1018,0.8865380156960416,0.33827067630168195,0.02062715190410852,0.00499155755044366,0.017502149309256313,0.06007846817402836,0.0008599613576939118
MAR,0.3,S1,rf,1019,0.8983259301522845,0.32785260445104336,0.02066740784264646,0.00382960096752138,0.016093977541183316,0.03979170807923735,0.0007030922011269054
MAR,0.3,S1,rf,1020,0.8932844076289183,0.36260218444719766,0.02023878423835154,0.0057336108480875005,0.020366277912764068,0.10024726447856352,0.0016619057580285947
MAR,0.3,S1,svm_linear_cal,1001,0.7981107063607207,0.26469783995491614,0.02207760656998936,0.00611941871065266,0.026990674410410847,0.03548392106544802,0.0006445180969087483
MAR,0.3,S1,svm_linear_cal,1002,0.8017616730513103,0.2863101196710199,0.0215774718022844,0.0051286180611455606,0.053687501958513885,0.07779959699278624,0.0009878295191084294
MAR,0.3,S1,svm_linear_cal,1003,0.815864890910668,0.28376053004588775,0.021592140044741838,0.00534784939586236,0.018305799450311355,0.03494747479687637,0.0007211939900124235
MAR,0.3,S1,svm_linear_cal,1004,0.8057746958239363,0.2788915578324263,0.02191444755460214,0.0059517322241336,0.043323720554463666,0.08189666394569535,0.0013699178614463526
MAR,0.3,S1,svm_linear_cal,1005,0.8169147863755066,0.29268008536278894,0.021501398202218903,0.00603273779734076,0.0312877139568635,0.027361051654529157,0.00038041963161153234
MAR,0.3,S1,svm_linear_cal,1006,0.813926627458434,0.2929411395972715,0.02151715903392916,0.00621670253266034,0.038920342660929176,0.0265825901929317,0.0006131352465065242
MAR,0.3,S1,svm_linear_cal,1007,0.8136078633108225,0.2842499082839346,0.02144511763650932,0.0064707773050574,0.03501909811843024,0.06211987319114646,0.001203678389541139
MAR,0.3,S1,svm_linear_cal,1008,0.8073244570028916,0.3012328119474142,0.02137141666113934,0.00619544687950542,0.014066423436073682,0.04098372290147182,0.0006391461377955855
MAR,0.3,S1,svm_linear_cal,1009,0.8069854908791807,0.2770111348895291,0.021973209465055883,0.0054517329694225,0.028113177505707375,0.055570798100040175,0.0008296459732622711
MAR,0.3,S1,svm_linear_cal,1010,0.8119045467483745,0.27033934579124885,0.02171167732525822,0.0057401517657199,0.045707623418349635,0.029289229965577968,0.00046433929660559043
MAR,0.3,S1,svm_linear_cal,1011,0.8079245907408982,0.2798122881513351,0.02168250570122916,0.005688847876590601,0.025984361340618798,0.04426245102982371,0.0007550657783300526
MAR,0.3,S1,svm_linear_cal,1012,0.8244730681442325,0.2945934027106804,0.02133196911356814,0.00410526644607424,0.0183088426476663,0.07459480684227317,0.0013747576872313366
MAR,0.3,S1,svm_linear_cal,1013,0.7881662093070256,0.25123164125553177,0.02211684920026582,0.0035689121458864605,0.039591203274038485,0.03774336058415655,0.0006847841198718749
MAR,0.3,S1,svm_linear_cal,1014,0.8074905820528414,0.28155394345493007,0.02157934140882842,0.00510426126855172,0.021771329022457667,0.075638818821467,0.0014237633547482423
MAR,0.3,S1,svm_linear_cal,1015,0.8106478681378716,0.27428066038619436,0.021827022646677498,0.00542835021703578,0.028547598211530637,0.03990825140161079,0.0005614212493715016
MAR,0.3,S1,svm_linear_cal,1016,0.8087087757806313,0.2485634204507802,0.02218112889870402,0.00578815969299342,0.03581777224437031,0.061885327087231164,0.0010671157068013327
MAR,0.3,S1,svm_linear_cal,1017,0.797367808217906,0.2832016358177287,0.02155789389387212,0.0063790239978295206,0.019582622954671627,0.019500671426234073,0.0005878993067771057
MAR,0.3,S1,svm_linear_cal,1018,0.8022172567599775,0.2779569549038472,0.021690891974367597,0.005782992080625759,0.03215076223202928,0.042635348139562344,0.0007687588478700941
MAR,0.3,S1,svm_linear_cal,1019,0.7970790660398791,0.2526549752976136,0.02214307155125898,0.00378670480645526,0.035798777905969796,0.050704023888893564,0.0005984641627171676
MAR,0.3,S1,svm_linear_cal,1020,0.7997150258350137,0.27299422904459664,0.02172412070251662,0.00426814355534634,0.04488778267615397,0.07954170555040001,0.0017010306280720285
MAR,0.3,S1,xgb,1001,0.9089724115409364,0.35770312255513914,0.01996818818151948,0.0055018235026697004,0.0214552510416907,0.028932988524865304,0.0004351853558925889
MAR,0.3,S1,xgb,1002,0.9127693058788069,0.3805294789227095,0.01965035423636432,0.00577373487570126,0.016841505201406173,0.09481998155037782,0.0015015768238682901
MAR,0.3,S1,xgb,1003,0.9203995580174726,0.38003664223861444,0.01966687887907024,0.00550031275342312,0.013567264311870934,0.062118014104570796,0.0011104149742476688
MAR,0.3,S1,xgb,1004,0.9089644143074042,0.3331647060703107,0.02044287621974942,0.00558151248235932,0.027453110553585756,0.08503959724997981,0.0015233083092367514
MAR,0.3,S1,xgb,1005,0.9095188576234345,0.3634526477361897,0.01987604983150956,0.00679305602297166,0.016721159410271313,0.028267743869512443,0.00048161281115008387
MAR,0.3,S1,xgb,1006,0.9083900434106982,0.3382063911815757,0.020391686633229218,0.00579329195422744,0.015394732976505988,0.053612005919678005,0.000847267715777307
MAR,0.3,S1,xgb,1007,0.9149305562723452,0.3990439075173582,0.01924250163137908,0.00478792701461458,0.009731096147302627,0.02276361309136586,0.0005634756092400587
MAR,0.3,S1,xgb,1008,0.9103979134576822,0.40393603162343555,0.01910066790878766,0.0053419787139613,0.01541949274519142,0.03688870997513315,0.0005042751911257262
MAR,0.3,S1,xgb,1009,0.9087672720668667,0.3744060072517761,0.01972733475267882,0.00597350486989388,0.01657889419952508,0.05960959837636401,0.0008624619267955448
MAR,0.3,S1,xgb,1010,0.907090788102467,0.35764265632003056,0.0200981397181749,0.00736442947635686,0.03570647203283496,0.0646496716562058,0.0011758351798579385
MAR,0.3,S1,xgb,1011,0.9133194999405916,0.3723278624291787,0.01966414265334602,0.0056835679291072,0.01707837550357516,0.039780984146954544,0.0006186441913277955
MAR,0.3,S1,xgb,1012,0.9144120970297414,0.38176759736393473,0.01959868818521496,0.00556076491273374,0.01782957233429209,0.07020382984922689,0.0012057131681031557
MAR,0.3,S1,xgb,1013,0.9052543070846342,0.3389809993134416,0.02037404179573054,0.00691065173817806,0.009868961941035518,0.042492261379255894,0.0008604745092739936
MAR,0.3,S1,xgb,1014,0.9121327671533749,0.3292177955565405,0.02043173536658282,0.005270172094523981,0.017058851999083302,0.04486997880274559,0.0008627583422917692
MAR,0.3,S1,xgb,1015,0.9100742655930212,0.4035147107200137,0.01930957138538354,0.00612985502344036,0.020500539621291884,0.04417305281546617,0.0004720164715611291
MAR,0.3,S1,xgb,1016,0.9067667105223561,0.3735874556293882,0.0197338834404945,0.0064062462038738995,0.02173491295816938,0.0565219655181777,0.0010206416937351519
MAR,0.3,S1,xgb,1017,0.9138984156582349,0.3621895158933806,0.01997371241450304,0.0063574344611581,0.010126554647299245,0.03900158578485878,0.0006866459114757071
MAR,0.3,S1,xgb,1018,0.9061121360113645,0.3564499529810045,0.01999411992728706,0.0056056500560497605,0.017263585273263517,0.0738192355807719,0.0013802862777108431
MAR,0.3,S1,xgb,1019,0.9104585350878303,0.3345605979517516,0.0204007271677255,0.00644942046088062,0.015123888050324453,0.05561406385371116,0.0009162249923858022
MAR,0.3,S1,xgb,1020,0.9116380043485327,0.38762524037398766,0.01935041248798362,0.004852154610526139,0.01816338196493775,0.06362734834243128,0.0012343621059759903
MAR,0.3,S2,extratrees,1001,0.9015818598799266,0.34829094721648857,0.020643889447554083,0.00693594785672374,0.011220843830682916,0.05927554833057597,0.0018083195178961915
MAR,0.3,S2,extratrees,1002,0.8942083444555173,0.35775309170678665,0.02051528326760826,0.007744697774288839,0.01651836034415334,0.09622618177418409,0.0013348425399481462
MAR,0.3,S2,extratrees,1003,0.8918700242012754,0.3439643058231607,0.02094740244443028,0.0057580070112392,0.013818406245732702,0.05747636458002751,0.0021219555633118087
MAR,0.3,S2,extratrees,1004,0.8984742795249229,0.3367833602585676,0.0208265404688158,0.00511956114783586,0.01347326894965196,0.0681446147489608,0.0022961231386459035
MAR,0.3,S2,extratrees,1005,0.9043601727937599,0.3662947056301314,0.02033024502529434,0.0079909025823411,0.007551347649537397,0.09048904420897248,0.0015947315788310246
MAR,0.3,S2,extratrees,1006,0.9000346314165822,0.33172263220562787,0.0211135954803713,0.00893536199075598,0.008760231951158683,0.09042299573427309,0.001720911444346711
MAR,0.3,S2,extratrees,1007,0.9035011797698929,0.35301162646303713,0.02102072608635426,0.00899852506522994,0.010846926550723912,0.07924431072354093,0.0018122814031158706
MAR,0.3,S2,extratrees,1008,0.8907134384383341,0.32718902685886164,0.02119738270134962,0.006781095661039581,0.014178402178571343,0.06445825224853487,0.002199845585660191
MAR,0.3,S2,extratrees,1009,0.8930685366484751,0.3450798198103849,0.02094793228273028,0.00764453838126664,0.007290618527359019,0.08152697983510566,0.001800198266571862
MAR,0.3,S2,extratrees,1010,0.9002682558990005,0.3629667901284063,0.0203782493455421,0.007901812339839939,0.010618046067340842,0.07696045859319132,0.0013654970399842455
MAR,0.3,S2,extratrees,1011,0.9001935144052483,0.3305962496099369,0.02140383042644466,0.0070794409453001405,0.009829153712984064,0.07122838781337651,0.0020454334250020476
MAR,0.3,S2,extratrees,1012,0.898385410649906,0.3429323290286099,0.02107936072795402,0.00736559875232696,0.01312659002938778,0.0693230123570211,0.0020290584815154653
MAR,0.3,S2,extratrees,1013,0.8981425923491411,0.35349666549371384,0.02093579162678226,0.0072195905461521995,0.012381091158689676,0.07379207577457625,0.0020971394496149373
MAR,0.3,S2,extratrees,1014,0.89660122578351,0.33724695279696076,0.0208108149847564,0.00624485290023386,0.008401450363312322,0.10129168308142936,0.0016172524032705164
MAR,0.3,S2,extratrees,1015,0.8936131472141909,0.3379311063978701,0.021205290984945398,0.007790905285867039,0.017194530441611188,0.09047813827351701,0.0019252749358438055
MAR,0.3,S2,extratrees,1016,0.9065123559623001,0.35471728860301555,0.02098757592181806,0.0070248931155772795,0.006493475573665194,0.0669496399020393,0.0018636846097897473
MAR,0.3,S2,extratrees,1017,0.8895687093804016,0.33550721618562723,0.02095546021234636,0.00622215018874982,0.01667306743869058,0.10818481454383438,0.0016671208215947094
MAR,0.3,S2,extratrees,1018,0.9039352959466557,0.33109459744537584,0.02129648824104958,0.007797128534276861,0.004411099910781517,0.06706047389560514,0.002006092216261105
MAR,0.3,S2,extratrees,1019,0.9027377974185289,0.3451789673168909,0.020932272586089838,0.0072058163988919805,0.0037870250745384824,0.06709124795831728,0.002169593548551375
MAR,0.3,S2,extratrees,1020,0.8969575123731767,0.3338074808898547,0.02121572657000344,0.007436524364200679,0.011867393819035513,0.07398244551591769,0.0020520094362402835
MAR,0.3,S2,lr_l2,1001,0.8303841302868691,0.25372936768817567,0.022240634085792223,0.00502018057803398,0.04373184556006778,0.07231882768405004,0.0013359012884544296
MAR,0.3,S2,lr_l2,1002,0.8139713498535365,0.2673710340538199,0.021602284203840142,0.00585253085699656,0.028507914481750007,0.1010823982023749,0.0013737167300360497
MAR,0.3,S2,lr_l2,1003,0.8151738539796674,0.2612874731846758,0.0217363123551699,0.00618293522442228,0.03751019512105757,0.053416472314585094,0.0018923463448430255
MAR,0.3,S2,lr_l2,1004,0.8206120042159804,0.26774162406584945,0.02183683812442342,0.005668344260932419,0.03152356672133917,0.03823871067508357,0.0023992903395067653
MAR,0.3,S2,lr_l2,1005,0.8295144714445242,0.2725457990964454,0.021448772880819582,0.00566381971013918,0.03500901300740611,0.07534607001474383,0.0017009682716785978
MAR,0.3,S2,lr_l2,1006,0.8220354679524384,0.26047023587067764,0.0218362435356038,0.00583135989368304,0.03468561442146904,0.07618463976642041,0.0015905253947211863
MAR,0.3,S2,lr_l2,1007,0.8264268658225948,0.29224523547589,0.0210190245143238,0.00521223045857476,0.022331936045041887,0.04972367378354273,0.0020117988001513844
MAR,0.3,S2,lr_l2,1008,0.8133312460405169,0.2521458142195129,0.02198246592879628,0.005765643553400901,0.06407316848964469,0.09482740534480953,0.0014347085638399969
MAR,0.3,S2,lr_l2,1009,0.8260697095929258,0.2477720771182704,0.02190226089144226,0.00516311774128136,0.037840216321042404,0.06151959468775931,0.001523296595728785
MAR,0.3,S2,lr_l2,1010,0.8165920546833801,0.29453886234594806,0.02113062084374474,0.00516448912661548,0.04785058346555056,0.07506760425533107,0.0013809544649430916
MAR,0.3,S2,lr_l2,1011,0.832361916334617,0.23809501427509358,0.0222285602075164,0.00640628234020414,0.013698580266061884,0.04951414338236417,0.002158677121978748
MAR,0.3,S2,lr_l2,1012,0.8245156395275195,0.263932299928949,0.02154241799192024,0.00423255863268486,0.011578569589534148,0.06181833402755338,0.0017191603199451099
MAR,0.3,S2,lr_l2,1013,0.8302883866573574,0.2708496487897674,0.021788239667033,0.00587896952510504,0.03127729402755593,0.062260631280988375,0.0022024183694125056
MAR,0.3,S2,lr_l2,1014,0.8211535591100839,0.25834373181590964,0.02179669364464374,0.00512332683366428,0.030184033710943622,0.07450980101463985,0.0015115130227355551
MAR,0.3,S2,lr_l2,1015,0.825876310441181,0.27105272676567116,0.02187181986924726,0.0068648159096705,0.037824846625671836,0.08635335334845838,0.0017557693512307397
MAR,0.3,S2,lr_l2,1016,0.8248578409255083,0.25832076241649,0.021886667433572,0.006071305892923,0.030870782054913115,0.033011515419535065,0.0020855831278664186
MAR,0.3,S2,lr_l2,1017,0.8102977043723225,0.2454256826480162,0.022076018625446538,0.00457873954166916,0.038170404540176534,0.08189687502546637,0.0014415548766741008
MAR,0.3,S2,lr_l2,1018,0.8220797084255201,0.24960725026735386,0.02204717225218608,0.00541531798268332,0.036632750792769675,0.04652258615944306,0.002130028603145676
MAR,0.3,S2,lr_l2,1019,0.8178299194339518,0.2816579155245324,0.02130736578531678,0.00439956421232654,0.03154761193500553,0.053839902485652985,0.0019391395777394818
MAR,0.3,S2,lr_l2,1020,0.8262498383321925,0.24992223688157228,0.02190649315578334,0.00563143407538512,0.028702187566302412,0.049117085962602273,0.0023789154116872608
MAR,0.3,S2,rf,1001,0.8979410083644683,0.336831938194447,0.0204230819139554,0.0044849476351233,0.020324541087198666,0.06857248095121188,0.0015298140414530491
MAR,0.3,S2,rf,1002,0.8933603942558909,0.34166677474648344,0.02042616723641626,0.005058339174130221,0.01783047072687414,0.07975141664330883,0.0017505227816081443
MAR,0.3,S2,rf,1003,0.8908600656515198,0.3356000099743891,0.02048349725930834,0.00530850176810138,0.015538908078786577,0.06894838146715791,0.0015854340761579867
MAR,0.3,S2,rf,1004,0.8917799552051978,0.326264552172158,0.02055786189405026,0.00567450661091296,0.019735206187073147,0.07403192983057731,0.0019120220522842151
MAR,0.3,S2,rf,1005,0.8948076930775267,0.3386124350542666,0.020472918665515222,0.00444700836230152,0.009505898313191392,0.07370852405437718,0.0017056393980838342
MAR,0.3,S2,rf,1006,0.8940182792697483,0.3278894235439094,0.02057813912158864,0.00549505104154808,0.0097623093656623,0.08254901740994318,0.0017546357853996774
MAR,0.3,S2,rf,1007,0.9013151579516666,0.3589301333185637,0.020173735975645958,0.00531236331646476,0.011758023154727144,0.08383026988979893,0.0012986525495321214
MAR,0.3,S2,rf,1008,0.8818661821174321,0.3029459687713807,0.02087741214070482,0.0053286305799075,0.0203314260402121,0.0993516748759698,0.0015613881572004752
MAR,0.3,S2,rf,1009,0.8836421884036223,0.3376946567270091,0.020386236529980402,0.00440656961194376,0.011598492913443625,0.10124115525624196,0.001202039277639073
MAR,0.3,S2,rf,1010,0.8920451225800548,0.34353569051961297,0.02040087985224792,0.005474462188824821,0.013509257556262444,0.07892207755015036,0.00137452382754173
MAR,0.3,S2,rf,1011,0.8948845596953866,0.31866828770436245,0.02081144321077592,0.00444769009531382,0.006407455307151914,0.06895331790766816,0.0017264737770804157
MAR,0.3,S2,rf,1012,0.8985261162901139,0.3396141465999144,0.02051255305039944,0.00531315276469184,0.020706403492664623,0.05469765031542358,0.0018471181522740098
MAR,0.3,S2,rf,1013,0.8957908764547549,0.32111532624099,0.020749737210854817,0.00417264945569392,0.00898843841730966,0.0953934216074908,0.0014169366520432262
MAR,0.3,S2,rf,1014,0.897136563338375,0.3224615861426205,0.020685646027366077,0.00407149931652288,0.01071035985979253,0.08860760225440507,0.001341192331538995
MAR,0.3,S2,rf,1015,0.8890223792612726,0.3415760816673612,0.020574599899501462,0.00563157942901064,0.022512121324458283,0.07370932196395631,0.0015711719077334174
MAR,0.3,S2,rf,1016,0.8943718020251314,0.33929332381318345,0.02047604782845274,0.00525717095823694,0.008207854175346481,0.05721455850107807,0.0017592551941369018
MAR,0.3,S2,rf,1017,0.8837252773503483,0.32156384456730924,0.0207070981658789,0.00531046388470258,0.017910441149325176,0.10934145571333259,0.0011970989626837634
MAR,0.3,S2,rf,1018,0.8958124491740236,0.3355040907981383,0.02057108409329202,0.005266159602695141,0.008514220435693914,0.07157636373986075,0.0015321310989892247
MAR,0.3,S2,rf,1019,0.8991899798002219,0.34069881092573834,0.02040582381997408,0.00421279644056584,0.004898526840652613,0.07674923064670493,0.001576115033718387
MAR,0.3,S2,rf,1020,0.8964502709095548,0.3359868608411069,0.02052529920975662,0.0044943164564181,0.01637973484747787,0.06882487517739304,0.002170650161903742
MAR,0.3,S2,svm_linear_cal,1001,0.81386112156482,0.2540676841773016,0.022720730807062238,0.0053129769993522594,0.054494149770867875,0.07115469495430105,0.0017960050473459239
MAR,0.3,S2,svm_linear_cal,1002,0.8012766129656705,0.27761954841547426,0.02197158303413978,0.00779544776290686,0.034247272323438584,0.09261274998273065,0.0015532292108382411
MAR,0.3,S2,svm_linear_cal,1003,0.7974412973978475,0.26950227355887435,0.02186655792038156,0.00704495049894682,0.04598564835254327,0.057078967888082144,0.002051124322539385
MAR,0.3,S2,svm_linear_cal,1004,0.8022425914398632,0.2668349843866961,0.0220529520862577,0.0063795315781741396,0.03987581790443294,0.05826753492053839,0.0025123320753234527
MAR,0.3,S2,svm_linear_cal,1005,0.8165922635229693,0.27604322906000894,0.021894715705132718,0.00555406162164978,0.03525363410003442,0.07624668218669348,0.001757400698232626
MAR,0.3,S2,svm_linear_cal,1006,0.8067031290472684,0.26994748444863015,0.02209598203672326,0.00511250088278724,0.043026126654477144,0.09324004187967803,0.001629018953979211
MAR,0.3,S2,svm_linear_cal,1007,0.8103448331066894,0.2932882475887274,0.02144848866779234,0.00559485412917952,0.031370316625796785,0.049083136128802614,0.0021324580074197426
MAR,0.3,S2,svm_linear_cal,1008,0.7970946726262307,0.2635272529407403,0.02198367440058478,0.00553490468612332,0.07614689205011159,0.09353671181794407,0.0017062413206734488
MAR,0.3,S2,svm_linear_cal,1009,0.8152918156238667,0.25795194300012814,0.02200379437693496,0.0063089873601893404,0.04152598019223549,0.06837135505650697,0.0018066374169804873
MAR,0.3,S2,svm_linear_cal,1010,0.7969925047413813,0.30246689007273747,0.02141637015900126,0.006274365200765899,0.06224563233694557,0.07504393387453688,0.0019515786217849484
MAR,0.3,S2,svm_linear_cal,1011,0.8237481186334378,0.2466345807270786,0.02259324310593556,0.006356337643628381,0.024198096143398625,0.05703201174149759,0.002350691897826628
MAR,0.3,S2,svm_linear_cal,1012,0.8097920371063326,0.26955678000793815,0.02163745805245022,0.00567868756095548,0.019701896195295356,0.06682181447432517,0.001679937802531046
MAR,0.3,S2,svm_linear_cal,1013,0.8168282873024939,0.2810722897914856,0.02210596828781618,0.0058580252157465,0.03955220895987508,0.0647034205937887,0.002463057444393463
MAR,0.3,S2,svm_linear_cal,1014,0.8139336886201255,0.25652201792954893,0.02213959129157618,0.00704788228370766,0.03296044589718534,0.07713821737401884,0.0017317715148687635
MAR,0.3,S2,svm_linear_cal,1015,0.8123969828743227,0.28279586992843353,0.02207459260684404,0.00794454168279308,0.04507574015616569,0.09860446778546773,0.0019293570824932276
MAR,0.3,S2,svm_linear_cal,1016,0.8126156498828572,0.2728237504429573,0.02199100205136778,0.0073513168379313,0.03417296642455695,0.04445066127559491,0.0021692628208635637
MAR,0.3,S2,svm_linear_cal,1017,0.7941154473558474,0.2598385600016935,0.02221615747001382,0.00535580420206862,0.03970628422784038,0.08685077448971154,0.0016211028213995377
MAR,0.3,S2,svm_linear_cal,1018,0.8096346959639193,0.2717490498122258,0.02213196622804084,0.006552527447961459,0.04222463699905272,0.05388858185723818,0.002268387551303866
MAR,0.3,S2,svm_linear_cal,1019,0.8020149570157317,0.2800436588052173,0.02166268554625254,0.00585514719123372,0.04122566517926091,0.06624149738936966,0.0019821093603487805
MAR,0.3,S2,svm_linear_cal,1020,0.8102567449433163,0.25695362393972165,0.022178760196644182,0.006527327548007519,0.03842052971427589,0.047078957591129,0.0025210216568310904
MAR,0.3,S2,xgb,1001,0.9143892086864719,0.3948440627942954,0.0192321743816137,0.00671977121508794,0.019595490729335616,0.07218708158405841,0.0013647718588381311
MAR,0.3,S2,xgb,1002,0.9183403011423668,0.3819005726020757,0.0196041882038116,0.0059328369862671195,0.008250222423189698,0.0568681635176468,0.0016774958845933727
MAR,0.3,S2,xgb,1003,0.9094799960184397,0.38448070967836945,0.0194949712604284,0.00614915406913116,0.005648494988633369,0.05135293683484617,0.0016913418295756244
MAR,0.3,S2,xgb,1004,0.9064242763551762,0.3618491860543563,0.01996441818773742,0.007292591297623339,0.012772712479022872,0.07885923318702304,0.002046066534681451
MAR,0.3,S2,xgb,1005,0.9183952746398241,0.3709049469188029,0.01978910788893696,0.0065258615633832,0.007178395297134823,0.07055438094608629,0.001509391999783215
MAR,0.3,S2,xgb,1006,0.9126765596543731,0.3604171442840944,0.01984572596848008,0.00797933141221502,0.008547474799528127,0.0660852318269826,0.001955741198409359
MAR,0.3,S2,xgb,1007,0.9179192303831609,0.3867701320130431,0.01938375495374198,0.00602612155298364,0.020557976778668063,0.0969365445121832,0.001631104731694242
MAR,0.3,S2,xgb,1008,0.9021710427725314,0.3274918948215848,0.02037242799997324,0.00601104334807768,0.0223347670756007,0.08798036344600843,0.001506254535335724
MAR,0.3,S2,xgb,1009,0.9024548928575354,0.347751980686855,0.019929267838597258,0.00638169329655888,0.015764743768346638,0.09152331582196495,0.0014631861895612604
MAR,0.3,S2,xgb,1010,0.918501017932357,0.3802746413344285,0.01950588971376412,0.005418028559341219,0.019973756909371327,0.059907837847870314,0.001498913226883385
MAR,0.3,S2,xgb,1011,0.9175830658466186,0.331470217083406,0.02052460908889766,0.0055279571337541996,0.014042616092130084,0.05993430128620404,0.0018843000032511146
MAR,0.3,S2,xgb,1012,0.9162591104770179,0.3718193822158421,0.019811515137553182,0.00830894347629936,0.006883467332666697,0.03493829736386796,0.0019256203728953097
MAR,0.3,S2,xgb,1013,0.9040060750607808,0.3515918967287046,0.02003731541335576,0.0055876925083813405,0.021800547864472195,0.0959962556677179,0.0019035543344629925
MAR,0.3,S2,xgb,1014,0.9034694441243468,0.32474438102884146,0.020480865985155063,0.00756236127241116,0.011618025522784285,0.09143313604946895,0.00171474255701613
MAR,0.3,S2,xgb,1015,0.9048426133594928,0.37459227934721573,0.01969770714640614,0.006886941427049639,0.014821202403277896,0.0754393739685168,0.0014128005325028347
MAR,0.3,S2,xgb,1016,0.9113396780857599,0.35594781592226676,0.02009364701807492,0.0063856286221097795,0.013763111909192946,0.05111749326251462,0.002074332821673519
MAR,0.3,S2,xgb,1017,0.9114531747060297,0.3336070303696882,0.0203503847122192,0.00642250126156086,0.013348813134206869,0.09096171285122195,0.0011197044052239688
MAR,0.3,S2,xgb,1018,0.9110883849959016,0.35654553070562817,0.020094823837280222,0.0072530407313374,0.013739794056752073,0.03251866297759776,0.0020410816797088445
MAR,0.3,S2,xgb,1019,0.912793733718488,0.3706558885993282,0.01980819180607792,0.00658101404285912,0.019710532388202372,0.07350499640711028,0.001851116290586644
MAR,0.3,S2,xgb,1020,0.9178086645544518,0.36264853823032406,0.01989230960607524,0.0069921154997463,0.006886304300448045,0.05487692334080715,0.0022390788082648438
MAR,0.4,S1,extratrees,1001,0.8515421167617994,0.2446209662996643,0.02278597046487528,0.00427998188467886,0.023754490976157727,0.02188960026003611,0.00033413893918848284
MAR,0.4,S1,extratrees,1002,0.8520321411111885,0.25834301988729935,0.02276236233387004,0.0053123378288957804,0.01912992326680409,0.05514760836698966,0.0005188052741905503
MAR,0.4,S1,extratrees,1003,0.8558296580354877,0.2523970383974599,0.022527448716692523,0.0044127422706393,0.01606077679516817,0.015665629517130825,0.00023738475865996885
MAR,0.4,S1,extratrees,1004,0.850499106971399,0.2458806232386362,0.02264842219489606,0.00505436652581448,0.01637702991594136,0.06104849792165597,0.0005324133519824311
MAR,0.4,S1,extratrees,1005,0.8457818435551456,0.2181597694743939,0.0229072510605066,0.004008759822951921,0.022614782795043153,0.054038865003024725,0.0003425666773512582
MAR,0.4,S1,extratrees,1006,0.847077020669964,0.23130512797269637,0.022711652502077177,0.00528079445176414,0.014800506734719398,0.029249403108098128,0.0003357098600563905
MAR,0.4,S1,extratrees,1007,0.866201153607331,0.24250131100805286,0.02276360878463048,0.00445184048835394,0.0063222412772099435,0.029583053539124195,0.00021046515973419238
MAR,0.4,S1,extratrees,1008,0.8453875669457727,0.26155195097562994,0.02244457141422024,0.0048999018490325005,0.013760993962722845,0.029073119981176784,0.00031920568869333725
MAR,0.4,S1,extratrees,1009,0.8463621518680002,0.24182280578760515,0.02270894728744004,0.00500212927311424,0.019799027763517926,0.0610806932706814,0.0003932867084818533
MAR,0.4,S1,extratrees,1010,0.864175984367144,0.26024056611462576,0.02244063772765642,0.00558041436725662,0.012779123152042006,0.05529061472930362,0.000656485154207748
MAR,0.4,S1,extratrees,1011,0.8463817782125929,0.21738276251093774,0.022801230321441122,0.004350726623602639,0.034298481884511206,0.06992138525540567,0.0007066652015335119
MAR,0.4,S1,extratrees,1012,0.8644520164346716,0.2458880861942947,0.02264068384644832,0.00434518675297106,0.008199850573485433,0.0505267131104228,0.0006544804185888974
MAR,0.4,S1,extratrees,1013,0.8477888157736343,0.24103548298034871,0.0226585194504407,0.0050871289873407,0.019758923373883318,0.04444002907322083,0.0006328601100236814
MAR,0.4,S1,extratrees,1014,0.8498062921224608,0.23662207835807697,0.02277031884912898,0.004383887024544121,0.018576005822947935,0.04753644458842818,0.0004489407158036243
MAR,0.4,S1,extratrees,1015,0.8519314252261605,0.24397657004822298,0.022597513165903742,0.0040229527322324,0.01632725828799451,0.051620477119183536,0.0008106753133744652
MAR,0.4,S1,extratrees,1016,0.8576386687253615,0.24710698888151902,0.02273752869537244,0.0050837955735143,0.015490072810243533,0.07539116745479732,0.0008321302946440207
MAR,0.4,S1,extratrees,1017,0.8538013470824908,0.25442948199431153,0.02240761103747012,0.00461268535491454,0.01724730879249466,0.03909508673415532,0.0005420370124825676
MAR,0.4,S1,extratrees,1018,0.8561831778451211,0.2496337887856795,0.02267177524129816,0.004889377448933941,0.007338183119517402,0.04956415971027629,0.0005443016940917207
MAR,0.4,S1,extratrees,1019,0.8512613327626524,0.2450859111830078,0.022604541303173818,0.00446672811278004,0.02579585347794057,0.03243034264423654,0.0004746663243279332
MAR,0.4,S1,extratrees,1020,0.8447929217706978,0.25131626766154214,0.02247507877930418,0.00464192865811564,0.013907276951805568,0.04536274294239119,0.000734009669464512
MAR,0.4,S1,lr_l2,1001,0.7535310634479383,0.18541647058073832,0.022869359798849482,0.00294663900721304,0.029048767517170372,0.03667748723421775,0.0006276359363883966
MAR,0.4,S1,lr_l2,1002,0.7529183043130722,0.18858861869857124,0.02285448949591094,0.0033251711072273997,0.05115302241863915,0.04035096004007558,0.0006909698688987558
MAR,0.4,S1,lr_l2,1003,0.7467620414838343,0.18093726568666338,0.02296951422848138,0.00462137304486666,0.02115955571350712,0.035212573069603056,0.0007667754548311267
MAR,0.4,S1,lr_l2,1004,0.7674525843170577,0.20124653537785014,0.0228003270529691,0.0037361201592497,0.04817890269715691,0.07023891235842276,0.0008440130498546866
MAR,0.4,S1,lr_l2,1005,0.7687100192004702,0.1685897840510972,0.0231510263325868,0.00425793347939692,0.023606157924770388,0.04588202146786011,0.0006347278620998418
MAR,0.4,S1,lr_l2,1006,0.7718260631645675,0.17781986444198242,0.02297582395341312,0.0029149698412084596,0.02541074231958744,0.039794078417247664,0.0006541726710511705
MAR,0.4,S1,lr_l2,1007,0.7703384773302425,0.17580119115414286,0.023081941473131702,0.0040160591850189,0.014459945381703343,0.03454424222885092,0.00058046649174182
MAR,0.4,S1,lr_l2,1008,0.7664614187963279,0.19767591364611276,0.02270418404458658,0.0029225215554270602,0.02098435956306964,0.026683391158903495,0.00046684455730979044
MAR,0.4,S1,lr_l2,1009,0.7609857995054699,0.17937938736947542,0.02312626463039222,0.00381462668978074,0.00599359341995338,0.0547085872920919,0.0009106477304965484
MAR,0.4,S1,lr_l2,1010,0.7698938443638632,0.19155937890763072,0.02278730057370488,0.004262771524437379,0.022262664269755275,0.03955407702068725,0.0008980396529355315
MAR,0.4,S1,lr_l2,1011,0.7622895781153638,0.17221522017843988,0.02311824516625468,0.0035280018389127004,0.028026401389838224,0.04253513470800506,0.0008938125557484823
MAR,0.4,S1,lr_l2,1012,0.7799134339444138,0.1910744187243334,0.0230005018880962,0.00420616798536836,0.031014753489318297,0.06503009660873499,0.001244203674615258
MAR,0.4,S1,lr_l2,1013,0.7496122686548643,0.19757040329824532,0.02251545649125916,0.00290794733638026,0.029677492973994964,0.04106498733413219,0.0007302543890993729
MAR,0.4,S1,lr_l2,1014,0.7536881010842947,0.17960525848669423,0.0228576571735007,0.0034832366745590196,0.033296906385789214,0.041298359921798394,0.0009679874470339404
MAR,0.4,S1,lr_l2,1015,0.7643555966523318,0.17769431376709585,0.023026157232143702,0.00335445090513202,0.022835859395922396,0.046356465038857285,0.0007454226771063388
MAR,0.4,S1,lr_l2,1016,0.7571833918001066,0.18078540153460926,0.02287604875514892,0.0031007420356751,0.026824562499169834,0.03244832525943075,0.00045980612222452845
MAR,0.4,S1,lr_l2,1017,0.7732264646628101,0.2060830502501593,0.0224298074976691,0.00312717287694272,0.02340109511417897,0.027956465525590078,0.0005811258488282317
MAR,0.4,S1,lr_l2,1018,0.7520363766918907,0.18000751968557166,0.02307196270229582,0.0034414593120732,0.01606932340860717,0.04603864139487219,0.0009238525377758534
MAR,0.4,S1,lr_l2,1019,0.7720898340345449,0.18640763749030226,0.02291472379520928,0.0032854203267794002,0.03000883667466413,0.03927455004202362,0.0006479933674027835
MAR,0.4,S1,lr_l2,1020,0.7418113013732868,0.20099939144991819,0.022562254928047178,0.00334495500238796,0.03508540085131568,0.05247747644045514,0.001004213497852638
MAR,0.4,S1,rf,1001,0.8348279788298207,0.23362164763001422,0.02256408203885784,0.0040102405835806595,0.020678994518199375,0.02848737746856884,0.0005265343411939359
MAR,0.4,S1,rf,1002,0.8439274158024904,0.24493041419921754,0.02213348413797468,0.0027394037995852,0.0201259708102262,0.04192925687336399,0.0006175693354218725
MAR,0.4,S1,rf,1003,0.8473583178308335,0.24480915058805905,0.02212858036516662,0.00271824002368142,0.015290742595827031,0.028879426726884636,0.0005015492820677781
MAR,0.4,S1,rf,1004,0.8355447884386976,0.23707072855252914,0.0223295108988312,0.00380248492808572,0.01422483664101822,0.06738519504336564,0.0010158512194010738
MAR,0.4,S1,rf,1005,0.8440917337060373,0.2042263796786056,0.02264907855228536,0.00305417832706302,0.017575339779522612,0.04462167695024334,0.0006184613581925852
MAR,0.4,S1,rf,1006,0.8429838543479548,0.21813528349587066,0.0224297994676946,0.00320602130990416,0.018432244307073707,0.03740773891683713,0.0004672724984650243
MAR,0.4,S1,rf,1007,0.8563697457384938,0.22510369950666448,0.022326087713867522,0.00229410651611876,0.016465286150460785,0.031367716079848965,0.0002821822583781124
MAR,0.4,S1,rf,1008,0.8338637897065885,0.2534572682712276,0.02196714275890356,0.00249944676458752,0.01362312851031288,0.017626439693240892,0.0003700937628536488
MAR,0.4,S1,rf,1009,0.8442710239656428,0.23521769421738722,0.022174800035241297,0.00419742170594094,0.02974323656124712,0.061707597936335366,0.0008011549091609327
MAR,0.4,S1,rf,1010,0.8487378077908654,0.24344963674920975,0.02200221094785244,0.0035378045615892403,0.015024295080736143,0.04043384526701372,0.0008268947745591059
MAR,0.4,S1,rf,1011,0.8351916642294777,0.22455055546584807,0.0223239185462142,0.0033579309060947997,0.04376771317560136,0.07210462066224436,0.001124414225046472
MAR,0.4,S1,rf,1012,0.8562965419214418,0.23828714077968377,0.02210994958737,0.0028822607922172803,0.012892804529275595,0.05069039804172248,0.0008742413185885187
MAR,0.4,S1,rf,1013,0.8392563197694567,0.2206330377007964,0.022384597419236978,0.00405072823385828,0.020480727472613362,0.038482483331043,0.0007035652396844153
MAR,0.4,S1,rf,1014,0.8308766603047525,0.21740195325498318,0.02256571828792982,0.00327985423647148,0.027551185107024208,0.04098167921194454,0.0007344892437787501
MAR,0.4,S1,rf,1015,0.8463357092710948,0.22632688599891262,0.02235312803996,0.00335762026293144,0.017579240760749057,0.05291700898475091,0.0009706477179160745
MAR,0.4,S1,rf,1016,0.8496715691817867,0.24603430507986218,0.02198999307557602,0.00356302927911062,0.020968550685494095,0.07537738067219038,0.0008611101313231278
MAR,0.4,S1,rf,1017,0.8428079810614053,0.24359891014055957,0.02207151099667664,0.0034944971186470198,0.023751826958740254,0.033742494994388236,0.0005758838374602597
MAR,0.4,S1,rf,1018,0.844742165813799,0.23868459573779166,0.02223000261702688,0.00310443958313072,0.01311111413778505,0.04553971034133092,0.0007727928877903259
MAR,0.4,S1,rf,1019,0.836847879873174,0.22826091001932788,0.0222707925394488,0.00318126532400074,0.024252392747336354,0.029982869084242057,0.0005645746365251302
MAR,0.4,S1,rf,1020,0.8418362640460975,0.23952614365134925,0.02211132909209178,0.00255064484418936,0.016093385749559652,0.05283972010677638,0.0009149411989398214
MAR,0.4,S1,svm_linear_cal,1001,0.7416841882776488,0.19241702967199423,0.0231147464581888,0.0034824541042993208,0.028479299178365242,0.028255803276504555,0.00032715014934195575
MAR,0.4,S1,svm_linear_cal,1002,0.7477808814513871,0.1949667560546347,0.02310050787198888,0.0036297028498039003,0.05616204511865225,0.03365842932039054,0.00033918378841548373
MAR,0.4,S1,svm_linear_cal,1003,0.7360639001807165,0.19125282929779527,0.02297132761948924,0.0032485052522404,0.015726390450959193,0.020880610184477826,0.0003266387221020375
MAR,0.4,S1,svm_linear_cal,1004,0.7538942666922234,0.19977599233968732,0.023404359586384822,0.00378561208468224,0.0543447737588435,0.07330515412496945,0.0004704360166990487
MAR,0.4,S1,svm_linear_cal,1005,0.7581542690157234,0.17356424199290613,0.02331814099620136,0.00252347582920896,0.03367894295110099,0.04714864411201797,0.0005996240944325702
MAR,0.4,S1,svm_linear_cal,1006,0.7591851513236223,0.1763517086962356,0.02338310022170948,0.0035626659656499,0.034831381301455355,0.04294681847953271,0.0005542999908020316
MAR,0.4,S1,svm_linear_cal,1007,0.7655952975991749,0.18384028721685813,0.02318368986862454,0.00337277861593226,0.02274281305924757,0.02871461959448616,0.0004612186925342273
MAR,0.4,S1,svm_linear_cal,1008,0.7567698772111332,0.21447848169758568,0.02304548597553276,0.0036329811007225405,0.0200273110136053,0.037730509135468604,0.0003822234462900227
MAR,0.4,S1,svm_linear_cal,1009,0.7473709601164018,0.1939358712107978,0.02318801396105282,0.0029033582612425597,0.013577209595966307,0.04977763695688554,0.000454258637658075
MAR,0.4,S1,svm_linear_cal,1010,0.7559981856971267,0.1937848631676004,0.02288047639914562,0.0043246388550580595,0.03019866604086413,0.03745521833145946,0.0006422202722263155
MAR,0.4,S1,svm_linear_cal,1011,0.748232285003301,0.17865692527960894,0.02321289961855108,0.0029805718305233597,0.02681538552196835,0.05034995358765914,0.0008300406988564459
MAR,0.4,S1,svm_linear_cal,1012,0.7702283925566002,0.19519287649533218,0.0232010172182775,0.00328750805240196,0.04241691970924999,0.06654795747165167,0.0007158135142772738
MAR,0.4,S1,svm_linear_cal,1013,0.7310203894747908,0.20685254896313537,0.02272043561453618,0.00343932060086822,0.03366009634862783,0.04811756122124156,0.0007249695276568507
MAR,0.4,S1,svm_linear_cal,1014,0.7426706056740553,0.16888104968437906,0.02325726621385516,0.00294644380958176,0.03195732066648894,0.04742779516108194,0.0007245428767793863
MAR,0.4,S1,svm_linear_cal,1015,0.7559824769019388,0.1842288627524611,0.023170264931044078,0.00338299749220868,0.032133499542443815,0.040500689227232115,0.0006469238860796612
MAR,0.4,S1,svm_linear_cal,1016,0.7477131165336068,0.17625423777669652,0.02341435790004756,0.00356415941639322,0.035414200382430754,0.030493134900380692,0.0003777538457902503
MAR,0.4,S1,svm_linear_cal,1017,0.7663598865215463,0.20999378358195725,0.02278748735935754,0.00421563665776072,0.03482815026119056,0.032669398417933065,0.0007185895799583704
MAR,0.4,S1,svm_linear_cal,1018,0.752210576996378,0.19351287805717968,0.0232682257681807,0.00295099004395198,0.026899696393256494,0.049116380979921416,0.000743960205537886
MAR,0.4,S1,svm_linear_cal,1019,0.7625525037785623,0.1852374425203377,0.02313905628190798,0.00286120453789718,0.01967827246505345,0.022160424688943223,0.0004509135309871161
MAR,0.4,S1,svm_linear_cal,1020,0.7287243822982337,0.20147444026652836,0.02300640778527278,0.0037625438283767606,0.035448175864293184,0.04310814468686489,0.0006594445790320493
MAR,0.4,S1,xgb,1001,0.8687429644100264,0.2765077458356806,0.02141415290534492,0.00430959029135626,0.013759596700853739,0.033979314347916165,0.00047200922260814114
MAR,0.4,S1,xgb,1002,0.8684796215803925,0.2875318068663943,0.02132164984941478,0.00621762579476508,0.030751685754675382,0.07005520155084162,0.0008708230227263258
MAR,0.4,S1,xgb,1003,0.8569250529913306,0.2646182658982278,0.02151426486670966,0.0045528197412317995,0.01614987936206881,0.019667061869287805,0.00026558776684604615
MAR,0.4,S1,xgb,1004,0.867980015253265,0.26381738360112034,0.02168557383120056,0.00559604306286786,0.009854179624015415,0.08073481095014173,0.001296651693164987
MAR,0.4,S1,xgb,1005,0.872658514443974,0.2465567006939736,0.02191004417836662,0.004538689622175,0.019590703230843,0.04118713967437981,0.0005869551882752859
MAR,0.4,S1,xgb,1006,0.8656062949327961,0.25241773639606596,0.02174148745834824,0.00469023424488874,0.013934885814152195,0.03587337843424369,0.000515878282726868
MAR,0.4,S1,xgb,1007,0.8631550251198238,0.24984895133207127,0.02178284265100948,0.0049864579769481,0.021549044451011006,0.02587773907221168,0.0005218319715410442
MAR,0.4,S1,xgb,1008,0.8413272066566447,0.27463600165508983,0.02145171687006946,0.004934758359442,0.03604270311048601,0.04439323450935182,0.0005984796252572896
MAR,0.4,S1,xgb,1009,0.8732267373935155,0.30808812450692225,0.02088176347315306,0.004550263273115721,0.021781339817028886,0.050539730821522404,0.0006901647300893457
MAR,0.4,S1,xgb,1010,0.8657753423319242,0.27393944664189346,0.021343049779534322,0.0051492232165156,0.03888919091974505,0.056733700121060694,0.0011129926852443538
MAR,0.4,S1,xgb,1011,0.8675475286474473,0.27556065542152103,0.02140869833528988,0.00543223390672168,0.03372275532160096,0.06018682441426032,0.001063721597965133
MAR,0.4,S1,xgb,1012,0.8743569958440863,0.2721226105564166,0.02145237326622004,0.004575337683946639,0.011163014755873023,0.027939330125935784,0.0006862273338027836
MAR,0.4,S1,xgb,1013,0.8593096931464256,0.2613551274911896,0.02161755189299578,0.00490443072040568,0.02051696159673915,0.0323736364671792,0.0006677419904473069
MAR,0.4,S1,xgb,1014,0.8606885924769048,0.22152546973825338,0.0222565002739429,0.00590318589229724,0.021411341553910706,0.02951344671956301,0.0003137248122991561
MAR,0.4,S1,xgb,1015,0.8651642211654996,0.23817891036867733,0.022072629258036557,0.00639336615605454,0.021345086745587938,0.059685933543886696,0.001024027516710466
MAR,0.4,S1,xgb,1016,0.8751615960659105,0.29225292956124427,0.02117910087108608,0.00489059581528542,0.022705351885295173,0.07012617567520084,0.0011746780386897755
MAR,0.4,S1,xgb,1017,0.8781762082096727,0.2632479465267739,0.02161824554204936,0.00483136373169354,0.0140470210854809,0.03168758405638079,0.0005640366684488764
MAR,0.4,S1,xgb,1018,0.8635295130213395,0.2594177197049531,0.02176103182137008,0.0051339651351373795,0.02342253194727953,0.034049632438661014,0.0004460936988691772
MAR,0.4,S1,xgb,1019,0.8714099582922488,0.27064832433075253,0.02145623862743374,0.00488705980001164,0.012196173875650047,0.0407605225127476,0.0007374983088026842
MAR,0.4,S1,xgb,1020,0.8641865701881388,0.2786319716338734,0.021341676265001257,0.0048798594124642,0.02167602058952168,0.05381289289793127,0.0010238706985006196
MAR,0.4,S2,extratrees,1001,0.8498192497975753,0.2324489226309984,0.02261020372274396,0.0055584111820363,0.016821325494117755,0.09327093663752428,0.0020169461610535554
MAR,0.4,S2,extratrees,1002,0.8478242447004039,0.2256350317922693,0.022855355196244397,0.0041463955689668795,0.012163846574550857,0.033485763082922775,0.0024808055527763334
MAR,0.4,S2,extratrees,1003,0.8360178864507144,0.22641855486316048,0.022788539515135358,0.0050791761260668995,0.009044536533293297,0.05184284117763255,0.0023392894783702697
MAR,0.4,S2,extratrees,1004,0.8548405314534566,0.2300465111492554,0.02273166785494326,0.0044932261887876196,0.026990349295997938,0.0770382128477073,0.0021793151883103836
MAR,0.4,S2,extratrees,1005,0.8443082504922155,0.21869382687758482,0.02279795857518854,0.0043594527238144,0.009193772502262349,0.030823948447450553,0.0025138474464082975
MAR,0.4,S2,extratrees,1006,0.8612559878890454,0.25511902544581566,0.02247460592124284,0.0065439405181385,0.02215880553275074,0.05193364969324151,0.0022723707376994633
MAR,0.4,S2,extratrees,1007,0.8480986811577942,0.22980398494707938,0.02271370640659732,0.004769560007827039,0.011569932909311012,0.06643011803928645,0.0021612735122447575
MAR,0.4,S2,extratrees,1008,0.8550167767631575,0.2471369896217938,0.0226147150794172,0.00696298473308918,0.012397589459634541,0.055768889973754544,0.0024078085401230847
MAR,0.4,S2,extratrees,1009,0.8461018912656824,0.23930428489563904,0.02265795643556216,0.0058933025353830205,0.015102206024220865,0.06837577302196132,0.0022842799760192187
MAR,0.4,S2,extratrees,1010,0.8437597883431497,0.2399442651720042,0.022732691742212797,0.006464698763029001,0.018678131608399227,0.05268450039459839,0.002240717034193873
MAR,0.4,S2,extratrees,1011,0.8505595850961314,0.23383971550556834,0.0226794749633906,0.0050252414337064195,0.025749244276965573,0.05695629380203722,0.002244808786672719
MAR,0.4,S2,extratrees,1012,0.8539959568346802,0.25527639345767295,0.02251732250010564,0.0046262909784193,0.023887478396424026,0.07084487588876634,0.0021545814665216716
MAR,0.4,S2,extratrees,1013,0.8475180237327289,0.22118107454444963,0.02281505677385236,0.00653256763444286,0.01024469916172611,0.051484030297640405,0.0022883205266122602
MAR,0.4,S2,extratrees,1014,0.8599330947522505,0.2564863684587448,0.022470851559527,0.00551865194265086,0.019667910397727747,0.0488935943778765,0.0023994203341116075
MAR,0.4,S2,extratrees,1015,0.854742845911008,0.2486626535040521,0.02246768683999996,0.0050619357014967,0.008571672867537856,0.08374041019497915,0.0021950571053145056
MAR,0.4,S2,extratrees,1016,0.8517504300691543,0.2311070432844553,0.022651302754922963,0.00557001300762356,0.015213939807426947,0.07977240128612018,0.0019575451618354155
MAR,0.4,S2,extratrees,1017,0.8484015615543935,0.2506942978876473,0.02240829465550222,0.0059567226319373195,0.010799386534691988,0.0516049640295061,0.0022748207149933144
MAR,0.4,S2,extratrees,1018,0.857920500972412,0.23919421125717522,0.0226322550785132,0.00557601381049404,0.0166602061942842,0.06887347458717628,0.0022101833606419214
MAR,0.4,S2,extratrees,1019,0.8446570702315229,0.2244396104457394,0.022717753128661262,0.00432743899116622,0.005307518271830826,0.06272102644484205,0.00211975342485229
MAR,0.4,S2,extratrees,1020,0.8447853054969127,0.21864737830144382,0.022842046834387942,0.0048777695704983,0.019512691120864834,0.05590255388049607,0.0022766035730285086
MAR,0.4,S2,lr_l2,1001,0.7589618737649241,0.19004054254699623,0.02308679539717266,0.0044019839463124,0.03354441902292061,0.07977360669553209,0.0022723663400756517
MAR,0.4,S2,lr_l2,1002,0.7699539442382111,0.17340680823138505,0.02309392530591366,0.00498322544778706,0.025969692275190998,0.043731364185578395,0.0022763694137560905
MAR,0.4,S2,lr_l2,1003,0.7590953710646585,0.1804982026232096,0.0229634572841899,0.00619619575714392,0.022845960205763967,0.049839105222993035,0.0018351762667742231
MAR,0.4,S2,lr_l2,1004,0.7739374177314008,0.1835797574543006,0.02307386248113702,0.0052816983990103,0.03648824195593098,0.06410053704079526,0.0019597014683179815
MAR,0.4,S2,lr_l2,1005,0.7570482771556383,0.1760939236304584,0.02307600324469514,0.0048473344441014605,0.03743499733388951,0.03412288002580943,0.002602604428380869
MAR,0.4,S2,lr_l2,1006,0.7778431808600161,0.19857911675124668,0.02263099782244098,0.0047432550656347,0.036979423130740964,0.049997516677531335,0.0020492289204873974
MAR,0.4,S2,lr_l2,1007,0.7537180013357394,0.1628303656095445,0.023362475607212618,0.0041575930734792,0.03553838023312047,0.04328204724682366,0.001889581153910394
MAR,0.4,S2,lr_l2,1008,0.7765970498970158,0.1818795450889294,0.02295246407990116,0.00578107207995568,0.036510899690490733,0.04277981616719542,0.0024950123857303977
MAR,0.4,S2,lr_l2,1009,0.7529236306676966,0.18246991021854972,0.0227690074123481,0.00373092459421588,0.029377003755211704,0.04198747314314778,0.001995367693027711
MAR,0.4,S2,lr_l2,1010,0.748453353348528,0.20223587540574495,0.02266423588670024,0.0056077055687907195,0.033945278671872726,0.04552674938939006,0.0019564224345037977
MAR,0.4,S2,lr_l2,1011,0.7675902516934746,0.1838801896470748,0.02305269447545666,0.00583377811973664,0.027658959991834146,0.056060011380456805,0.0018329635507137669
MAR,0.4,S2,lr_l2,1012,0.75814797033535,0.20062390296790164,0.02238483688812238,0.0033143699579553194,0.029673215253107635,0.05606508854186285,0.0020729361583499265
MAR,0.4,S2,lr_l2,1013,0.7665596750673606,0.185616785662275,0.023072923943072098,0.00557633767746554,0.04174119914580622,0.03238511651213842,0.002310620872028112
MAR,0.4,S2,lr_l2,1014,0.7663942149013423,0.20571748477248045,0.02251792440691004,0.0046736998667534,0.0272034522731684,0.04776430185589512,0.0021102358763386902
MAR,0.4,S2,lr_l2,1015,0.7564289044429101,0.19416030448937147,0.02269334287754576,0.00576135221145764,0.03886036534032194,0.07577592620133917,0.0020771201037006488
MAR,0.4,S2,lr_l2,1016,0.7612183835284686,0.1885870772473029,0.022672971540822682,0.0045204376239449,0.037187719501474814,0.07141870340191174,0.0016504229817507594
MAR,0.4,S2,lr_l2,1017,0.774381344391835,0.18738683315056925,0.022842720180898342,0.00503316908695538,0.0331491960458842,0.04875639845345768,0.0021392196313663354
MAR,0.4,S2,lr_l2,1018,0.7563302120472375,0.18400936447598978,0.02288995362126492,0.00417799901374018,0.04073515740232501,0.0824161410118464,0.002115805555926751
MAR,0.4,S2,lr_l2,1019,0.7524106783982838,0.1688860517117447,0.02322748266469002,0.0048256081153352,0.02450922710929269,0.05877586189141298,0.0016840883009293119
MAR,0.4,S2,lr_l2,1020,0.7594762731892821,0.16960071639458824,0.023229904598158817,0.006265009902476399,0.04009538170774024,0.0686561623485139,0.001793194615703025
MAR,0.4,S2,rf,1001,0.8475349458159009,0.22412112884801855,0.02229894078140898,0.0045529665120354595,0.019425896950602914,0.08853760260941801,0.00155758858987965
MAR,0.4,S2,rf,1002,0.8403154953998027,0.22007980884033745,0.0224364990786817,0.00495159310129496,0.020215333804622933,0.03804793705995517,0.002245066685880812
MAR,0.4,S2,rf,1003,0.8267832868785444,0.20410913692086563,0.0226894146666743,0.00436425187991124,0.011731432288089852,0.05507572451722696,0.001966668569628693
MAR,0.4,S2,rf,1004,0.8436712433639949,0.22593711633942953,0.02230052616265046,0.00437476576065492,0.024442535385526817,0.07349941144474138,0.001980643702268039
MAR,0.4,S2,rf,1005,0.8373120047715841,0.20205409670088303,0.02268443604261542,0.00524233848427098,0.01441214529698151,0.019028230072409898,0.002422886383945531
MAR,0.4,S2,rf,1006,0.8592462467981153,0.24115174129173314,0.02211109405600872,0.00435534785113862,0.012876493716459275,0.06647711527196032,0.0019364462395732027
MAR,0.4,S2,rf,1007,0.8316994105116023,0.22139133138755174,0.02225937211701534,0.00477441279677198,0.014717906570392193,0.06437891068166612,0.00191992186598736
MAR,0.4,S2,rf,1008,0.8471879127621182,0.22782670282791423,0.02225268241822398,0.0036299987450510002,0.011515689957861456,0.05287387039152568,0.0022157638418331344
MAR,0.4,S2,rf,1009,0.8366644233426024,0.22170469460212666,0.02242317909384544,0.004211836265902,0.009100669702173656,0.06930759889753801,0.002253387827801847
MAR,0.4,S2,rf,1010,0.834425202190792,0.21449932758545348,0.02242961566121214,0.00402154009719452,0.011007875215916901,0.030562616670646463,0.002212383502525383
MAR,0.4,S2,rf,1011,0.8419181234032236,0.23830999205608822,0.022110630957924683,0.00442475290191614,0.02412427146824249,0.04265176729667699,0.002047114311869696
MAR,0.4,S2,rf,1012,0.8390457650551537,0.23910711917684901,0.022157795437338302,0.0048633814442589,0.022157356446597398,0.07954884371332548,0.0015488135452880545
MAR,0.4,S2,rf,1013,0.8356253933872264,0.21512905642416286,0.02246528768744272,0.00480993839868858,0.00550327830477233,0.05316194133296298,0.0017952955074038463
MAR,0.4,S2,rf,1014,0.8538501083563681,0.24597367799162512,0.02203216035200968,0.0048870919290558,0.01577881380211341,0.032132815256614954,0.0022829805903156106
MAR,0.4,S2,rf,1015,0.8348119742558581,0.2271858145315996,0.02232357911376118,0.0036772629221267796,0.005401963361772499,0.07099708800672495,0.0018985433782140525
MAR,0.4,S2,rf,1016,0.8408349199572861,0.2297010296174923,0.02218354536494236,0.00443441310821086,0.02212095049384783,0.07758463664066298,0.001710875062174368
MAR,0.4,S2,rf,1017,0.8453592425081619,0.24790567512332945,0.02193468700732146,0.00375953724783122,0.016590055405066948,0.051605240466455135,0.0020374810127047494
MAR,0.4,S2,rf,1018,0.8402185877939257,0.23483707756051775,0.022334504809451462,0.0059968330250417794,0.0268655136980718,0.07408195587670942,0.00197628433154725
MAR,0.4,S2,rf,1019,0.8347230335993938,0.22592870031255083,0.02243723792572334,0.0044630753870789994,0.01555126656760365,0.06479154488574489,0.0019227865927851104
MAR,0.4,S2,rf,1020,0.8400740725501485,0.2223443302570244,0.02230281797242222,0.0037729630231716203,0.015610428656515,0.06092777270445845,0.0018687507255436377
MAR,0.4,S2,svm_linear_cal,1001,0.7482822664269954,0.18964710862104242,0.02367517264105232,0.005028242887013939,0.027895343505428712,0.08930054253832875,0.0025901500137955748
MAR,0.4,S2,svm_linear_cal,1002,0.7583122120979318,0.17314595986667508,0.02330360313421926,0.00519223773917852,0.02981050644249404,0.04829884694759498,0.002414955984551802
MAR,0.4,S2,svm_linear_cal,1003,0.7511221335982055,0.18815614645421427,0.023223882046882117,0.0075223079801546204,0.026501266111038937,0.0508579991277131,0.0023122303373514837
MAR,0.4,S2,svm_linear_cal,1004,0.7584276870757771,0.18734720713575523,0.02316317172783906,0.0050359266318729,0.0370201299263436,0.05772518883472526,0.002305382912069372
MAR,0.4,S2,svm_linear_cal,1005,0.7397356954387003,0.1790953237603185,0.023377880572013558,0.00456322642530826,0.048448005681629755,0.035388199582614,0.002671661843397541
MAR,0.4,S2,svm_linear_cal,1006,0.7623554580044719,0.19367873908524502,0.02313361542422494,0.00471674121368614,0.043265024743312584,0.04294699062376762,0.0023955043282509842
MAR,0.4,S2,svm_linear_cal,1007,0.7417547425603936,0.1682108700827595,0.02359249321054688,0.0040678884192397605,0.038618818229591755,0.040346478188865095,0.0025779634535113105
MAR,0.4,S2,svm_linear_cal,1008,0.7624519812398924,0.1936217159207673,0.02337442587894934,0.00532826184375356,0.042629254605339194,0.049424043479111814,0.00282584289627725
MAR,0.4,S2,svm_linear_cal,1009,0.7440212216089787,0.1954740972670364,0.02302307658829332,0.00405701484771322,0.02964343253750306,0.053438054168405684,0.002232729126018578
MAR,0.4,S2,svm_linear_cal,1010,0.7370510277188144,0.19553599942411096,0.0232664507742045,0.00507676555743594,0.04003978385064424,0.047967497373160285,0.0024376324762283913
MAR,0.4,S2,svm_linear_cal,1011,0.7572712801943426,0.19146450240977902,0.023375747245780402,0.004966678817234819,0.03680286301007953,0.06447539789632085,0.0023313008741132645
MAR,0.4,S2,svm_linear_cal,1012,0.7465295993075737,0.2034124476933484,0.02293441452537618,0.0048191716744949405,0.023909139720299594,0.04812660857278752,0.0023892781362769176
MAR,0.4,S2,svm_linear_cal,1013,0.7609823409177043,0.18088726257412344,0.023586834676343798,0.00525407266171612,0.04261919213056377,0.027981161104311605,0.002776881711723666
MAR,0.4,S2,svm_linear_cal,1014,0.7532692968101724,0.20240766705722937,0.022811940589054037,0.00555653399436934,0.03298101584546506,0.043850178687040706,0.0025252168309820504
MAR,0.4,S2,svm_linear_cal,1015,0.737630552371553,0.20014384413984235,0.0229127047083828,0.00665641837858528,0.041125682143241485,0.06907713639926526,0.0023962463942128437
MAR,0.4,S2,svm_linear_cal,1016,0.7516499692436718,0.18353658901634204,0.02322496951796654,0.00428763933380848,0.04226784885631089,0.07370762065519158,0.001822958057009024
MAR,0.4,S2,svm_linear_cal,1017,0.7610894367343375,0.1903613432171051,0.02333827141330978,0.00514847809755588,0.031548922063137474,0.047203072676781595,0.0024615401913400843
MAR,0.4,S2,svm_linear_cal,1018,0.742667410232204,0.19498846078441606,0.023104137555007943,0.00419871523147144,0.04591837065857489,0.07602597148582917,0.0022707645256429118
MAR,0.4,S2,svm_linear_cal,1019,0.7385494271298403,0.17291551761089188,0.02343676457537508,0.00432525090144346,0.03448155148576723,0.053980408847198944,0.0022942497637448247
MAR,0.4,S2,svm_linear_cal,1020,0.7481293069777734,0.16964306810507226,0.0233487229634678,0.0059332143464894,0.042168068437069516,0.06062794508438802,0.0021290832855573173
MAR,0.4,S2,xgb,1001,0.8668107942137713,0.2732825904036639,0.02131337933242314,0.00430904351375176,0.020816123742632742,0.07948336053825351,0.0016773563357307193
MAR,0.4,S2,xgb,1002,0.8585421121566214,0.23776796990312507,0.02193891555070872,0.00544512418950756,0.02244527340619513,0.0590194656096598,0.0018043041507730291
MAR,0.4,S2,xgb,1003,0.8508588059541612,0.24646959577484825,0.02178437821567054,0.0061463771752816605,0.016277454212502106,0.04931669486217783,0.0019556171737014983
MAR,0.4,S2,xgb,1004,0.8785532222495073,0.2657776647457982,0.0215769793838262,0.00524614502918086,0.04026666115883732,0.0651705894324899,0.001753702691654971
MAR,0.4,S2,xgb,1005,0.8566063188257284,0.22870971863133255,0.022154122963547664,0.00630458126327548,0.016386381749041484,0.02809404369624337,0.002396276542582663
MAR,0.4,S2,xgb,1006,0.8721049106334375,0.2707521112807315,0.02164622880518432,0.00588988216333746,0.015813637336771543,0.0809830604062747,0.0020032262002874393
MAR,0.4,S2,xgb,1007,0.8589665517903573,0.23075555169687978,0.022132555022835683,0.0062815454886355395,0.029272452838970904,0.07820250157791232,0.0014945546176293224
MAR,0.4,S2,xgb,1008,0.8721824096462811,0.2873842237520695,0.0211319055408239,0.0044822528298033,0.020249250546372007,0.019590311721794262,0.0025559923950783676
MAR,0.4,S2,xgb,1009,0.8636592027250641,0.24843952233768193,0.021877633407711962,0.00581358158069172,0.022353819354477986,0.05227256425014402,0.0018319881836349797
MAR,0.4,S2,xgb,1010,0.8510419286282345,0.25856030678278846,0.02157875746488568,0.005192017956944279,0.017484817416291997,0.055267034620609445,0.0019320224224730416
MAR,0.4,S2,xgb,1011,0.8571638947807456,0.27162021330510805,0.02143090777099128,0.0048181332140965994,0.025990226086304614,0.0778956699539284,0.0015697757459325352
MAR,0.4,S2,xgb,1012,0.8589023835787817,0.26940214993392153,0.02149100974202152,0.00527323895060256,0.02433261270976797,0.047387652270790746,0.0019478107714799324
MAR,0.4,S2,xgb,1013,0.861961040481021,0.23299992937145123,0.02206341847777362,0.0054199678851199395,0.01742127805603929,0.051795332498056165,0.0020284677018377606
MAR,0.4,S2,xgb,1014,0.8753981572892504,0.2822536287426648,0.02134780324995516,0.00485915481485548,0.006165305424535464,0.025004382840536698,0.002423301336246575
MAR,0.4,S2,xgb,1015,0.8605549115317738,0.24355967780873938,0.02192401401698586,0.006083489431961001,0.0235801331615657,0.061407055672647703,0.0019179275753094434
MAR,0.4,S2,xgb,1016,0.865604385366345,0.24349104394819063,0.021878530830144842,0.00638373941768248,0.019332483506093012,0.06545427442690296,0.0018500479419783303
MAR,0.4,S2,xgb,1017,0.8781538213998292,0.28174650321164396,0.021271456778049418,0.00663212788077974,0.008384709438959739,0.06249820075539975,0.0016995056485592359
MAR,0.4,S2,xgb,1018,0.8701800749478761,0.2730001533000778,0.02152350321412082,0.00686129495027608,0.02735679985632011,0.05129316667924572,0.0022372489880830553
MAR,0.4,S2,xgb,1019,0.8675179234362276,0.25082432578997105,0.021847878023982,0.00607884328226862,0.025625841712377802,0.0632220943837263,0.0018766875822898944
MAR,0.4,S2,xgb,1020,0.8598288971362955,0.2548902756228473,0.02169654183089728,0.00560208382454116,0.04319085888070514,0.06637979637084657,0.0017189640598160867
MAR,0.5,S1,extratrees,1001,0.782751189997188,0.1574820376173638,0.02373946554327442,0.00239005974818192,0.02269030874660539,0.02118093256989475,0.00011876871267551131
MAR,0.5,S1,extratrees,1002,0.7690337688207067,0.13380319297024731,0.02393299838990398,0.00220538659270736,0.03204134580238717,0.01772652385622993,0.00023311498953108688
MAR,0.5,S1,extratrees,1003,0.7775105642393906,0.1456823576110434,0.023910983577908003,0.00229686764958186,0.011426823300304416,0.022946607414842165,0.0002186196946306424
MAR,0.5,S1,extratrees,1004,0.7659558150842405,0.1375775835700613,0.02390320131944922,0.00278986240833898,0.036296131031573,0.05287817130984713,0.0004678757958343495
MAR,0.5,S1,extratrees,1005,0.7708798592828299,0.1378127901425917,0.02388663206532462,0.00230108666736642,0.030064427949162316,0.03549787220419393,0.0004907349365716445
MAR,0.5,S1,extratrees,1006,0.7575155200041973,0.13039459673246107,0.02399973252341624,0.0017269632905563398,0.01652221457032986,0.02924059483813832,0.0003549404214634178
MAR,0.5,S1,extratrees,1007,0.7960596211563231,0.15600916415456206,0.023888375911549083,0.0025171608285242597,0.02477900354448206,0.01566099448387203,0.00048455371680540267
MAR,0.5,S1,extratrees,1008,0.7529954905541947,0.13583345601347172,0.02389491797186238,0.0026922780320666204,0.025523602785125422,0.01522449664271948,0.0003956347381553706
MAR,0.5,S1,extratrees,1009,0.7555669423683098,0.13312437051906117,0.023808151831935957,0.00206967518568218,0.02009148631936906,0.03675753025146019,0.00022256913580325177
MAR,0.5,S1,extratrees,1010,0.7811068962393993,0.14630513578531967,0.02393227095666742,0.0022261021849089,0.03165986246466176,0.021789684410403076,0.00023842237503089383
MAR,0.5,S1,extratrees,1011,0.7830361998432405,0.1466043116502213,0.024023209441326097,0.00266106526162372,0.012459849276106973,0.06839136005962795,0.000490480501265659
MAR,0.5,S1,extratrees,1012,0.761173696399741,0.12595046068643506,0.02396997663190072,0.0017344334319048399,0.011412465878254032,0.02874080205400867,0.0004288242441592518
MAR,0.5,S1,extratrees,1013,0.7787751157905264,0.13924327298886005,0.02378598775986394,0.00282074545044856,0.021884935350555298,0.01966293865647347,8.680763235076691e-05
MAR,0.5,S1,extratrees,1014,0.7802425267906711,0.12398082754620739,0.024011529512691483,0.00181090433607366,0.029963855175065196,0.028409325809786064,0.00025203620337678484
MAR,0.5,S1,extratrees,1015,0.7568317060632385,0.1318535049146667,0.02402199233353198,0.00213242193525172,0.031517399984642584,0.05937077514752839,0.0005847340787262295
MAR,0.5,S1,extratrees,1016,0.7606812914254087,0.14052015109300323,0.02394992603335748,0.0023088354585601,0.022037668709417143,0.044591096624322285,0.0005514666488855327
MAR,0.5,S1,extratrees,1017,0.7595630402392339,0.13827110194869935,0.02395619261886994,0.0017989948579874401,0.026489873632301215,0.03853961995611495,0.0005522270135951207
MAR,0.5,S1,extratrees,1018,0.760001793618295,0.13686054949816662,0.02390376623274966,0.00339146877528344,0.016884130898097725,0.0639446706457635,0.0006413567263524776
MAR,0.5,S1,extratrees,1019,0.7847516893420089,0.1491616854752217,0.02395871578034462,0.00258874645244984,0.026379656696084414,0.03601997055791122,0.0003023222221743985
MAR,0.5,S1,extratrees,1020,0.7671647445877035,0.14078279539261968,0.02392931720369776,0.00168517095705404,0.012755886787407179,0.013030022733046964,0.0002186092945284361
MAR,0.5,S1,lr_l2,1001,0.6487555844621277,0.12189976613239772,0.02372377476853782,0.00282460041933652,0.01970905050978566,0.016939839425694794,0.00029589424820032005
MAR,0.5,S1,lr_l2,1002,0.6626690984392326,0.1076779819149726,0.0238982596895826,0.0021194596660752798,0.03550429579015649,0.014880024338369586,0.0002423502864473797
MAR,0.5,S1,lr_l2,1003,0.657614857112993,0.11279549635075041,0.023784000152637243,0.0024104658213373,0.021441923464277392,0.019915026408800766,0.0005015503131108705
MAR,0.5,S1,lr_l2,1004,0.6516734783065933,0.11399336887325626,0.02380981959168538,0.00222706999756392,0.037498949685678705,0.04929180232692638,0.0006497605057755273
MAR,0.5,S1,lr_l2,1005,0.6334135076890929,0.09457179795443456,0.0239992174682605,0.00106675295619506,0.017689576940707365,0.02702205330813562,0.0002925758869867473
MAR,0.5,S1,lr_l2,1006,0.6445002069153829,0.11620165242265137,0.02375012331022336,0.0022195510562889,0.023999848119798016,0.0280598521956454,0.00040400059422580713
MAR,0.5,S1,lr_l2,1007,0.637949039618303,0.11070116497845803,0.02384519249501532,0.00202989444712528,0.0282216366982128,0.021056037639665362,0.0003911259452853198
MAR,0.5,S1,lr_l2,1008,0.6585153077965166,0.10585968739538876,0.0239822738395819,0.00226796661667534,0.049675943911727895,0.024861741004549912,0.00042668844173890006
MAR,0.5,S1,lr_l2,1009,0.6436405546937042,0.11181805827878402,0.02395949168222378,0.00229261607499204,0.041563861893551934,0.037284342935910014,0.0007182801204961396
MAR,0.5,S1,lr_l2,1010,0.6376740062025001,0.11609892231835181,0.02389046386331358,0.00268059712821806,0.045298832383868455,0.028938584940247723,0.00024373334709551058
MAR,0.5,S1,lr_l2,1011,0.6488849883970025,0.09863852750389865,0.024004910649336762,0.00313734728023726,0.004973315895246966,0.05232681305543109,0.0010318339393536513
MAR,0.5,S1,lr_l2,1012,0.659951129766281,0.11901641538432092,0.02380656924645266,0.0017375132200495602,0.030548921345164962,0.01905925411298488,0.0003907644868045459
MAR,0.5,S1,lr_l2,1013,0.6548998153574559,0.11247243008027619,0.02383887807533408,0.0021081264532097797,0.0328570719236534,0.028708930605273204,0.00048193124583259
MAR,0.5,S1,lr_l2,1014,0.6296266605436825,0.10017970300222412,0.02407231197995398,0.0018807628331662801,0.03704524818511227,0.019856015964614275,0.0002768443730495336
MAR,0.5,S1,lr_l2,1015,0.6419434386378076,0.11494986531626297,0.0237510684757779,0.00234340559695744,0.0419320512743304,0.051014522122426076,0.0010925674064960055
MAR,0.5,S1,lr_l2,1016,0.6437128080527533,0.10648826451768603,0.02401577678487138,0.00211522826445486,0.036029015129706236,0.02911654245655435,0.0004824426816204186
MAR,0.5,S1,lr_l2,1017,0.6247145053521672,0.11136124615530096,0.02382996254064482,0.00220703708661822,0.04544558655437109,0.04544240846227484,0.00047885775240014985
MAR,0.5,S1,lr_l2,1018,0.6502115517322572,0.11213576739878559,0.02395799268828784,0.0019320063104087601,0.041806928694130496,0.06360423358293978,0.0007128272266590761
MAR,0.5,S1,lr_l2,1019,0.6648203843100611,0.11100976943241814,0.02388712326329704,0.0023871279221448797,0.03246228451505861,0.038443912640123395,0.0006383274873822809
MAR,0.5,S1,lr_l2,1020,0.6461117416159888,0.10772899265293603,0.02382724861499776,0.00164817314750616,0.020224752847241626,0.019533956094889025,0.0002455765311981699
MAR,0.5,S1,rf,1001,0.7814477113066655,0.13451776690508102,0.023565928279704197,0.00194474843524418,0.01692391715520743,0.010403321694412682,4.337804765938885e-05
MAR,0.5,S1,rf,1002,0.7625346659827953,0.1243221243932876,0.02372103214904182,0.00280269753355228,0.03518109421518284,0.014722862764515905,0.00015825381231740135
MAR,0.5,S1,rf,1003,0.7669014913619814,0.14321723012684945,0.02354657878933,0.00197640899270708,0.008549652786144505,0.02226264316189933,0.0002815204112775576
MAR,0.5,S1,rf,1004,0.7711484616610733,0.1291965883397324,0.02370851509394794,0.0030520743725088,0.02872533068383326,0.045161472217925686,0.0006336228979616452
MAR,0.5,S1,rf,1005,0.7586313336767359,0.12958908348988182,0.02372359434082318,0.0024064109592825,0.029141003541237314,0.04250143996867328,0.00048197671506626814
MAR,0.5,S1,rf,1006,0.7616623553244052,0.11812080318063092,0.02381881569764304,0.00247119415903542,0.008519391806925548,0.023132152343249494,0.0004038612472122556
MAR,0.5,S1,rf,1007,0.7913937235551852,0.14736341975701112,0.023539376319179038,0.0024545151750031803,0.029688546138457846,0.02636391155720697,0.0003953580521135752
MAR,0.5,S1,rf,1008,0.7623704033084172,0.12485284813304551,0.023679848602184177,0.00208324952919802,0.02401381282944991,0.020436285646094933,0.00039791924312533345
MAR,0.5,S1,rf,1009,0.7664150330857055,0.12200057755282075,0.02389007204167572,0.00276916386621084,0.0222176172128111,0.035654683626871325,0.00029814310938104985
MAR,0.5,S1,rf,1010,0.7735225682117479,0.1477646829367779,0.02351162843440126,0.00241122585111808,0.033984340199570015,0.03592446716642086,0.00045446234478849256
MAR,0.5,S1,rf,1011,0.7733588096119643,0.13724670439001035,0.02377655946981882,0.00330706712076536,0.028430840601256193,0.07220091655261078,0.0009142237974256142
MAR,0.5,S1,rf,1012,0.7663486748158512,0.1283273869715297,0.02366871224233752,0.00214109691857136,0.016430193697328305,0.025498340783481656,0.00042578121561933426
MAR,0.5,S1,rf,1013,0.7669983375563053,0.12919469576905523,0.0237140102955282,0.0019796401231963,0.018032987591471785,0.02725462596107124,0.0004182944971622889
MAR,0.5,S1,rf,1014,0.7720322542808615,0.12222944165699116,0.02383554696726778,0.00190595110591366,0.01881772559645645,0.025346460898685377,0.0003928917534782405
MAR,0.5,S1,rf,1015,0.7684810512460992,0.12882824113660063,0.0237991190626978,0.0034723319930204805,0.010661236405897584,0.048414180133897346,0.0008021530175748158
MAR,0.5,S1,rf,1016,0.7664761728535512,0.13662258404829353,0.02365922167771044,0.0031445070481946396,0.028810555665884294,0.04452437381349518,0.000509055903513623
MAR,0.5,S1,rf,1017,0.7657861879294676,0.13116423561955243,0.02368798000720462,0.00213418425221398,0.027739775411794343,0.042536605463183136,0.0005316555274545415
MAR,0.5,S1,rf,1018,0.7631980053130409,0.12436978328301965,0.02385627291489666,0.0031235081839474004,0.009605738246532504,0.05100398727224248,0.0007217422097250911
MAR,0.5,S1,rf,1019,0.7819409795139995,0.1475619583034234,0.02350922736913176,0.0019207226403596001,0.014349988145400717,0.03373434391656635,0.0005323368153754843
MAR,0.5,S1,rf,1020,0.769109677498386,0.13554842460362979,0.02363563887673854,0.0022826345826598,0.01795044794264095,0.010145236521012999,0.00024079632937451078
MAR,0.5,S1,svm_linear_cal,1001,0.6348622029740699,0.12026637768518647,0.02425870595284546,0.00145092887336776,0.018333473777063066,0.016496818508370474,0.00023472670708750274
MAR,0.5,S1,svm_linear_cal,1002,0.6534420273452918,0.10787664910813702,0.02425632783215374,0.0015642177830357598,0.03137939438020123,0.00862890667579217,0.00016431617319287775
MAR,0.5,S1,svm_linear_cal,1003,0.6400408191734324,0.10599886390969304,0.02428656630324284,0.00147712066345582,0.029682638123605307,0.019923192846068926,0.0001544119255522593
MAR,0.5,S1,svm_linear_cal,1004,0.6405044298909741,0.1109740401699844,0.02428052481513398,0.0016095097624833203,0.04301176204485017,0.045406124421565545,0.00038653601266738086
MAR,0.5,S1,svm_linear_cal,1005,0.6215685111519976,0.09774765136515662,0.02428655253192352,0.0010370855638306199,0.022290044966239448,0.020200764932064227,0.00022312712922862584
MAR,0.5,S1,svm_linear_cal,1006,0.6349530336767018,0.11356155731126064,0.02426592548910032,0.0018188107346839197,0.029024982090597312,0.029890190024500163,0.00027710703751844925
MAR,0.5,S1,svm_linear_cal,1007,0.6329754274431225,0.1215422720731932,0.024275187675176578,0.0011366127288461,0.028987831758168596,0.020535477637674163,0.0003388347548664963
MAR,0.5,S1,svm_linear_cal,1008,0.6569916415896218,0.09665824084910908,0.02442244263371342,0.00105623122207536,0.03303446869619217,0.01973766731877281,0.0002398164175327034
MAR,0.5,S1,svm_linear_cal,1009,0.6279422439009774,0.10124493295686339,0.02427740182194332,0.0016677347938168399,0.03677174242644936,0.02975092478411201,0.000351278128692993
MAR,0.5,S1,svm_linear_cal,1010,0.6281589391502064,0.1123865855194345,0.02425635505454754,0.00112488212991126,0.056030556185044614,0.022585323546308156,0.0003188867560213022
MAR,0.5,S1,svm_linear_cal,1011,0.6381496504381605,0.10392260821985802,0.0243472166874487,0.00144650861578366,0.009666740659452838,0.05945175056342571,0.0004553950510248557
MAR,0.5,S1,svm_linear_cal,1012,0.6428426836108656,0.11428730899981207,0.0243080280331166,0.00115491791772786,0.03804747230042323,0.030205387172512123,0.00023615652854403133
MAR,0.5,S1,svm_linear_cal,1013,0.6454022602316917,0.11020254039019639,0.02417151360686154,0.00117371923561172,0.03677998993490284,0.017686568972024964,0.0002481914290000812
MAR,0.5,S1,svm_linear_cal,1014,0.6174030648276567,0.09861661395039048,0.024385650630944323,0.00126574524518928,0.040295922849807216,0.024901151812122723,0.0002333005155836975
MAR,0.5,S1,svm_linear_cal,1015,0.6343715729399465,0.1217718125764112,0.02432856828275786,0.0020162698099093802,0.047718294187603226,0.052503884977424926,0.0004983038125975084
MAR,0.5,S1,svm_linear_cal,1016,0.6383670717876062,0.1096275020476043,0.02435485027612768,0.0009336626455207801,0.02699110751537793,0.026610829303738752,0.00040709263509349446
MAR,0.5,S1,svm_linear_cal,1017,0.6166237558462306,0.10724622565142558,0.024412237778161823,0.00105393054019058,0.04973040113435325,0.04523161167534939,0.0002913370590758185
MAR,0.5,S1,svm_linear_cal,1018,0.6360430150962028,0.11782733147961025,0.02437580647248628,0.00090824712627934,0.03454807892056103,0.06563872878529735,0.0003358913472214226
MAR,0.5,S1,svm_linear_cal,1019,0.6511758862183713,0.10920568306613791,0.02423074005681524,0.0013069824510903599,0.03779965355455285,0.03216964078593676,0.0004530535041387081
MAR,0.5,S1,svm_linear_cal,1020,0.6354364774210026,0.11375223713836258,0.0242809665609103,0.00137200729382638,0.025159491960957237,0.013294103485007334,0.00018596568974988857
MAR,0.5,S1,xgb,1001,0.781488311908571,0.13915338928839,0.02342806234955784,0.00324486548594378,0.03219874645543245,0.02975144774074924,0.0004415982691006029
MAR,0.5,S1,xgb,1002,0.7817139707771305,0.134238969000911,0.02347927726805206,0.0032368867833285795,0.02532680027049227,0.014712759895253424,0.0002601155605362089
MAR,0.5,S1,xgb,1003,0.7675409378410907,0.1317306894551656,0.02361440435051916,0.0035157763641241804,0.013184607727701764,0.02254088377337103,0.0005139059162077448
MAR,0.5,S1,xgb,1004,0.7663871457497322,0.1341126813886782,0.02365095242857928,0.0042338966104574,0.031427071870774516,0.047474458251182565,0.0009061563719405515
MAR,0.5,S1,xgb,1005,0.7671367483074808,0.12708926220238,0.023579125478863643,0.0035148871960315,0.010521254762066065,0.010047536723136744,7.843050134661702e-05
MAR,0.5,S1,xgb,1006,0.7804680292718107,0.14270936048566027,0.02343185842037198,0.00429920286137516,0.015475286913452497,0.014426238639857444,0.00020083966094428603
MAR,0.5,S1,xgb,1007,0.7913688727535155,0.135795490239286,0.023482654988765637,0.00340028551439686,0.01713329660234854,0.02227690718735926,0.0004383646802965078
MAR,0.5,S1,xgb,1008,0.7665857575390926,0.12277381420484441,0.0237869251519441,0.0044500435740923395,0.0333802650977306,0.019151236878223798,0.0003712344257470861
MAR,0.5,S1,xgb,1009,0.7682345406808844,0.12577875586492193,0.0235950235277414,0.00368740924044002,0.017868842056087124,0.03228062598424198,0.000408896643364715
MAR,0.5,S1,xgb,1010,0.7717042632573047,0.1458518141079948,0.023409839719533882,0.00368706251691766,0.039751907710719195,0.014614655297157086,0.0003163473315857549
MAR,0.5,S1,xgb,1011,0.7853351700805555,0.1391283368287734,0.02360869310796256,0.00458261741140396,0.024141008742409476,0.055960238558617585,0.0010095340367822076
MAR,0.5,S1,xgb,1012,0.7811795736548954,0.1508515202362269,0.023265061154961558,0.0035367086071571804,0.014667257527654654,0.028345413341690943,0.0003551148652322719
MAR,0.5,S1,xgb,1013,0.7608594467393559,0.12474425670140496,0.0237185344099998,0.00434516571987026,0.023880367191942364,0.020674960204328525,0.00047077049073976113
MAR,0.5,S1,xgb,1014,0.7758233404740551,0.12034744613411297,0.02383581772446626,0.00455479619478194,0.019010040119769353,0.03183220927849032,0.0005276425983990873
MAR,0.5,S1,xgb,1015,0.7673608099815078,0.13827582407108654,0.02346900738775724,0.00483190491929534,0.035840710307710036,0.052899163629819,0.0010893163655399975
MAR,0.5,S1,xgb,1016,0.779422780380888,0.15484843571626103,0.0233063273131847,0.00426249713244886,0.024375952104236147,0.05281997065718393,0.000731514288063531
MAR,0.5,S1,xgb,1017,0.7634431327051937,0.1299481300940619,0.023609593138098663,0.0048274555639751995,0.03210077757970394,0.04289806386271272,0.0006572415077544577
MAR,0.5,S1,xgb,1018,0.7679969324157153,0.11630580728989612,0.02381670586764806,0.00475794277957646,0.021402213454408174,0.034544414073851955,0.0006901041934663338
MAR,0.5,S1,xgb,1019,0.7876397572848546,0.15024366597103214,0.02333895675837986,0.00493225847887618,0.01015042670893234,0.03262059970915006,0.0005931972334917724
MAR,0.5,S1,xgb,1020,0.7682978472314004,0.13308970128018172,0.0235751807689666,0.00490536249588624,0.013709030232560367,0.02268638904425609,0.0003378606294803204
MAR,0.5,S2,extratrees,1001,0.7690149741879967,0.1435016447393372,0.023742793150548,0.00348899226671094,0.021877054066470725,0.03496561866275978,0.0024602941098786422
MAR,0.5,S2,extratrees,1002,0.7672852733290652,0.12944053424893728,0.0240831642794025,0.0032450386403477605,0.018255216454158535,0.024015307152900414,0.0027115722591438633
MAR,0.5,S2,extratrees,1003,0.777297790723342,0.1406207005147232,0.02401557018876722,0.00343516891674026,0.0033982909401019733,0.04014131971512087,0.002935098729539561
MAR,0.5,S2,extratrees,1004,0.7752147437427916,0.13315367236207462,0.02397512928557774,0.0035037599089087603,0.021241159843282786,0.04669253933936859,0.002721140186329402
MAR,0.5,S2,extratrees,1005,0.7745002964406276,0.13241124682667907,0.02399248452703166,0.00335186307069948,0.023313654598313843,0.04479930272161332,0.0026716139506454467
MAR,0.5,S2,extratrees,1006,0.7707682817062176,0.15942327835233241,0.0235325327122462,0.00360943852966372,0.019584008614258148,0.06537794608676888,0.002262730269650704
MAR,0.5,S2,extratrees,1007,0.7679718666169572,0.1368594599679364,0.02400665506519608,0.0037810975721316803,0.006058120216250363,0.02545092035920885,0.002723384955562937
MAR,0.5,S2,extratrees,1008,0.7866698056750234,0.14064079408153768,0.0239853424129162,0.0033752042319379998,0.022723043795412307,0.033982400956090196,0.002860295364747573
MAR,0.5,S2,extratrees,1009,0.7874165291340267,0.14284709136642065,0.02383918326019342,0.0038061247865771195,0.014306174944269693,0.03282210425669495,0.002597065255456127
MAR,0.5,S2,extratrees,1010,0.770626494255185,0.13407170069510674,0.024084421620236898,0.00353923309675766,0.01841558339837627,0.03734459334165958,0.00270431988477199
MAR,0.5,S2,extratrees,1011,0.7696307188074896,0.14622864982172054,0.0236923336386189,0.0031909367167907597,0.016277330545092523,0.042360461974575714,0.0024290499635695128
MAR,0.5,S2,extratrees,1012,0.7605825986030013,0.14695481433798122,0.02393654435997734,0.00444305798061492,0.02235992537901567,0.02102972768337712,0.0027979812985278823
MAR,0.5,S2,extratrees,1013,0.7769572902736493,0.12776526584888698,0.0239672316866685,0.00349679393279114,0.007747395375450804,0.03181715934070108,0.002669999051144705
MAR,0.5,S2,extratrees,1014,0.7668562169714348,0.15435047495016557,0.02371422150742724,0.00410555421404406,0.015525401593924602,0.03866481387957269,0.002691719471133392
MAR,0.5,S2,extratrees,1015,0.7725378734556912,0.13537982207417695,0.023831429586401838,0.0032468412619326,0.031673553675665815,0.02948744347440863,0.002943655815341482
MAR,0.5,S2,extratrees,1016,0.7795822836379522,0.13677714723381346,0.02400665389145698,0.0036698785220405,0.014702428934145289,0.030600113476713,0.0026876402303033856
MAR,0.5,S2,extratrees,1017,0.7685385688514252,0.14044776427999583,0.023933937866178,0.0034436735215989797,0.030324834951578103,0.019966915987877625,0.002751473680890015
MAR,0.5,S2,extratrees,1018,0.7579103929712235,0.12722865396695587,0.02410449566617458,0.0038799408647099396,0.013460974175914782,0.02706667454505073,0.002694265984404995
MAR,0.5,S2,extratrees,1019,0.7782433474062479,0.11535593922033507,0.024065365187141,0.00332040999372534,0.031302560290905924,0.023033099753812358,0.002824831864739257
MAR,0.5,S2,extratrees,1020,0.7658127268083925,0.12959573462597057,0.02386889498450418,0.00337504067569048,0.025367120538087665,0.025721659149570728,0.0025725254083546647
MAR,0.5,S2,lr_l2,1001,0.6545317223276816,0.103740544445029,0.0241747355299309,0.00424964952519768,0.0288670025457665,0.018881104581377577,0.0027245912950939377
MAR,0.5,S2,lr_l2,1002,0.6424883107169237,0.09330255569730646,0.02411415421507522,0.0056666311366585205,0.0066209189562345255,0.02138236196662233,0.0026680010812971523
MAR,0.5,S2,lr_l2,1003,0.6596084237002393,0.10790310604505252,0.024136287478134837,0.006795151811832339,0.01851429521795293,0.03311189728122543,0.002743944631928238
MAR,0.5,S2,lr_l2,1004,0.6623867775102094,0.10494988857773535,0.024030824056426058,0.0049399317241045,0.03212269114590461,0.020434534848504538,0.0028445092679575544
MAR,0.5,S2,lr_l2,1005,0.6683579375461651,0.11985236239001969,0.02393584588381288,0.0041635627402271,0.02720529128068864,0.03720604138691192,0.002857043931611842
MAR,0.5,S2,lr_l2,1006,0.663338844481391,0.11569564023730179,0.02390167859871546,0.0037441319539745,0.013089362374488715,0.04443805428368822,0.0024451329308651094
MAR,0.5,S2,lr_l2,1007,0.6416927140311527,0.10159638774368134,0.024039207985324478,0.0033674082878625195,0.029317047348023983,0.03287834262894728,0.002653645960822949
MAR,0.5,S2,lr_l2,1008,0.6463499520921434,0.1057033906466714,0.0241031800214663,0.00445147198757624,0.01713153455137676,0.026909975663991947,0.002642626577468711
MAR,0.5,S2,lr_l2,1009,0.6595274774765856,0.1057168609010442,0.02404406115230132,0.00335660746611504,0.027049432564866676,0.028098325034894414,0.002905764021007752
MAR,0.5,S2,lr_l2,1010,0.6557558327662918,0.10720872252650795,0.02394498109373312,0.00448534092711498,0.02382577629713901,0.043380465911703046,0.0024262006408472957
MAR,0.5,S2,lr_l2,1011,0.6289395529880952,0.10240195312709181,0.0242035945072077,0.00564633135270118,0.06311959668713055,0.045537307717971126,0.002616123880192381
MAR,0.5,S2,lr_l2,1012,0.6358229615080715,0.12407602214836863,0.02380295414864406,0.0035279380499797204,0.008452426159597716,0.021866141925774383,0.002496904395648898
MAR,0.5,S2,lr_l2,1013,0.6621177441176265,0.10934215894142436,0.02403430016565818,0.004864549263646359,0.02597203326652415,0.025841866419535765,0.0026172314770427866
MAR,0.5,S2,lr_l2,1014,0.6317642793636975,0.1260678934624627,0.02368443208277,0.00442346486002302,0.016368100433089765,0.030178057273765595,0.002989003399672041
MAR,0.5,S2,lr_l2,1015,0.6485377256698911,0.11023680203717653,0.0238766306846964,0.00547309754919032,0.028909277045343754,0.023589061081829614,0.002643157418235077
MAR,0.5,S2,lr_l2,1016,0.6750065064714603,0.11531594563899242,0.02382827297208006,0.00421619833202178,0.030106508526010548,0.023846571070124997,0.0027161824460021646
MAR,0.5,S2,lr_l2,1017,0.636786159102912,0.10526172500093552,0.02389263489226226,0.00417660255799082,0.024340866185195063,0.01978454146143138,0.002854600117588752
MAR,0.5,S2,lr_l2,1018,0.6512142183486735,0.11437105441593724,0.023725805082841937,0.0033911092948553196,0.020764528936749342,0.014129754369626133,0.0025875939913821114
MAR,0.5,S2,lr_l2,1019,0.6455318037749973,0.08986391866734864,0.02409751769336712,0.0039653453339949605,0.01744943748119774,0.02475477761784637,0.002614503077085843
MAR,0.5,S2,lr_l2,1020,0.647050211771125,0.10304170768275109,0.02421865750470234,0.00422770862738874,0.039002884480983394,0.0298872776539416,0.002675083600830718
MAR,0.5,S2,rf,1001,0.7636588038356058,0.1381199570762575,0.02349249429731208,0.00388053748328854,0.02120255476415941,0.029961684642266704,0.00241376039539909
MAR,0.5,S2,rf,1002,0.7703093865080912,0.13255036426873854,0.0237328547961561,0.0040221383229562604,0.017769411673213522,0.02166685147610026,0.002667616333634132
MAR,0.5,S2,rf,1003,0.7793912742119508,0.13118849284745063,0.02382446521208422,0.00350968115517672,0.012142581506951643,0.030115606526379683,0.0027425836464163404
MAR,0.5,S2,rf,1004,0.7624202462906918,0.12825600686413965,0.02363414944655174,0.00406466124495412,0.025266399897734583,0.05321438738863172,0.002507286723744991
MAR,0.5,S2,rf,1005,0.7684500471236475,0.1345112778063168,0.023703231988117558,0.00444939101244272,0.022137180689788687,0.043982313929733105,0.0027174709886229847
MAR,0.5,S2,rf,1006,0.7764718548988122,0.16305428414724543,0.0231318347555041,0.0040674204896166,0.020604941901338644,0.05874930807460717,0.0021866909021714125
MAR,0.5,S2,rf,1007,0.7659698560044912,0.13842116052317271,0.02357263871495022,0.0043911738431037005,0.011740649260212375,0.024853279195111697,0.002529528490956501
MAR,0.5,S2,rf,1008,0.7871428558106401,0.14095216374658875,0.02358750697310984,0.00413078046206166,0.02841108151325822,0.041818636156952735,0.0025863737164408345
MAR,0.5,S2,rf,1009,0.7752118808814034,0.13827045844110059,0.02358989035293806,0.00442212341019024,0.02913616317174523,0.019446940131210753,0.00269722051218733
MAR,0.5,S2,rf,1010,0.7750254956056123,0.12723568575110844,0.0236986145552295,0.0042791051863473595,0.012416922168409636,0.020726920916228454,0.002537103497824286
MAR,0.5,S2,rf,1011,0.7675903700143508,0.14025783419985824,0.023416955663175802,0.00297752083918012,0.006759746057519983,0.048527247609189465,0.0023200792045132337
MAR,0.5,S2,rf,1012,0.7682857704735075,0.1301427105332135,0.023685885211970743,0.0050226149667071,0.01949689669241139,0.02375548909914534,0.0029272206148282234
MAR,0.5,S2,rf,1013,0.7742846118319469,0.12997716599858605,0.02371803524252452,0.00393005730852784,0.012874411663749306,0.02840118852143706,0.0026970543284575493
MAR,0.5,S2,rf,1014,0.7636894071310115,0.14124605076397526,0.023541623055082842,0.0043925850113593805,0.02638454887802269,0.03962151770478552,0.0026343606957476276
MAR,0.5,S2,rf,1015,0.7625946087652358,0.12797520129837808,0.02374034847933036,0.004833426259601941,0.02562915877980524,0.029666413202660155,0.002637786314242636
MAR,0.5,S2,rf,1016,0.7621776873398769,0.12941314832180922,0.02361277508789754,0.00430565088571526,0.016124830868999067,0.02494028596755029,0.002580493007482193
MAR,0.5,S2,rf,1017,0.7592897071244769,0.1297758304255182,0.023737248907148477,0.00405326260611588,0.01616037580451328,0.007886380918758514,0.002826361322910735
MAR,0.5,S2,rf,1018,0.7560461636113125,0.12358925686913884,0.02381861006827922,0.00553346032309638,0.017880173582835675,0.021192673286976917,0.0026565613918716115
MAR,0.5,S2,rf,1019,0.7768851756497985,0.11951700550185482,0.0239541607803752,0.0044673477779037804,0.0202582836334741,0.023348725446774327,0.002740480813151913
MAR,0.5,S2,rf,1020,0.7737771769434543,0.1314407276205257,0.023723046505556438,0.00358440159365172,0.021023601349837166,0.029843000621049103,0.002523290105429759
MAR,0.5,S2,svm_linear_cal,1001,0.6367794992977229,0.09906236586015213,0.024552441900656842,0.004563341857316,0.03303505105908313,0.023798601099182397,0.002957160396596292
MAR,0.5,S2,svm_linear_cal,1002,0.6292288209212323,0.09875921566471699,0.02432400196655684,0.0044910924083853,0.007769617453626337,0.022854528280230817,0.002688148338315721
MAR,0.5,S2,svm_linear_cal,1003,0.6495459588553315,0.10444289695741601,0.0244862605829549,0.00598048724836754,0.02148276222737268,0.027987556160775362,0.0028037729991297494
MAR,0.5,S2,svm_linear_cal,1004,0.6591371718145512,0.10761762938598322,0.024480561230574422,0.0049320489836010405,0.028486444742067858,0.022930180669541507,0.002988878509960978
MAR,0.5,S2,svm_linear_cal,1005,0.6603636854037802,0.1084773806173008,0.024358915837305862,0.0038852660291818,0.024097970367077372,0.028304198862754353,0.0028051572223080725
MAR,0.5,S2,svm_linear_cal,1006,0.6544224452386,0.11458299629137428,0.02436251491930366,0.0037023677253449003,0.012048684101998334,0.04234102269712499,0.0026856008342305733
MAR,0.5,S2,svm_linear_cal,1007,0.6302737011743733,0.10279989967066201,0.02442678026117508,0.00302316573538164,0.02650073425869776,0.03245883802116531,0.002736272034192867
MAR,0.5,S2,svm_linear_cal,1008,0.6349945365110106,0.09811284442377974,0.024506715737265962,0.00379529954872872,0.025540649994752723,0.030216983479670827,0.002794573813378821
MAR,0.5,S2,svm_linear_cal,1009,0.6487176166975133,0.10893917321555621,0.02447413434509216,0.00320986387822206,0.02778625396736457,0.031126780757382656,0.002947866475466179
MAR,0.5,S2,svm_linear_cal,1010,0.6434881724825479,0.1040360496944623,0.0243468817017501,0.0041625661644831,0.026719573113927468,0.045084781379531334,0.002707770726736291
MAR,0.5,S2,svm_linear_cal,1011,0.6252794933577756,0.10684431781062384,0.02444596398935254,0.0050815563328529,0.06760495322980387,0.04086193411428423,0.002838407001590373
MAR,0.5,S2,svm_linear_cal,1012,0.622188032626124,0.12415953208010197,0.024254551360130917,0.0034478870861599396,0.014790878043495116,0.01812698320529088,0.0028404973409256466
MAR,0.5,S2,svm_linear_cal,1013,0.6550554546702342,0.10269069802053668,0.024431344152837,0.00494768505127366,0.038471805876773645,0.029625853992821298,0.0028630654136605482
MAR,0.5,S2,svm_linear_cal,1014,0.6258661241906649,0.1256888496260994,0.02402580719414118,0.00465457280803084,0.022167527327764752,0.025585249727366737,0.003078046466426543
MAR,0.5,S2,svm_linear_cal,1015,0.6403260666350012,0.10804786016625459,0.02431810203986734,0.0056134489856471195,0.029174489336422707,0.02484230948143025,0.0027866678054842523
MAR,0.5,S2,svm_linear_cal,1016,0.6633460162589355,0.10787673036495116,0.02439203138068384,0.0042087610866995,0.04057864229284744,0.02596713177058562,0.002814188967966151
MAR,0.5,S2,svm_linear_cal,1017,0.6143869254291838,0.10533402894428148,0.02437831987854638,0.0044160524345749404,0.02874304342495899,0.023675090834932817,0.0028361291843295505
MAR,0.5,S2,svm_linear_cal,1018,0.6376838203554628,0.10623332846887848,0.02431047379916634,0.00284539850305706,0.014902435677745095,0.020073496849234627,0.0026918056681949783
MAR,0.5,S2,svm_linear_cal,1019,0.6242206235868675,0.08771660457731431,0.02446313735847344,0.0036544116870572602,0.010599418197004875,0.018228950198354438,0.0028634181696886416
MAR,0.5,S2,svm_linear_cal,1020,0.6354179093724783,0.10337539075634608,0.02443758461888254,0.00413655576479088,0.04464309679411861,0.03650049449762746,0.002862735022365402
MAR,0.5,S2,xgb,1001,0.765036208256499,0.14431671895962622,0.02337032146751872,0.004990462601945781,0.014332696867828948,0.03654112105419929,0.0022538297473955935
MAR,0.5,S2,xgb,1002,0.782748153555997,0.13390883996577319,0.02346832752227778,0.00599314638395136,0.014541906941834448,0.019203602010410617,0.0026817567836230813
MAR,0.5,S2,xgb,1003,0.7705027835545095,0.1251656654989796,0.023637035861611318,0.005037749964629181,0.02458894125106421,0.01621877126544572,0.0027984076911352867
MAR,0.5,S2,xgb,1004,0.780586619771138,0.15231475471775602,0.02339032702147956,0.00504185691750216,0.02890050151706825,0.050136435678353804,0.0022778740100879206
MAR,0.5,S2,xgb,1005,0.7907304479493525,0.14030016211719581,0.0234855312854051,0.00561876155625508,0.028875629669566614,0.016604227032137445,0.002652216426889586
MAR,0.5,S2,xgb,1006,0.7806549005955895,0.1398660562685621,0.02349143512547012,0.00520859866831626,0.02254484152253778,0.02890187634339339,0.0022941662489492877
MAR,0.5,S2,xgb,1007,0.7752789760556484,0.1453691548670955,0.0232818998396396,0.005008485567518301,0.007699615006331442,0.025848371989055388,0.002364663496374238
MAR,0.5,S2,xgb,1008,0.79157448312907,0.13798297668441334,0.023520640283822957,0.0044840195426430595,0.03494059644361893,0.020549434148101377,0.002827134196420533
MAR,0.5,S2,xgb,1009,0.7890951583086243,0.1591268812566937,0.023252868652343682,0.00506825963912966,0.013275443338174788,0.041202647474970176,0.002890428544315198
MAR,0.5,S2,xgb,1010,0.7739563098148967,0.13989211301173926,0.0234386187046766,0.00401740489457206,0.02867230333604774,0.04726418781480943,0.0023168291574934725
MAR,0.5,S2,xgb,1011,0.7731025408222488,0.14667505005856213,0.02327936142683024,0.00502287708536516,0.03030865613386561,0.054548749551008496,0.0021715233687928524
MAR,0.5,S2,xgb,1012,0.7637112959115,0.12693605401891,0.023660076782107298,0.00598861803508368,0.030060775477310283,0.026641470955601442,0.002689803921216828
MAR,0.5,S2,xgb,1013,0.7905857021947086,0.12994809129945412,0.02371129840612406,0.00542311125007544,0.03214862530692536,0.044785383197766725,0.0023853979322697905
MAR,0.5,S2,xgb,1014,0.7731922180282476,0.14242729362635126,0.02349667921662326,0.00587774136060794,0.04410278068700369,0.04877882902336981,0.0026400965659785333
MAR,0.5,S2,xgb,1015,0.7686935786792415,0.13374109843835863,0.023467345535755118,0.0046433207820185,0.018539893886526312,0.02419993692245226,0.002923079520029836
MAR,0.5,S2,xgb,1016,0.7829192960642246,0.14842410951307805,0.02334204278886312,0.00551298629949532,0.01837393382631654,0.013186078848890918,0.0026353112748150422
MAR,0.5,S2,xgb,1017,0.7698368107425,0.13687215140813175,0.02351657077670092,0.007167910203614579,0.0440902684490389,0.031066392636130438,0.00255928081037946
MAR,0.5,S2,xgb,1018,0.76230729129241,0.1212038789145979,0.02369532398879524,0.00627459731798002,0.004558217258919586,0.012417063287654505,0.0027306826555790528
MAR,0.5,S2,xgb,1019,0.7846255410566647,0.1427835559153298,0.02360786944627756,0.0061260431591987794,0.02381778902258053,0.04316837795156145,0.0023141651800789803
MAR,0.5,S2,xgb,1020,0.7653320454901296,0.14239741015158583,0.02348673529922958,0.00511739837218584,0.03770461786857118,0.02131375193479871,0.0025963237007564422
MCAR,0.0,S1,extratrees,1001,0.950631457771739,0.5498173603706933,0.01743182644756068,0.01005447443267514,0.010618049452441882,0.06779271089074088,0.0013191843238038667
MCAR,0.0,S1,extratrees,1002,0.9493766327872983,0.5593793663543185,0.017154121013725022,0.009568073488916801,0.010788287771200732,0.08026651836415069,0.0009918395767168505
MCAR,0.0,S1,extratrees,1003,0.9506621592190425,0.5548100606606436,0.01715301491881982,0.010120746460117019,0.010567458307462052,0.05751442606596066,0.0007705462618236871
MCAR,0.0,S1,extratrees,1004,0.9509019326956581,0.557918365332788,0.01690911287275652,0.00887053597241042,0.012721626596560238,0.07583117755774844,0.0012027639283582316
MCAR,0.0,S1,extratrees,1005,0.9505889094573263,0.5659809859833173,0.01685595598081224,0.00870062890956956,0.018339749656808964,0.04753778408973968,0.0006386201600132554
MCAR,0.0,S1,extratrees,1006,0.9511864839365176,0.5584772749990248,0.01708734882307062,0.01021227105425416,0.011426065368480473,0.025048229865468202,0.0004374249750589407
MCAR,0.0,S1,extratrees,1007,0.9511014976699389,0.55327425992728,0.01709343871004916,0.01004124203707658,0.006781326278224597,0.016786146953400537,0.0003902397336559047
MCAR,0.0,S1,extratrees,1008,0.9473654330545891,0.5517946296413769,0.01698373698539962,0.00799117115477186,0.008629723767917137,0.05431778873841777,0.000802836147657046
MCAR,0.0,S1,extratrees,1009,0.9491833268833684,0.5525119462898336,0.01709595216183554,0.00856593526291488,0.007088299692143193,0.04465974287616099,0.000520507135060378
MCAR,0.0,S1,extratrees,1010,0.950210864239998,0.5602988303832657,0.01695451476179074,0.00902754086727224,0.016016850660681644,0.05655005578895787,0.0009253441197597111
MCAR,0.0,S1,extratrees,1011,0.9488540788806998,0.5602159371607858,0.0170045599085881,0.009644478296514939,0.007043049799322791,0.0167127960545503,0.0003737037444311209
MCAR,0.0,S1,extratrees,1012,0.9492225739758802,0.552319286627381,0.0171053065498661,0.0096149447098004,0.012956184992155126,0.06029334431931975,0.0008673750040004928
MCAR,0.0,S1,extratrees,1013,0.9493691907515707,0.5588003721715415,0.01706908516386496,0.01009302860815616,0.012608900909760478,0.06624633734131175,0.0011893066913974783
MCAR,0.0,S1,extratrees,1014,0.9490658053174712,0.554327172643731,0.017061864197646402,0.00932864716541348,0.01182324698089053,0.0674505955481302,0.0014225049794833813
MCAR,0.0,S1,extratrees,1015,0.9495521319797234,0.565958564344716,0.016815505842938,0.00824587331145584,0.011832934673914287,0.06462108937131625,0.0009092791893843094
MCAR,0.0,S1,extratrees,1016,0.9502716844260986,0.553005334423814,0.0171093299652618,0.0088806864400641,0.007838503731393545,0.0631026923914076,0.0011648575348665396
MCAR,0.0,S1,extratrees,1017,0.9498940874438857,0.5596633483716588,0.01687130422237716,0.00805847012624912,0.006675409002393577,0.03741311502127574,0.0006675912319623712
MCAR,0.0,S1,extratrees,1018,0.9471656230862493,0.5492856091183114,0.01734399464352048,0.00944921595182872,0.010964176471267906,0.03828567998373353,0.0008591224105367644
MCAR,0.0,S1,extratrees,1019,0.948670950505498,0.5491399591574874,0.017270848495653558,0.00985473959375376,0.008278323737739143,0.060467371386250704,0.0013921537825802648
MCAR,0.0,S1,extratrees,1020,0.9474478429970429,0.5501250723732003,0.01720949670570682,0.01000869006799672,0.01234120381178925,0.09364733136349705,0.0017348280253063565
MCAR,0.0,S1,lr_l2,1001,0.8907961848583457,0.43715405986104905,0.01839004786291496,0.00497152790853242,0.022139198110245138,0.07002802164620335,0.0013193711399354937
MCAR,0.0,S1,lr_l2,1002,0.8874355886557422,0.44690481981295005,0.0182611109018945,0.00545894235017238,0.02986537603859471,0.07334602054325476,0.0014973819105801082
MCAR,0.0,S1,lr_l2,1003,0.8928635930610366,0.4361456580416796,0.0184592309063569,0.00411262583750466,0.009281618625124506,0.06175468853681806,0.0015134084104572816
MCAR,0.0,S1,lr_l2,1004,0.8901973372073473,0.4486445232726295,0.01832386300687964,0.00460678778003564,0.02794325814361627,0.06434943784376912,0.0013237888182436584
MCAR,0.0,S1,lr_l2,1005,0.8923974895773163,0.4397624795137725,0.01831708600305828,0.00554889069455944,0.02920201995374909,0.0463660663176408,0.0011418335429634876
MCAR,0.0,S1,lr_l2,1006,0.8911561780766422,0.44082080913297494,0.01832733805414164,0.0049377642638567,0.01748497464655082,0.03519494513001787,0.0008133875059436724
MCAR,0.0,S1,lr_l2,1007,0.8877345122658846,0.4485463609191001,0.01826433381729482,0.0050341197104433605,0.0317617202837443,0.03317013429693008,0.0008149303420863595
MCAR,0.0,S1,lr_l2,1008,0.8931035280075266,0.4390928561242157,0.01849974204691628,0.0054299856874962,0.021697249492819235,0.05681694404104679,0.0011220641588511712
MCAR,0.0,S1,lr_l2,1009,0.8935806619815876,0.4417004782857898,0.01842783566880692,0.00555106584948066,0.011217083756715065,0.05964358117005529,0.0012539778126630843
MCAR,0.0,S1,lr_l2,1010,0.888591219749094,0.4385922548492179,0.01841656860654402,0.00715060419577764,0.03308214630368624,0.02746529116172795,0.0005194586297842606
MCAR,0.0,S1,lr_l2,1011,0.888413259456495,0.44057593367668113,0.018330318968500858,0.0059849120352833,0.016787021701524987,0.017347213377830788,0.0006373489839753406
MCAR,0.0,S1,lr_l2,1012,0.8924501987473044,0.4450756877482934,0.01837349286222238,0.00668569557572538,0.014933455534351199,0.07577194748039807,0.0015171518612674005
MCAR,0.0,S1,lr_l2,1013,0.8890311717408441,0.43542394126294653,0.01842105983932138,0.0058918292544894,0.01736967391468595,0.06600813970628609,0.001311949957781332
MCAR,0.0,S1,lr_l2,1014,0.8946384906467415,0.44710446008192245,0.01815242854070582,0.00544666813375234,0.015871962129023028,0.07105580652083801,0.0013602082946711155
MCAR,0.0,S1,lr_l2,1015,0.8890700685439228,0.4409995228746569,0.018513838162906242,0.0060888488915625,0.008205301099524158,0.039996236071214816,0.0006980169318596155
MCAR,0.0,S1,lr_l2,1016,0.8909570749590788,0.44425340383181994,0.018401151816544177,0.0062724161270513,0.02415940178623096,0.057711190934146665,0.0012732391559684853
MCAR,0.0,S1,lr_l2,1017,0.8907770806717059,0.44184013674952594,0.018445834714189,0.00597419490958324,0.015857291521784934,0.052346254876538455,0.0010966600745125625
MCAR,0.0,S1,lr_l2,1018,0.8883493961499358,0.44008484883066207,0.0183751657125776,0.0053466910007515,0.015741649604515275,0.05089238860735253,0.0011782565229197684
MCAR,0.0,S1,lr_l2,1019,0.8912858753733011,0.4416079121763404,0.01848389063198774,0.00547204067994146,0.0065265133137092785,0.03422608531186765,0.0008812581361088217
MCAR,0.0,S1,lr_l2,1020,0.8904863633120235,0.43763537831816385,0.018423637672372577,0.00485601705129402,0.022127616727523967,0.07527243472888194,0.0018819094946012842
MCAR,0.0,S1,rf,1001,0.9517452509750148,0.5562706509279572,0.0165712563626009,0.00742563195266326,0.01021091626807572,0.0560317403316661,0.0009754195516522096
MCAR,0.0,S1,rf,1002,0.9489684969807527,0.5657508695651099,0.016533972346281,0.00717095877584564,0.011296613375139597,0.07911566845429015,0.0011503500337366156
MCAR,0.0,S1,rf,1003,0.9511291524128351,0.5541434054751666,0.01668193256413732,0.00641464158116824,0.011709187388558091,0.04769687020457344,0.000772998293846485
MCAR,0.0,S1,rf,1004,0.9499304194797755,0.5566716378702126,0.016588951974770023,0.0089412357543491,0.014494566191156475,0.0870285420882058,0.0015498437772050607
MCAR,0.0,S1,rf,1005,0.9470307545515546,0.558925452785615,0.01657917891940846,0.00713656598285118,0.022363449608231452,0.04369467685739018,0.0005556389667247891
MCAR,0.0,S1,rf,1006,0.9475978766003536,0.5447350113694693,0.0169097036385184,0.00690464590261642,0.009538679402392275,0.030787330718719284,0.0004023480468992732
MCAR,0.0,S1,rf,1007,0.9521714226294495,0.5661418458364701,0.01642900829995616,0.00819724142061504,0.0027562270875625267,0.012020430117802523,0.00013725706340318955
MCAR,0.0,S1,rf,1008,0.9486893203306593,0.5610726435360336,0.016508870297095902,0.00604536918423646,0.009613676199746108,0.05115582443446922,0.0009433899473313007
MCAR,0.0,S1,rf,1009,0.9507452238138777,0.5566858892130078,0.016595081172689357,0.00642442886082908,0.00886192709656044,0.050571226452569916,0.0006802790676806793
MCAR,0.0,S1,rf,1010,0.9484764679106987,0.5591721223455082,0.01655001239922482,0.0077793432760668605,0.02197768165427346,0.0686727484620827,0.0011267310046467996
MCAR,0.0,S1,rf,1011,0.9490058435961627,0.563542766377133,0.01640214850717436,0.006891914943349581,0.009151467797186006,0.017792193809138344,0.00038706376517489886
MCAR,0.0,S1,rf,1012,0.9498715441156496,0.5608282560096038,0.016537404381290522,0.0071367832635526995,0.013696746688622502,0.05159902177587086,0.0009104746963045783
MCAR,0.0,S1,rf,1013,0.9507423072068086,0.5560514177470253,0.01661610618459108,0.00790307337542508,0.005563852965864204,0.0660368277521667,0.0012558528325720547
MCAR,0.0,S1,rf,1014,0.9525366068208732,0.5595275100571308,0.01651711414857246,0.0069563180544643,0.010842219905452649,0.059794285925202695,0.0011430241536162648
MCAR,0.0,S1,rf,1015,0.948794402911777,0.561740434572405,0.01652317048510294,0.006983239317776441,0.015281382424379084,0.06415426600024209,0.0010349543660901944
MCAR,0.0,S1,rf,1016,0.9499840381676451,0.5532809140588586,0.016659811343615598,0.006533908854631421,0.011409674406807244,0.06912604278830023,0.001191156518461166
MCAR,0.0,S1,rf,1017,0.9497513039350727,0.5648349833822949,0.0163943980813303,0.0063324370295206,0.007196387808548533,0.04842041973555551,0.0007887775348763688
MCAR,0.0,S1,rf,1018,0.948994936705305,0.5554498145537987,0.0166515735344538,0.0064743435977485195,0.010491613497372241,0.041838314039908266,0.0006769690796964158
MCAR,0.0,S1,rf,1019,0.9507031541306208,0.5595387053917785,0.01653199718411702,0.00781211378851792,0.0035218218134104055,0.0558325511298397,0.001062540808521875
MCAR,0.0,S1,rf,1020,0.9504970534726725,0.5548436987925682,0.01656786776726616,0.0065268137441500005,0.009566582023433481,0.09844063923821891,0.0017025140809804572
MCAR,0.0,S1,svm_linear_cal,1001,0.8815593581521428,0.44365200588173215,0.01831460423015642,0.00708384614221636,0.018055444130691146,0.08030573902761086,0.0016269533951127728
MCAR,0.0,S1,svm_linear_cal,1002,0.8768842654683204,0.45411150354481417,0.01829606295385472,0.0062183495930732795,0.03491974747614141,0.0826348869229391,0.0011453845665841682
MCAR,0.0,S1,svm_linear_cal,1003,0.8828698927910258,0.4469207654032412,0.018452879339217403,0.005047473357426301,0.017109201854562356,0.06416084106066547,0.00143774901158713
MCAR,0.0,S1,svm_linear_cal,1004,0.8824198985386407,0.45144625619521933,0.01839876743599862,0.00683693799394014,0.032937354632274214,0.07141880415447814,0.001330195460979999
MCAR,0.0,S1,svm_linear_cal,1005,0.8839129207452938,0.4528883957702673,0.018356987905867823,0.00690717446697668,0.026582668133431228,0.04340404616534173,0.0010425633545904974
MCAR,0.0,S1,svm_linear_cal,1006,0.8828468751661342,0.4513287761886325,0.018308010251993582,0.006329808170527899,0.020832121184773414,0.037094016235075675,0.0008390184707477758
MCAR,0.0,S1,svm_linear_cal,1007,0.8800741846684982,0.44952377617673,0.0183769272136976,0.0057990409453314,0.032771061971266356,0.03649466998362589,0.0009548663225398874
MCAR,0.0,S1,svm_linear_cal,1008,0.8842500253504639,0.4488633201028535,0.01856554003709076,0.006864714006780121,0.023978821771933997,0.05442926795545187,0.0010501819919164395
MCAR,0.0,S1,svm_linear_cal,1009,0.8843303065961952,0.45404015208691895,0.018496282518038098,0.00730828355790014,0.00908768623523844,0.043071687032203876,0.0010136744441823096
MCAR,0.0,S1,svm_linear_cal,1010,0.8802925079887567,0.4450677178183568,0.01849193354935464,0.007445394619835141,0.03679844426084592,0.030562377767149842,0.0006807303025667166
MCAR,0.0,S1,svm_linear_cal,1011,0.8773955479133718,0.4436589785235655,0.01827866641969654,0.00664044447709216,0.018427409821418175,0.01670040848916569,0.00039652858174547205
MCAR,0.0,S1,svm_linear_cal,1012,0.8841264762243168,0.4538050008189337,0.018461127531189742,0.00628562493059896,0.019679589441411596,0.06906972981521967,0.0011102409100345186
MCAR,0.0,S1,svm_linear_cal,1013,0.8778422674754648,0.44579612205658503,0.01834992564615976,0.006936060027584639,0.022580245042250223,0.07481309200215813,0.001266789448757685
MCAR,0.0,S1,svm_linear_cal,1014,0.88363486426616,0.4551373077176146,0.01833815186543262,0.00708335483838846,0.017881478591990057,0.0773672284075407,0.0014234174143259884
MCAR,0.0,S1,svm_linear_cal,1015,0.878268954161508,0.4377211893045427,0.01888383208577482,0.00647745429959744,0.012629506035373874,0.030784641610924535,0.0006547736929558514
MCAR,0.0,S1,svm_linear_cal,1016,0.8843971084446285,0.45035294984444346,0.01847364110753916,0.00706680799598156,0.024588386081079605,0.04667267714007589,0.0011423226820331733
MCAR,0.0,S1,svm_linear_cal,1017,0.8804035591741679,0.4471896667030273,0.018595406192394297,0.00695203013731672,0.017450326186642634,0.05076858700132179,0.001040966339300524
MCAR,0.0,S1,svm_linear_cal,1018,0.8760402220133019,0.4536299229988618,0.01828009087268058,0.0061101124667585,0.015753396373307353,0.05407791537335108,0.0013029556799053702
MCAR,0.0,S1,svm_linear_cal,1019,0.8846767615832993,0.45049719125484505,0.0183879020407133,0.00599602062836426,0.010102796943690779,0.036126646543044164,0.001041394996596236
MCAR,0.0,S1,svm_linear_cal,1020,0.8807441939792021,0.4458862066039222,0.0183606843642805,0.0068739728855037804,0.022304338250699007,0.07916685018476072,0.0018534515985402641
MCAR,0.0,S1,xgb,1001,0.9600384894535464,0.5842024011112866,0.015685167722403963,0.00738059998195692,0.009268695689335327,0.053868286423855834,0.0012155119507784972
MCAR,0.0,S1,xgb,1002,0.9550617483457096,0.5634138093460291,0.0161458425223827,0.0069866741278662,0.008169149356470586,0.07908785081493722,0.0017262821037198942
MCAR,0.0,S1,xgb,1003,0.9533960065247978,0.5609460385592272,0.0160674091428518,0.008290379730673661,0.008862438563930443,0.04937043516119374,0.0011883044098200464
MCAR,0.0,S1,xgb,1004,0.9555144604829993,0.5540993824343483,0.016144635900855,0.00783027651013498,0.012358631521581034,0.06070285582682573,0.0013222467404942595
MCAR,0.0,S1,xgb,1005,0.9579001868186763,0.5742799940221098,0.01591585781425232,0.0084414301205532,0.012101375077514367,0.03823584605530001,0.0008123506618930952
MCAR,0.0,S1,xgb,1006,0.957176169270849,0.5738820961505523,0.0159300852566957,0.00609061309554916,0.0085169159233361,0.03537316758772874,0.0007781449848243709
MCAR,0.0,S1,xgb,1007,0.9573386463856224,0.5714659788668562,0.016003664210438678,0.007306161888638319,0.0054046531570225214,0.03178745244517636,0.0005617301978442145
MCAR,0.0,S1,xgb,1008,0.9516985525752559,0.5597755354366691,0.01617240123450752,0.007674764919494639,0.008425287857132372,0.038339157009446435,0.0009125241653497258
MCAR,0.0,S1,xgb,1009,0.9581727656373541,0.5773928187628232,0.015869481861591282,0.007298946952306059,0.00917053770351259,0.050077398842317725,0.0008733437193478035
MCAR,0.0,S1,xgb,1010,0.9523843870763748,0.5705778051779341,0.01582240685820574,0.00674137173170482,0.024125250439087833,0.063064804413751,0.0014462017634782475
MCAR,0.0,S1,xgb,1011,0.9544375251639947,0.5771836333125859,0.01583817210048432,0.0071731747183383,0.0062280899738567305,0.022393309647203107,0.00040460451652322163
MCAR,0.0,S1,xgb,1012,0.9567830059632003,0.5779814686407766,0.01571226250380272,0.00581285084221314,0.009425711829732026,0.06015570871324998,0.0013981701923786538
MCAR,0.0,S1,xgb,1013,0.9564389419165785,0.554178534282477,0.016138713993132082,0.00664439111049238,0.003112728502967471,0.0430982274851015,0.0009733640950357141
MCAR,0.0,S1,xgb,1014,0.9544847984862613,0.5591339167052946,0.01613870915025468,0.00910914380979568,0.01365317908207923,0.09697149421365427,0.0020913200881331547
MCAR,0.0,S1,xgb,1015,0.9543621776080237,0.5790143433906465,0.01581012234091754,0.007396934885078241,0.012250613717699418,0.04134555383227054,0.0010550223195622647
MCAR,0.0,S1,xgb,1016,0.9544051784842607,0.5646282142797541,0.0160878343507647,0.008387424315441299,0.00564317017106533,0.049408001923183724,0.0012956794603538073
MCAR,0.0,S1,xgb,1017,0.9581064042925757,0.5862341142603955,0.01559020671993488,0.00602548586920718,0.009617808528861772,0.06188324391607795,0.0011097929334393211
MCAR,0.0,S1,xgb,1018,0.9559385272454024,0.5693847746001302,0.015938506834208922,0.00669414187713734,0.009283084002955414,0.027822513371097698,0.0007522130248159572
MCAR,0.0,S1,xgb,1019,0.960275807411079,0.5759214856933003,0.015814711526036203,0.00928319690678216,0.00610951874821554,0.04495645767528748,0.0012562148113635443
MCAR,0.0,S1,xgb,1020,0.9552839155340621,0.5695190915410929,0.01589177399873728,0.00768059360522374,0.010335995590000776,0.06043791809135634,0.0013138335565917613
MCAR,0.0,S2,extratrees,1001,0.9466189970212859,0.5261529601139092,0.01738529167666174,0.0099116115704423,0.005253076404267566,0.09233724949292037,0.0009807929421595096
MCAR,0.0,S2,extratrees,1002,0.9463984225757411,0.5264163202304025,0.01731340681856992,0.00956203956514846,0.006366024990000417,0.09661614317628435,0.0008684354552120797
MCAR,0.0,S2,extratrees,1003,0.9465881344391374,0.5359748655537693,0.01710214990190774,0.0092746156654403,0.006953519546131053,0.08837016903000325,0.000894685689247264
MCAR,0.0,S2,extratrees,1004,0.946926242797933,0.540886742722894,0.01712827958424486,0.00986745554755484,0.007512302667423657,0.08954043939546903,0.0009622217289212583
MCAR,0.0,S2,extratrees,1005,0.9513394351421212,0.536996409495575,0.017028432086313338,0.009412611664770639,0.005691182338018498,0.08311743466887288,0.000962701036900608
MCAR,0.0,S2,extratrees,1006,0.946788775962556,0.5371264304205077,0.0170947807682791,0.0101631847797732,0.002459162400065442,0.08607479102111892,0.0009556800993787964
MCAR,0.0,S2,extratrees,1007,0.9482111628179986,0.5280353584420283,0.01744094391770454,0.00990382197097832,0.003140937279593458,0.07625930702828493,0.001312558159575826
MCAR,0.0,S2,extratrees,1008,0.9440668311526206,0.540700653325365,0.01717152787770162,0.01001082944243094,0.00348748160312939,0.07939731537562111,0.0011685132139815043
MCAR,0.0,S2,extratrees,1009,0.9460479956891934,0.5310954329938702,0.01729292569310856,0.00934264915007106,0.004135119623840081,0.0866800087650596,0.0013075781819892154
MCAR,0.0,S2,extratrees,1010,0.948325868431585,0.5384594588439748,0.01709325129498184,0.00952608259444812,0.004147247441667256,0.08149274603300558,0.0009506874285017424
MCAR,0.0,S2,extratrees,1011,0.9481265139843508,0.5295176805847557,0.01732762957529502,0.0099791261119221,0.00498412448475581,0.08674665511748697,0.0009725399304782157
MCAR,0.0,S2,extratrees,1012,0.948171125140153,0.532066666235703,0.0171268207169034,0.008863411891142479,0.005022921585002548,0.08488440112638115,0.0010341945773442393
MCAR,0.0,S2,extratrees,1013,0.9514537354449086,0.534088596849996,0.01704127470177902,0.009642049656576359,0.0048284619274748305,0.07897729219584049,0.0009697902027751719
MCAR,0.0,S2,extratrees,1014,0.9476168954367372,0.531381019537436,0.017327774246783462,0.00956053891944684,0.0030005241816008043,0.07563463075307301,0.0011924963497665665
MCAR,0.0,S2,extratrees,1015,0.946373658502686,0.5248809235813668,0.01736283370006254,0.009785193246536419,0.007013681103686255,0.09834197716440794,0.0007327682956577059
MCAR,0.0,S2,extratrees,1016,0.9487013037975046,0.5364393779877712,0.0171689478481455,0.009355213812781659,0.0049453815069131135,0.0803693917604647,0.0010206819600229238
MCAR,0.0,S2,extratrees,1017,0.947004480979448,0.5364726986947763,0.017054721979134678,0.00981354004468266,0.005992066480177382,0.07804513200879687,0.0011433345828664647
MCAR,0.0,S2,extratrees,1018,0.9470726591717746,0.5288797645549274,0.01712871342923428,0.00914721357444248,0.005265578460457569,0.08450522204508909,0.0009788389417102776
MCAR,0.0,S2,extratrees,1019,0.9459810669273244,0.5266649391986975,0.01725156577554928,0.00943549822069502,0.006441936877654851,0.08661571119917703,0.0010972077797938942
MCAR,0.0,S2,extratrees,1020,0.948649380612202,0.5299149362416332,0.01712467404579716,0.0082453808754477,0.008320721962075549,0.08427060107371337,0.000951961399956018
MCAR,0.0,S2,lr_l2,1001,0.8916303605723035,0.4103072761040411,0.01917140741459388,0.00610457784821198,0.02461246149928256,0.0869111916312629,0.0013497971012575666
MCAR,0.0,S2,lr_l2,1002,0.8892286769658033,0.4188149330617401,0.018873913572698138,0.00682519086991846,0.02916321095249535,0.08191648179393674,0.0014230118263740376
MCAR,0.0,S2,lr_l2,1003,0.8905082706197897,0.41777382279523045,0.01901498520083634,0.0073124205714074604,0.029089605726465857,0.08511994773345655,0.0016268587597005582
MCAR,0.0,S2,lr_l2,1004,0.8897000052242034,0.41859721621579754,0.01916582557001504,0.00668664295025124,0.024047282624401718,0.08757610516659524,0.0014130931197111139
MCAR,0.0,S2,lr_l2,1005,0.8900560693802703,0.4218309437840471,0.018896485110616902,0.006311068013475719,0.024273029705594612,0.08984284126142934,0.0013728680230564443
MCAR,0.0,S2,lr_l2,1006,0.8902864949637687,0.4193797773505013,0.0188581344827277,0.00640386709374254,0.026296893336005978,0.0847174707944694,0.0014930060549392921
MCAR,0.0,S2,lr_l2,1007,0.891011826566869,0.4239627422915156,0.01900310635089238,0.0060517254199432,0.024374998001287073,0.07949266619355427,0.0015818074598900026
MCAR,0.0,S2,lr_l2,1008,0.889168813061959,0.4164630080334769,0.018893965714195583,0.006819899005001739,0.028501566807214433,0.09303704132070495,0.0016322571779757373
MCAR,0.0,S2,lr_l2,1009,0.8867402458077246,0.41782878482357777,0.0189601721376362,0.006865027773793,0.027073080187894668,0.0843433360269112,0.001531143778662032
MCAR,0.0,S2,lr_l2,1010,0.8864376172701405,0.4192020986545396,0.01889257819938176,0.00521609175062078,0.026319066934802113,0.0848953843848294,0.0015077165417180438
MCAR,0.0,S2,lr_l2,1011,0.8952369923169364,0.41537518102658544,0.018832397718803958,0.007318247971037239,0.023878189689012043,0.09327875579465407,0.0015031002618210124
MCAR,0.0,S2,lr_l2,1012,0.8898284793920295,0.4147890207034356,0.01892877022680518,0.00613385514988904,0.028221542674913863,0.08471396040274022,0.001551827030554219
MCAR,0.0,S2,lr_l2,1013,0.8909072232430246,0.4196088960733066,0.01903661165651478,0.00627676815018958,0.029299609088219866,0.09705298916081466,0.0014779823000966588
MCAR,0.0,S2,lr_l2,1014,0.891287745805325,0.431209943816434,0.018541925422061,0.00583656119496242,0.031029695038596972,0.0862960002148971,0.0017050380003839753
MCAR,0.0,S2,lr_l2,1015,0.8909806389412266,0.4245501170811076,0.0186959580345766,0.006808141777873459,0.0266089443707942,0.08581644043783312,0.0012571860480271692
MCAR,0.0,S2,lr_l2,1016,0.8913440115861364,0.4142395474716082,0.01891772359465862,0.0061562333727495,0.02883053412525223,0.08489829571642714,0.0013798497883904972
MCAR,0.0,S2,lr_l2,1017,0.8895518242834444,0.4164062859678605,0.01882384723951206,0.00526758493134802,0.022338321034188386,0.08485565336022893,0.0013149287021045424
MCAR,0.0,S2,lr_l2,1018,0.8876744717397287,0.42063103638791616,0.01890821498322596,0.00742149327834226,0.02650628424008096,0.08634670766863546,0.0015841588652177174
MCAR,0.0,S2,lr_l2,1019,0.8908749234391669,0.4305037514984359,0.01849546786431898,0.00662971651320874,0.026591359892833382,0.09338922958151326,0.00120652869402434
MCAR,0.0,S2,lr_l2,1020,0.8917136742388548,0.4241691452526107,0.01870104482301002,0.00663549949274414,0.023077012100881564,0.08967666721605358,0.0013712531257941577
MCAR,0.0,S2,rf,1001,0.9450522526322327,0.5352593666096365,0.01677438090050612,0.007087306048110161,0.0075606026554600565,0.08342504207518577,0.0009313596282014243
MCAR,0.0,S2,rf,1002,0.9493668972234133,0.5468071643018486,0.01669327020681368,0.007828314244445139,0.005085119718730481,0.07643716328678568,0.001017679677490328
MCAR,0.0,S2,rf,1003,0.9487448222789456,0.5467068954919867,0.016624653811603822,0.00783497527085628,0.004519174714148234,0.07448153708323331,0.0009612393974698905
MCAR,0.0,S2,rf,1004,0.9507868502472464,0.5562853758358273,0.016607380701247558,0.0084674403493006,0.006631923767927896,0.07790182578460354,0.0009182591121296305
MCAR,0.0,S2,rf,1005,0.9516789153913191,0.5444330393732876,0.016620723048702803,0.00687164146632976,0.006661063364482488,0.07267820397367697,0.0010274489090023181
MCAR,0.0,S2,rf,1006,0.9494840607215206,0.5463492867729902,0.01687305043106732,0.00936332379690348,0.0033727884173649428,0.06525147122156953,0.001094798103798662
MCAR,0.0,S2,rf,1007,0.9494855057516386,0.5530931579028086,0.01659743547523438,0.00782817123434738,0.0044551498396370095,0.06569365816778121,0.0009395193434438761
MCAR,0.0,S2,rf,1008,0.9474312804940148,0.5400327061436784,0.016891879755414417,0.00865233393500222,0.002024976979644889,0.08200221229115182,0.0010742187355011065
MCAR,0.0,S2,rf,1009,0.9499651733909303,0.5416031129632612,0.016745838916584203,0.00742469340870182,0.006716368644773286,0.08080621749001474,0.0010278757277331612
MCAR,0.0,S2,rf,1010,0.946493336631051,0.5411637399776581,0.01674728409280904,0.00701954040478754,0.005924825199989719,0.08038136504652814,0.000883512103078298
MCAR,0.0,S2,rf,1011,0.9477520504163504,0.5420289123375543,0.016867278253457497,0.00833422801087652,0.004599099224872572,0.06078872625313666,0.0011554038875948522
MCAR,0.0,S2,rf,1012,0.9461269174398155,0.5486476903467729,0.01662465212797222,0.00833810606659632,0.007287646269599819,0.07261062455853004,0.0008705595956917752
MCAR,0.0,S2,rf,1013,0.9499714903955647,0.5377891118473433,0.01690259228974466,0.007385716088632579,0.004358782744772166,0.07370986561866626,0.001173572042952064
MCAR,0.0,S2,rf,1014,0.9492537688399263,0.5450800563308198,0.01694866799320998,0.007720049309100199,0.004121727058118049,0.061086757977799534,0.0012293540485564048
MCAR,0.0,S2,rf,1015,0.9453643138816228,0.5468580929867812,0.016632559342436782,0.00794944147057408,0.010587867172013833,0.07704747647688809,0.000891131988906775
MCAR,0.0,S2,rf,1016,0.9478196487711539,0.5366814869879459,0.01710188899948322,0.00892438776469156,0.0047831426806280814,0.06890889046310923,0.001174650307049029
MCAR,0.0,S2,rf,1017,0.9513151350293333,0.5457249044323692,0.01660902736498496,0.0076121099016663194,0.0061470890571848355,0.07655450746134526,0.0010428209697283116
MCAR,0.0,S2,rf,1018,0.9490359347447315,0.5413115847911744,0.016747554811621303,0.007535450670472041,0.005751694700117817,0.07224293898327237,0.0009879155564048632
MCAR,0.0,S2,rf,1019,0.9493444817258727,0.5478964624780344,0.01661771336373986,0.00746088036580034,0.006698434304740459,0.07484825577001392,0.0008273587507708354
MCAR,0.0,S2,rf,1020,0.9499417211668906,0.5419374852065661,0.01671575654207144,0.00735480086991336,0.007101814014291641,0.0819255368817581,0.0008709156911809871
MCAR,0.0,S2,svm_linear_cal,1001,0.8800420676781411,0.4220021643401581,0.01914284354768568,0.0075327022301085594,0.029430332304903734,0.0848450016190229,0.0014001278425349387
MCAR,0.0,S2,svm_linear_cal,1002,0.8777676511339351,0.4294366021160377,0.01868866475815232,0.0076566416147195605,0.03222214311109593,0.07827964426174955,0.0013518788363801636
MCAR,0.0,S2,svm_linear_cal,1003,0.8834856246352183,0.4354043156210635,0.0188857467852786,0.0072526298018959195,0.03465749702689595,0.0822475641633583,0.0016352150740202727
MCAR,0.0,S2,svm_linear_cal,1004,0.879678755402125,0.4252780956778107,0.01912414314615486,0.00768772236771684,0.03003105462094395,0.08344581965446415,0.0014377450591481307
MCAR,0.0,S2,svm_linear_cal,1005,0.8823116164574133,0.4311191814350666,0.01889316159230352,0.00692563356017412,0.02767008746302009,0.08918906461159215,0.001223887332495003
MCAR,0.0,S2,svm_linear_cal,1006,0.8807443314561911,0.42873568134179296,0.018867832367649322,0.00587808027027964,0.0307971859853706,0.08161994907754745,0.0015244209715868165
MCAR,0.0,S2,svm_linear_cal,1007,0.8814202195893881,0.4269739656544875,0.01901338656043916,0.00631575090330664,0.027328889732700885,0.07438793893247085,0.0015401773039753507
MCAR,0.0,S2,svm_linear_cal,1008,0.8773781278811832,0.42829981151910823,0.01875563928459306,0.0073656384087042405,0.03444025986866965,0.08479661377496465,0.0014114677216403582
MCAR,0.0,S2,svm_linear_cal,1009,0.8766203774790661,0.42670897729297,0.01904396667754692,0.007154244108226421,0.03012624382879651,0.08418079839503141,0.0015477219761665729
MCAR,0.0,S2,svm_linear_cal,1010,0.8769531372533372,0.4288930288614787,0.01883386739562428,0.00595521494323564,0.032155474033922424,0.08291989161756558,0.0014613286335139624
MCAR,0.0,S2,svm_linear_cal,1011,0.8863434630456533,0.42656587257581435,0.01881560843105856,0.00692502596895486,0.02651538835010054,0.08903929952614252,0.0013775530318881073
MCAR,0.0,S2,svm_linear_cal,1012,0.8796923812808526,0.4299562122003936,0.018767398109330098,0.00721058383339714,0.03383549285042638,0.07958608857078436,0.001477490410001881
MCAR,0.0,S2,svm_linear_cal,1013,0.8813946862102512,0.4264342165657542,0.01918759815886048,0.006332059611454499,0.03471218844898744,0.09234566851744087,0.001641459576464111
MCAR,0.0,S2,svm_linear_cal,1014,0.8832577699136784,0.43649641079258295,0.01858490756922656,0.0077728857777149,0.03550523228372271,0.08031217127712291,0.0017537141051749323
MCAR,0.0,S2,svm_linear_cal,1015,0.879704062402779,0.43368078746739214,0.01854961242125984,0.00770970341236608,0.03236698194533862,0.07991629704969094,0.0012858069467956612
MCAR,0.0,S2,svm_linear_cal,1016,0.8811449124637818,0.423136156403662,0.0189688720789408,0.00673886006103606,0.03347302904060565,0.08698228483168659,0.0013992670493642874
MCAR,0.0,S2,svm_linear_cal,1017,0.879056461931139,0.4295550687793662,0.01878093530133804,0.00632585824290566,0.025659324618781613,0.08018841188926935,0.0014528142975391274
MCAR,0.0,S2,svm_linear_cal,1018,0.8772857913596953,0.43413781550182673,0.018673157492135002,0.007697424233055181,0.03195853567282581,0.08464171267790498,0.0016244366468054397
MCAR,0.0,S2,svm_linear_cal,1019,0.8796069176182986,0.4379100231686973,0.01848477155428922,0.006575463254438141,0.03323835101064136,0.08608976648510411,0.0011624425554123078
MCAR,0.0,S2,svm_linear_cal,1020,0.8823190415816905,0.4352301672217059,0.0186673254063974,0.0071407908206506995,0.027021951537954628,0.08537738486012518,0.0014017060407903533
MCAR,0.0,S2,xgb,1001,0.9575756732180458,0.5510209531284048,0.01618723012506956,0.0072078031408645184,0.0033052736384485536,0.08485408378451562,0.0005778814269019506
MCAR,0.0,S2,xgb,1002,0.9556778162288098,0.5585138043173068,0.015971211344003623,0.00811826209272484,0.0060322294378364555,0.09334349010689934,0.0004629144181417689
MCAR,0.0,S2,xgb,1003,0.9570175299972792,0.5665805514463338,0.0156647672876715,0.0061815774918657,0.004296721478438824,0.09219753250275153,0.0006756728668405184
MCAR,0.0,S2,xgb,1004,0.9554435685130205,0.5550263147093284,0.016064985096454577,0.00797617402809922,0.006774812609172071,0.09913859874796685,0.000742358918363487
MCAR,0.0,S2,xgb,1005,0.9574439560358007,0.5635259785605146,0.015978997759520962,0.00794717438323558,0.009345858639426451,0.08510274411482512,0.0010066107012089035
MCAR,0.0,S2,xgb,1006,0.9538152843972177,0.5721141515763414,0.01571456175297494,0.0063730520972903795,0.008763005420247131,0.08950982141468077,0.0007099684922580389
MCAR,0.0,S2,xgb,1007,0.957602446864475,0.5670140877283932,0.01588017847388978,0.006730783563400419,0.004194827725607434,0.08488108658430726,0.0006592080115833825
MCAR,0.0,S2,xgb,1008,0.9568999956244472,0.5603344951555866,0.01586380619555706,0.0073886552595442394,0.007541706810020969,0.07679720297175938,0.0007423986286566469
MCAR,0.0,S2,xgb,1009,0.9565586085605986,0.5690770411754604,0.01587225794792172,0.00750906627116938,0.00663827564879676,0.10055244273517343,0.0008667632506940434
MCAR,0.0,S2,xgb,1010,0.9585421807235592,0.5701350695879842,0.0156471766531467,0.0057623766414794,0.006210226446537183,0.08204194819026416,0.0006805213748592869
MCAR,0.0,S2,xgb,1011,0.9566203155412056,0.5673925899416499,0.01570358630269758,0.00693614311642278,0.008183581352663966,0.08433747560228573,0.0005893198494660694
MCAR,0.0,S2,xgb,1012,0.9527895192510186,0.5596565830355827,0.01600103788077826,0.00853906583137176,0.007738536096102457,0.08057193218535784,0.0008567641662545808
MCAR,0.0,S2,xgb,1013,0.9588901979371489,0.5597426820291005,0.01599175911396736,0.006876815727951879,0.005672043255676342,0.08676829262575857,0.000648912805827418
MCAR,0.0,S2,xgb,1014,0.95592632211658,0.5629403819576039,0.0158942965790629,0.007214479642928801,0.009218974173888497,0.08530056662259546,0.0006996264483435195
MCAR,0.0,S2,xgb,1015,0.9562690215866511,0.562943162768109,0.01580269969999786,0.005924541257925339,0.004519583655985279,0.10402371600014558,0.0006862912122641959
MCAR,0.0,S2,xgb,1016,0.9588392574046065,0.5687376496292704,0.015860463678836763,0.0076682114902916,0.005085074115981902,0.08849766718688235,0.0007280185246273985
MCAR,0.0,S2,xgb,1017,0.9585855573469606,0.5689135019271456,0.01591775361448522,0.00785158380801034,0.006975273572087143,0.08011689682576395,0.0010845706371278977
MCAR,0.0,S2,xgb,1018,0.9563580573387547,0.567944954341838,0.015895381011068778,0.007265029498939519,0.0038342464766124027,0.07021861587489042,0.0008672342083181432
MCAR,0.0,S2,xgb,1019,0.9581669660773142,0.5534323469646869,0.01608034037053582,0.0077057074492675,0.00621958245544964,0.10301235991146242,0.0007670081530248848
MCAR,0.0,S2,xgb,1020,0.9557001805864527,0.5569286141341275,0.01605222281068558,0.007553567562415981,0.005215424345107225,0.08646363089857381,0.0008003788247720714
MCAR,0.05,S1,extratrees,1001,0.9484057567299722,0.5252726953552388,0.01780210544097014,0.01021400101337202,0.010693990802022229,0.08558667719850228,0.001581869046766181
MCAR,0.05,S1,extratrees,1002,0.9467606393262324,0.5485435334475671,0.017376274031114282,0.0096732221248007,0.012962006845356113,0.0780873009947831,0.0010548090120634976
MCAR,0.05,S1,extratrees,1003,0.9451961022357583,0.5367504616371532,0.01732592974340098,0.00789630114543998,0.01307346978874238,0.05968048297922464,0.0008560322839434802
MCAR,0.05,S1,extratrees,1004,0.9467528070660144,0.5503811105938337,0.01721572167689662,0.01008844455773116,0.010873876716515914,0.08341500271824227,0.0011467874635557073
MCAR,0.05,S1,extratrees,1005,0.947618109294529,0.5521310448131569,0.017364053999914742,0.00976824919356478,0.015889046037777993,0.048391318036261656,0.0007063843137646506
MCAR,0.05,S1,extratrees,1006,0.945558591149722,0.5348236258785439,0.01765121010487852,0.00971254307293328,0.008226658030614061,0.03421580957613438,0.00033223217028515643
MCAR,0.05,S1,extratrees,1007,0.9501853703636595,0.5469120114794878,0.01715014866498388,0.008603450514530219,0.007611939042089072,0.017619089685754947,0.00032735477299155057
MCAR,0.05,S1,extratrees,1008,0.9456494463998053,0.5331990286662729,0.0174868568523713,0.009028333192949479,0.00863273383236666,0.060789844540453046,0.0009202381833503782
MCAR,0.05,S1,extratrees,1009,0.9473807122200302,0.5420123404587667,0.01747860522036946,0.009273039708088859,0.010942228421633615,0.043220030191326884,0.0007216661166989896
MCAR,0.05,S1,extratrees,1010,0.949276858548434,0.5383407075726907,0.017313123851234718,0.00817799790537154,0.015161687930271723,0.0663107097938443,0.0010507509918582774
MCAR,0.05,S1,extratrees,1011,0.9508748312131565,0.5504914394797596,0.01706692490247922,0.00899816186357714,0.005616752083081282,0.01873145796859672,0.00036510872683067356
MCAR,0.05,S1,extratrees,1012,0.946013723763906,0.5423785691745442,0.0172689688444336,0.0083039119731661,0.012590288196679815,0.06603590316890631,0.0009420776901976586
MCAR,0.05,S1,extratrees,1013,0.9441565915765422,0.537609350108074,0.01744670373765064,0.00956181955957136,0.008362676392117572,0.07015395424590472,0.0012069909943148356
MCAR,0.05,S1,extratrees,1014,0.9465086131210935,0.543994463584694,0.01729874978029098,0.0086488795612047,0.009763292160302958,0.07195121540090736,0.0014002099073562816
MCAR,0.05,S1,extratrees,1015,0.9431692788292398,0.5429603287158463,0.017199507021789802,0.00852898678612532,0.012587009826454667,0.05552628234275073,0.0008330578668081542
MCAR,0.05,S1,extratrees,1016,0.945640826891492,0.5368172397502488,0.01731816606343706,0.00817937785233858,0.0062049647693613,0.06504665523016827,0.0010436021098992965
MCAR,0.05,S1,extratrees,1017,0.9487980195445376,0.5570563554209326,0.01708827230604708,0.00806415967616792,0.009226128721301194,0.039513608979773095,0.0006689225979671562
MCAR,0.05,S1,extratrees,1018,0.9415834742547158,0.5298504073936645,0.01783895181310354,0.009748106238880939,0.009857337232325828,0.04955172913464967,0.000979383781200386
MCAR,0.05,S1,extratrees,1019,0.9509555525444153,0.5494679289422356,0.017135149344942542,0.00926751171190064,0.008044773099966719,0.059068682945926446,0.0010280556419102272
MCAR,0.05,S1,extratrees,1020,0.9472094299665799,0.5338249854999676,0.01748259186746884,0.009260979788874978,0.014277342360325202,0.09148101002501519,0.0017049153835050949
MCAR,0.05,S1,lr_l2,1001,0.8871616799635527,0.42153099832316715,0.0186793470571433,0.00560593517305296,0.01709597019641048,0.082133904726269,0.0016780260403174508
MCAR,0.05,S1,lr_l2,1002,0.8795405118363261,0.43247083449478707,0.01852331722024262,0.0051732535721307395,0.029828545944297517,0.07573103829464788,0.0014048221610043188
MCAR,0.05,S1,lr_l2,1003,0.8857530672232927,0.4167607891351266,0.0187705622989274,0.00436679327169528,0.01044382302179699,0.07250068854823921,0.0015493017170547187
MCAR,0.05,S1,lr_l2,1004,0.8851625189275083,0.4314804275281766,0.01871307211247964,0.00629260707016754,0.030692141690192437,0.0764546858969711,0.0015886614488426728
MCAR,0.05,S1,lr_l2,1005,0.8843862474906438,0.4106576432031158,0.019037762997885798,0.006296654293570141,0.029569438047547445,0.04778829957826945,0.0012611123502794701
MCAR,0.05,S1,lr_l2,1006,0.8792085785782687,0.42476463491669414,0.01866808728019642,0.0045333928644772006,0.018181065766758882,0.043263172099929255,0.0009147665549228951
MCAR,0.05,S1,lr_l2,1007,0.8789569943285434,0.43254123249305837,0.018490471682750642,0.00449518449219276,0.03509411440448555,0.03317345446082082,0.0007816669341651988
MCAR,0.05,S1,lr_l2,1008,0.8913532677629867,0.4172204812227009,0.0188652501050544,0.00524026221367308,0.027194296736703812,0.06338509266474679,0.00130833901979595
MCAR,0.05,S1,lr_l2,1009,0.8871766571917036,0.4284277897151947,0.018582951432982442,0.00530203537398222,0.015847428448835073,0.05970881399529082,0.001102512960103904
MCAR,0.05,S1,lr_l2,1010,0.8813907422993947,0.4204442504371174,0.0187115208350318,0.005823784748075241,0.030611465112150387,0.044453850629330945,0.0009644015216881289
MCAR,0.05,S1,lr_l2,1011,0.8813275168110464,0.4348970738584622,0.01841633690611992,0.00566596334926724,0.01965229595395831,0.015314754643032457,0.00037460455024438766
MCAR,0.05,S1,lr_l2,1012,0.8843334083999181,0.42559125218816546,0.0188241097058909,0.0065445352743173394,0.018742520857133353,0.08215477498971252,0.0016244559927664289
MCAR,0.05,S1,lr_l2,1013,0.8821018864229326,0.4218703982253552,0.01880725511839228,0.00597896752015814,0.016800650263033855,0.07623231280837042,0.0015146795028544602
MCAR,0.05,S1,lr_l2,1014,0.8848677922459606,0.4190593316750796,0.018815740944743642,0.00467180129436182,0.01500375780261081,0.07033320702874549,0.001382336525179081
MCAR,0.05,S1,lr_l2,1015,0.8795451861105296,0.4258975406178397,0.01869305907010534,0.00516071827583136,0.007442694276930811,0.043703189765245766,0.0007621975192640786
MCAR,0.05,S1,lr_l2,1016,0.8811195162603358,0.4243214073126637,0.01875890262350898,0.00605344013635698,0.023973705146022945,0.06493882542273025,0.0014003163673648223
MCAR,0.05,S1,lr_l2,1017,0.8853895790213236,0.4206504951862158,0.01873493535976982,0.00513079391736282,0.014785413609719314,0.05275714174267168,0.0011367096717137936
MCAR,0.05,S1,lr_l2,1018,0.8816255966194217,0.41041767191768797,0.01905231661687702,0.0057161225977762796,0.021730716131161145,0.05682505235237609,0.001357015157560122
MCAR,0.05,S1,lr_l2,1019,0.8830679366439812,0.4338753763001283,0.01862852799183768,0.00473708996355914,0.008253183088668173,0.035839685005040284,0.0009384424195616136
MCAR,0.05,S1,lr_l2,1020,0.8837247635784348,0.4216117065012582,0.018607164058063043,0.005303105222208481,0.021800168027275385,0.07786808823251859,0.0018159273086652634
MCAR,0.05,S1,rf,1001,0.9488691298628794,0.5411213097845755,0.01691170439823908,0.0064874660169187805,0.008871012172606586,0.06388493707176217,0.0011275111937126098
MCAR,0.05,S1,rf,1002,0.9502260853636496,0.5543912073582287,0.01682148790983476,0.007171848612311781,0.010061134238609546,0.0717272182471736,0.001041387469042272
MCAR,0.05,S1,rf,1003,0.9476807718458213,0.534788773222121,0.01705453803370166,0.00617619471856044,0.014104863233554204,0.06254829399920019,0.0010077673582887163
MCAR,0.05,S1,rf,1004,0.9515670118226385,0.5449677777660246,0.01684594551243216,0.0087224329734811,0.010544246603853061,0.09068877376446025,0.0014768787360477788
MCAR,0.05,S1,rf,1005,0.9441224528367517,0.5429116728802418,0.016975317129446398,0.006480076059746839,0.021935497097948915,0.042354488397720526,0.00048488099680108333
MCAR,0.05,S1,rf,1006,0.9487975726339251,0.5417737520065571,0.01696161698916332,0.00665795157425596,0.0069177222392844745,0.0382656523503689,0.0005910159970743659
MCAR,0.05,S1,rf,1007,0.9450501993410969,0.544580440846563,0.01685553348272126,0.006646507190680601,0.004475668416805663,0.01703551276429284,0.0002517632414942338
MCAR,0.05,S1,rf,1008,0.9468966075955878,0.5334349219417295,0.01704065698792186,0.0055354318324091,0.006842249888485381,0.052844184220694486,0.0009018435747142205
MCAR,0.05,S1,rf,1009,0.9477175281043702,0.5460764355828955,0.01683113885590656,0.007194656619698039,0.008440842845309902,0.05175718598966403,0.0006832858881771083
MCAR,0.05,S1,rf,1010,0.9465965960440537,0.5394044763582361,0.01696913321615584,0.0070170826019041194,0.016365767130677427,0.06849810879699937,0.0011772840180692488
MCAR,0.05,S1,rf,1011,0.9459995482469015,0.5540077597595068,0.01670604844090352,0.00707959200413886,0.0034944290954623284,0.015329636304876769,0.0004166134580769522
MCAR,0.05,S1,rf,1012,0.9457382960721924,0.5502237979757012,0.016869220949722617,0.007351046378163801,0.01599062258859587,0.057936649535387956,0.0009186428849715016
MCAR,0.05,S1,rf,1013,0.9465584852061205,0.5435325810516137,0.016926252538091702,0.007965476467806801,0.007399131549322133,0.0725397712386127,0.0012657897764603169
MCAR,0.05,S1,rf,1014,0.9496635612821114,0.552598554320942,0.01675732470718122,0.008017954045167081,0.008945880378252925,0.05934073075438451,0.0010532323894367423
MCAR,0.05,S1,rf,1015,0.9413850234288024,0.5462883133335679,0.016779117364744838,0.006588179312749981,0.016092397405795683,0.06726679190012813,0.0010804669350548146
MCAR,0.05,S1,rf,1016,0.946609661012222,0.5361128426552186,0.016990997576454742,0.00708750486447086,0.009041306964453325,0.0708689069273155,0.0012282205621998823
MCAR,0.05,S1,rf,1017,0.9472388597535673,0.549357460181464,0.01676646325568088,0.006647717240770739,0.006893517227423429,0.05309267588187968,0.0008290472660343996
MCAR,0.05,S1,rf,1018,0.9470400338933924,0.5398235679623143,0.0169907816242926,0.00609659807921622,0.008864382549232929,0.04822502876779119,0.000805918997456231
MCAR,0.05,S1,rf,1019,0.9488464272618848,0.5446176284640027,0.01686424058973968,0.00732039258304282,0.004496834702321123,0.06089455996181289,0.00112351470349825
MCAR,0.05,S1,rf,1020,0.9467396592359132,0.5337766982906139,0.01702539244849858,0.007015209787144899,0.011773255135519106,0.09580785496386107,0.0016880228562740655
MCAR,0.05,S1,svm_linear_cal,1001,0.8751905466166265,0.4253143459433426,0.01875114717771072,0.007082582277003781,0.015436446289129957,0.0894804858788732,0.0018949613202298482
MCAR,0.05,S1,svm_linear_cal,1002,0.8683948658889719,0.4373932570869831,0.01864943165175348,0.00627491248030748,0.03218519763857849,0.0759770400142541,0.0009881087862893003
MCAR,0.05,S1,svm_linear_cal,1003,0.8741007055242997,0.42353178403422254,0.01886192525137544,0.00515831580895072,0.016920685355068625,0.07565418103301189,0.0013741235359975106
MCAR,0.05,S1,svm_linear_cal,1004,0.8741953549866082,0.4335506761236278,0.018940721631009162,0.007751290584563921,0.03522377842339991,0.07880558362881296,0.0014321391151254576
MCAR,0.05,S1,svm_linear_cal,1005,0.874306808405335,0.4242890987661613,0.0190190665640576,0.00807811010940546,0.024891662727966637,0.042356209072228784,0.0011090151083870447
MCAR,0.05,S1,svm_linear_cal,1006,0.8660179706158673,0.426924947985073,0.018722713003722018,0.006604429370774881,0.02548321470114921,0.042259578076523203,0.0008177426869601367
MCAR,0.05,S1,svm_linear_cal,1007,0.8686561615229543,0.43271917714063035,0.01859471546123776,0.00571441570263034,0.03727429949601767,0.041775760602920146,0.0009509146000931131
MCAR,0.05,S1,svm_linear_cal,1008,0.8812761566757106,0.41795499950574,0.01914271342009652,0.006337699697858761,0.027834707975655865,0.06529208189464021,0.001377741713500059
MCAR,0.05,S1,svm_linear_cal,1009,0.8774884106525909,0.4415027737920442,0.018657443787905358,0.00606839908641946,0.014408580913529145,0.035778306054952316,0.0006876172420596603
MCAR,0.05,S1,svm_linear_cal,1010,0.870416338818466,0.42559933131395244,0.01894342590243594,0.00718600097388118,0.034406085420872645,0.036972414317483444,0.0009713988170825187
MCAR,0.05,S1,svm_linear_cal,1011,0.8685760448324101,0.43413736138033265,0.0184696344030047,0.006273302757708781,0.024427873978310585,0.020297067991105623,0.0004431391301947697
MCAR,0.05,S1,svm_linear_cal,1012,0.8747237122566883,0.42643484334432386,0.01889884601265682,0.00593058532395464,0.024561973779140402,0.07474717626622135,0.0012092867107574951
MCAR,0.05,S1,svm_linear_cal,1013,0.8687347608994695,0.430822257665817,0.0187743053815277,0.007343272151254481,0.021334886997545204,0.08938492349557474,0.0015294231175632612
MCAR,0.05,S1,svm_linear_cal,1014,0.8753659449676426,0.4302540538892724,0.01885983795464798,0.00635808002809308,0.014894573773032998,0.07408997049654567,0.0013778952267421308
MCAR,0.05,S1,svm_linear_cal,1015,0.8667719938964336,0.42358741880004047,0.01905069438151086,0.0055733817065229205,0.009768710700120736,0.039010899940108125,0.0009591408407693362
MCAR,0.05,S1,svm_linear_cal,1016,0.8707923339106545,0.43016631160658914,0.01884111302035332,0.0062434394760716395,0.021830667410987162,0.056478799301716204,0.0013523615200708933
MCAR,0.05,S1,svm_linear_cal,1017,0.8752408133827064,0.42874330308605063,0.01896559263788606,0.0065547181676815615,0.014667282919663373,0.055892957493948764,0.0010690814197336542
MCAR,0.05,S1,svm_linear_cal,1018,0.867816751407212,0.4273774581416466,0.01898666247823492,0.00597472876762514,0.02091379902060444,0.06286261155098669,0.0015449126395090022
MCAR,0.05,S1,svm_linear_cal,1019,0.8742906565769515,0.44034342815544003,0.01860110076639776,0.0063786920417716,0.010375875434038916,0.03730223803771835,0.0010803979725823995
MCAR,0.05,S1,svm_linear_cal,1020,0.8717275864761531,0.4298491407033936,0.01870924192195696,0.00580713836946022,0.02491110848137885,0.08018974950185047,0.0017883125861762421
MCAR,0.05,S1,xgb,1001,0.956958278154028,0.5482365167139553,0.01633505318313834,0.00703718647616144,0.010565034396506127,0.07987612280471175,0.001549368376904662
MCAR,0.05,S1,xgb,1002,0.95264411472241,0.5651933934239008,0.01627325434237714,0.00807457213741896,0.00789058869272851,0.06039771466088215,0.001464892539265908
MCAR,0.05,S1,xgb,1003,0.9461140509047702,0.5289443488139173,0.01676453687250608,0.008183804839536079,0.013784583659302505,0.056958156113768615,0.0011585686115841466
MCAR,0.05,S1,xgb,1004,0.9531936515243608,0.5433380872433029,0.016419528238475277,0.00528679872014926,0.011341542072271215,0.07388877021494394,0.001688288878128465
MCAR,0.05,S1,xgb,1005,0.9534136336103515,0.5412619083959681,0.01653637103736396,0.00793849659103434,0.012370307635472078,0.04507244908421235,0.0010324513640293956
MCAR,0.05,S1,xgb,1006,0.9496902679537069,0.5444320592180902,0.016414999216794922,0.00639009939656396,0.007116125458391713,0.0362735820274465,0.0008574744958610031
MCAR,0.05,S1,xgb,1007,0.9528168490724115,0.5465216167544997,0.0164830036461353,0.00852027254689328,0.0033513133471915475,0.02345847366938037,0.0005508627012656716
MCAR,0.05,S1,xgb,1008,0.9481546597674179,0.5345341587219663,0.01679083164781326,0.00873152749851146,0.01123255267636697,0.06292444988799062,0.001432656311429916
MCAR,0.05,S1,xgb,1009,0.9548228948895037,0.5593971347527931,0.016200701892375918,0.00789329300934328,0.008085910193048494,0.04694383490294939,0.0009112078505928621
MCAR,0.05,S1,xgb,1010,0.9501032812313621,0.5443674871184409,0.01668764278292652,0.00847525146443166,0.022177559567928582,0.08002134591007608,0.0019367446792598767
MCAR,0.05,S1,xgb,1011,0.952907220956891,0.5562689240645421,0.01619941294193264,0.006269220100064541,0.004739852613248714,0.035327707528640596,0.0006995610997747195
MCAR,0.05,S1,xgb,1012,0.9546644628945293,0.5648028775773082,0.01617832221090788,0.00777027581729472,0.00860411271867198,0.057159481781204405,0.001410589793810258
MCAR,0.05,S1,xgb,1013,0.9505534638176549,0.5431265487569172,0.01642300263047212,0.0072303829367070995,0.0019568188989811685,0.050247546142595224,0.0012296320308350986
MCAR,0.05,S1,xgb,1014,0.9515734051222567,0.5415842135155822,0.01647287663072344,0.0063668484176625795,0.011077024259923135,0.09070686629310966,0.002047147576679507
MCAR,0.05,S1,xgb,1015,0.949285751044562,0.5579905449543544,0.016186854429542978,0.007206282449513881,0.012037999837120967,0.04138534811683158,0.0011017371321073396
MCAR,0.05,S1,xgb,1016,0.9503628695864517,0.5375199704665796,0.01652025692164892,0.0067625186777356796,0.007763513357784341,0.06067196355384024,0.001317252012118606
MCAR,0.05,S1,xgb,1017,0.9550240862077661,0.5685094867274967,0.01597060859203334,0.00647470733875456,0.007787889732642829,0.048099782896600586,0.0008857948310398692
MCAR,0.05,S1,xgb,1018,0.950881027078754,0.5395959858966771,0.01659062709659332,0.00781515809633036,0.011221622086164467,0.04806535208947135,0.0013320855825573225
MCAR,0.05,S1,xgb,1019,0.955454453562384,0.547856483474726,0.01642281282693142,0.00797919477957968,0.010533396580313664,0.03527038765136049,0.0011564450889421992
MCAR,0.05,S1,xgb,1020,0.9524777594427116,0.5422838312148224,0.0164021542295813,0.007040928178680859,0.00731618868281474,0.04960864801300153,0.0011381545635586506
MCAR,0.05,S2,extratrees,1001,0.9448877536616672,0.5267966999131154,0.017298122821246882,0.00887188184090632,0.011853610007331776,0.08415503403280235,0.0009669409325388644
MCAR,0.05,S2,extratrees,1002,0.9452571568060847,0.5170631310101379,0.017535384217690138,0.00954147975632552,0.00679644440817069,0.09693485473783668,0.0009299248091081068
MCAR,0.05,S2,extratrees,1003,0.9462879453034168,0.5260077821945666,0.01748088971392142,0.00932275001275636,0.007806870013681529,0.09141476366756272,0.0012821127023877814
MCAR,0.05,S2,extratrees,1004,0.9447697203084067,0.5259334837103415,0.01743020233988788,0.00978962965097232,0.007010040232538556,0.08893930565115264,0.0008941675058639825
MCAR,0.05,S2,extratrees,1005,0.9456682562857205,0.5131721661215818,0.01739259139440124,0.00996878179259162,0.005420666860109997,0.10581680656580918,0.0007385682602356956
MCAR,0.05,S2,extratrees,1006,0.9465106549099545,0.5263120389785442,0.01740987645783856,0.01062632469025982,0.004438690853701386,0.0772923853004268,0.0010772767408567605
MCAR,0.05,S2,extratrees,1007,0.9444869976580448,0.5194672718711629,0.017486526653568042,0.00916079621684926,0.0024747223308536057,0.06528364915887915,0.0013420245201925171
MCAR,0.05,S2,extratrees,1008,0.9450333903166163,0.5267866384345001,0.01740985518666466,0.00940559712508714,0.004427404607916238,0.09700579631184492,0.0012531266701500791
MCAR,0.05,S2,extratrees,1009,0.9447042845218577,0.504269794336024,0.01776146092005606,0.00857669097860682,0.001773742550249253,0.08903391952786216,0.0012630564133190192
MCAR,0.05,S2,extratrees,1010,0.9461258295398431,0.5203835415112457,0.0173989429120197,0.00854278726428282,0.005069055917527794,0.09165697247669519,0.0009149240052661348
MCAR,0.05,S2,extratrees,1011,0.9482384962279019,0.5267422139733515,0.017382035645129117,0.00978097296496988,0.00814249279784905,0.08677245793082429,0.0009722858028219783
MCAR,0.05,S2,extratrees,1012,0.938691151119151,0.5028977727917046,0.01780714524920966,0.00923827074953444,0.0038107739855009017,0.09516813643335437,0.0011016962246588487
MCAR,0.05,S2,extratrees,1013,0.94623030946027,0.5164253166507256,0.01732897380556146,0.00979254930326958,0.007006593983739576,0.08013190238849417,0.0010965928517217597
MCAR,0.05,S2,extratrees,1014,0.9448663565469365,0.5179347638553503,0.017651792709092777,0.009630306871006281,0.0028129875900989366,0.08845004454997467,0.0011445467304061093
MCAR,0.05,S2,extratrees,1015,0.9451719402319663,0.5215326442100991,0.01750431782134284,0.00915856761998956,0.003770258427222183,0.08472942422729288,0.0010247935920913163
MCAR,0.05,S2,extratrees,1016,0.9461452948083446,0.5298729695755742,0.0174809269614564,0.00905533097926156,0.006807522056101583,0.09112619570184147,0.001182080371253691
MCAR,0.05,S2,extratrees,1017,0.9461481353445927,0.5231352218831861,0.01746715360860806,0.00894708880279656,0.007990832552902217,0.08434077835521506,0.0013071347649314805
MCAR,0.05,S2,extratrees,1018,0.9421369520092181,0.5058060360884713,0.01766238731819768,0.008437967686045721,0.006767440780129993,0.08721455048929899,0.0010213233981626873
MCAR,0.05,S2,extratrees,1019,0.9422735803123798,0.5176281667246323,0.01758725651292228,0.00894012861692634,0.0041760738145401955,0.07920612545912516,0.001389933286056594
MCAR,0.05,S2,extratrees,1020,0.9449985030708643,0.514770206757969,0.017639084765730263,0.0096365782102949,0.007130446513821602,0.08041182282144939,0.0010471921619554128
MCAR,0.05,S2,lr_l2,1001,0.8874469519712473,0.4015942023537352,0.01930820656995184,0.00606245580687572,0.025939695157315267,0.07515219882487487,0.0014525180018927044
MCAR,0.05,S2,lr_l2,1002,0.8822677433282772,0.41007234132109105,0.01900988924233796,0.0068659408397767005,0.02874796873531839,0.08434309207892104,0.0016621822681792907
MCAR,0.05,S2,lr_l2,1003,0.8830654400644949,0.40906195859474426,0.0193178372139379,0.006668664253850901,0.03402736809976772,0.06632258792623373,0.0016345620445931282
MCAR,0.05,S2,lr_l2,1004,0.8833472309756033,0.40488071204860265,0.01924554211760816,0.0057394519669321,0.026396693945166593,0.08084659512310137,0.0009956256409715237
MCAR,0.05,S2,lr_l2,1005,0.8844055916150892,0.4025353207579319,0.01922843182235424,0.00694904711966072,0.020198185043021153,0.09869490592818363,0.001217146691876905
MCAR,0.05,S2,lr_l2,1006,0.8853604314930899,0.40319912801096464,0.01910337992643036,0.006342422733700399,0.0293102277724484,0.0746605419815941,0.0014956906855303506
MCAR,0.05,S2,lr_l2,1007,0.8799296035690425,0.40650486192723123,0.01925344007162228,0.00542086952686648,0.024926348322920417,0.07898779044427029,0.0015158441528742809
MCAR,0.05,S2,lr_l2,1008,0.8845693281584868,0.4184882339370116,0.01882016992023422,0.0065713775058948,0.03078474826470975,0.1027130293692168,0.0015961383288168472
MCAR,0.05,S2,lr_l2,1009,0.8828222453731698,0.419133561407066,0.018979908953508862,0.0065893092847656,0.027085282167657113,0.08146786641702783,0.0016258860347469837
MCAR,0.05,S2,lr_l2,1010,0.879800543589619,0.4055620932316609,0.01909068487132878,0.00533919848465878,0.03311088592625666,0.08996481104606122,0.001498824875704263
MCAR,0.05,S2,lr_l2,1011,0.8897545625981664,0.4010442391789015,0.0191569811497066,0.0077981895826711,0.023110103620182,0.09943652186929931,0.0016373118779192538
MCAR,0.05,S2,lr_l2,1012,0.8760329300862535,0.392454644237419,0.01932372586538518,0.00511811653602156,0.029983906367668418,0.08136278253975505,0.0015698905347848904
MCAR,0.05,S2,lr_l2,1013,0.882984553750835,0.4055876987464506,0.01914899418773016,0.006875268491550899,0.03370479063863808,0.09558431825259131,0.0015327461100152157
MCAR,0.05,S2,lr_l2,1014,0.883046570716368,0.4165919830555814,0.018761200760594822,0.00577089276445872,0.03248020372963895,0.07450886370490677,0.0017775511600496708
MCAR,0.05,S2,lr_l2,1015,0.8850454757711652,0.4198185420632788,0.01884739449288468,0.0074921796457763,0.023749160614851012,0.07692026030456879,0.0011948837850639783
MCAR,0.05,S2,lr_l2,1016,0.8781090000518159,0.39285539118332846,0.019504839801682262,0.00544015189452534,0.031013060400150068,0.09000527549776101,0.0016921200232884264
MCAR,0.05,S2,lr_l2,1017,0.8770687317868914,0.40145720852140165,0.01906730545446936,0.00623198889096992,0.024648824448206003,0.08329391528581845,0.0011178586344269589
MCAR,0.05,S2,lr_l2,1018,0.8798431253976389,0.3908931411210165,0.01960509196806948,0.006919501669606261,0.030835292466158227,0.09803648387858212,0.0015663982875929194
MCAR,0.05,S2,lr_l2,1019,0.8895321281881291,0.4229832178779195,0.01865507685020244,0.0066378788788662,0.02308900897415905,0.08929058165152205,0.00110331540699753
MCAR,0.05,S2,lr_l2,1020,0.8838200689670199,0.3990439137416562,0.01928103865789494,0.006794110994995439,0.022317303816181078,0.08862315998061751,0.001303454416501805
MCAR,0.05,S2,rf,1001,0.9457474802363146,0.5282102060681046,0.01692766855405738,0.006677058118576299,0.007530543503312759,0.08051022073111926,0.0008471387039796966
MCAR,0.05,S2,rf,1002,0.9451856021912677,0.5302297731695168,0.01699428682027704,0.00736270453142582,0.008213159028907761,0.08427734637251928,0.0009771367561007634
MCAR,0.05,S2,rf,1003,0.9445073414108744,0.5338221438541981,0.0169791671915986,0.007192021640197141,0.009650548245380466,0.07395227863012657,0.0010162799978603479
MCAR,0.05,S2,rf,1004,0.9435710328444713,0.5416427804055824,0.01688556107794442,0.0078019391672945,0.007569118996834605,0.07327002746410302,0.0010289272092259265
MCAR,0.05,S2,rf,1005,0.9486378213927038,0.5343774034374112,0.016849967278709542,0.00689912225486064,0.005543003115643417,0.07181610900362374,0.0009380653567978763
MCAR,0.05,S2,rf,1006,0.9466370842713022,0.5321670618006238,0.0169903167822033,0.00907038618067052,0.007458577703687051,0.07135639412652085,0.0009362016059967447
MCAR,0.05,S2,rf,1007,0.943316224724817,0.5332490134112489,0.01695659011516536,0.00767072788632632,0.0053165703358024185,0.05619007446982256,0.001159160358641738
MCAR,0.05,S2,rf,1008,0.9435349508597192,0.5371754924265236,0.0168843582474812,0.008216641513207178,0.0038888289364037037,0.09269084010169208,0.001032230991541818
MCAR,0.05,S2,rf,1009,0.9467342378753241,0.5130197354632869,0.01718731266651684,0.0066220747944495395,0.0061659808212027115,0.09243364960910022,0.0009161520432064891
MCAR,0.05,S2,rf,1010,0.9463167970452997,0.522134620341201,0.01706213309409288,0.007004033816504861,0.006860188913903325,0.08310322444203373,0.0010026344547273522
MCAR,0.05,S2,rf,1011,0.9456184107906891,0.529232254885547,0.0169387075483206,0.0070244390686064195,0.009010575607197565,0.07700408798448136,0.0008191846426345116
MCAR,0.05,S2,rf,1012,0.9455635898706062,0.524716813950912,0.01711823842268114,0.00761296917531828,0.005302982833911442,0.09065864931633431,0.0008907780773315841
MCAR,0.05,S2,rf,1013,0.9469216811931289,0.522618728289421,0.016992501497301297,0.00647366908678864,0.004713028889751617,0.07116172400394428,0.0010530331779864041
MCAR,0.05,S2,rf,1014,0.9462860395306436,0.5321386576168916,0.01703372793003454,0.007218839899393199,0.004327671471999429,0.07441942218546879,0.0010464434215308608
MCAR,0.05,S2,rf,1015,0.9440493196650104,0.5304234942585067,0.01701673941606064,0.00671206733485754,0.005894524671712991,0.07306526173166071,0.000979059050343619
MCAR,0.05,S2,rf,1016,0.9472779553408757,0.5353893362509841,0.01694839724411202,0.007670033512866201,0.00650841232658749,0.08063114333856901,0.0008864780358289443
MCAR,0.05,S2,rf,1017,0.9470320562700891,0.5357417151910866,0.01702948578539986,0.00761825521417846,0.005581762049183031,0.07440382481910775,0.0014051079435944787
MCAR,0.05,S2,rf,1018,0.9438181777960304,0.5046053073678448,0.01740987507691262,0.00654065866455668,0.008070815515746425,0.08670350639427354,0.0009812511515068713
MCAR,0.05,S2,rf,1019,0.9488872708427223,0.5345205706895417,0.0168121334453802,0.00685805138894824,0.006941080316737598,0.0761288208702617,0.000898307537875834
MCAR,0.05,S2,rf,1020,0.9465070666185946,0.5221719879678846,0.0171581251872035,0.0067423262809635,0.006400241096793922,0.07624663562550732,0.0009289934365229503
MCAR,0.05,S2,svm_linear_cal,1001,0.8751051693875725,0.4089559887412211,0.019460895891479778,0.007393427115525019,0.031097609395346417,0.07345320722309369,0.0016221966134196757
MCAR,0.05,S2,svm_linear_cal,1002,0.8704942561334181,0.42224662125379886,0.01892645108160444,0.00720368296765406,0.031903525090438735,0.0802002732324081,0.0015457170673203813
MCAR,0.05,S2,svm_linear_cal,1003,0.8725337464920162,0.42482923180489307,0.01909723031198258,0.0065654786051936006,0.042145564673707274,0.06349971599253608,0.0018979502710725472
MCAR,0.05,S2,svm_linear_cal,1004,0.8706252366120937,0.4129567119979309,0.01914982647419032,0.0069012588591567,0.03329709957496698,0.07789550224113237,0.001186249980669371
MCAR,0.05,S2,svm_linear_cal,1005,0.8695665643281274,0.4087314373347657,0.0192902293747961,0.007502033998900421,0.028253975166608478,0.10388129628893364,0.0010433867439614106
MCAR,0.05,S2,svm_linear_cal,1006,0.8722381287887432,0.416295446165776,0.019250892643052058,0.0065422886588321,0.03801622854138938,0.07321567152251339,0.0016674255201881124
MCAR,0.05,S2,svm_linear_cal,1007,0.8665856014574593,0.41299391487638354,0.0191930526705685,0.00563367873135794,0.03090488136669403,0.06701284297519984,0.0016475851297033282
MCAR,0.05,S2,svm_linear_cal,1008,0.872366938852647,0.42897969235383854,0.018885993327493862,0.00696055972885562,0.03632268978383992,0.09220813002380847,0.0014908352610422016
MCAR,0.05,S2,svm_linear_cal,1009,0.8720038304888801,0.42520822951886467,0.019123452901864117,0.00799803872723894,0.028940891680037953,0.08591676571771656,0.0016864458448024781
MCAR,0.05,S2,svm_linear_cal,1010,0.8687627942568061,0.4141317653675786,0.019132224975901998,0.0054991691093593,0.03867407945379221,0.08210937821228827,0.0014433197684757993
MCAR,0.05,S2,svm_linear_cal,1011,0.8777283288170686,0.41224786939775837,0.01913175310958186,0.007716098460821939,0.026703765015502205,0.0946142594590961,0.0014057760891521534
MCAR,0.05,S2,svm_linear_cal,1012,0.8641524298105588,0.40367013044330785,0.019274170194151723,0.00598247770024622,0.037377716844775095,0.08175194252776254,0.0015856263713981884
MCAR,0.05,S2,svm_linear_cal,1013,0.8735535274524133,0.41529947641550685,0.01931747546605646,0.00647087748398918,0.04086719481642413,0.09473178419202732,0.001671349000355451
MCAR,0.05,S2,svm_linear_cal,1014,0.8729279131705407,0.4250047254507264,0.01875606743519704,0.00722714419421584,0.03782840580353889,0.07060708828005499,0.001981934488361631
MCAR,0.05,S2,svm_linear_cal,1015,0.870553908548367,0.42763393271678174,0.01874363282743466,0.00808483687689188,0.031136614065147755,0.06780767612984775,0.0014198764027709575
MCAR,0.05,S2,svm_linear_cal,1016,0.8662942273153116,0.40127853561714366,0.01951909832367886,0.00590069156885496,0.03397362514615369,0.08211417055976958,0.0016771841170413007
MCAR,0.05,S2,svm_linear_cal,1017,0.8649521221734698,0.41109356453110524,0.01913376962442678,0.00726663459989618,0.029500494553147558,0.08170685241704813,0.0013022811888265579
MCAR,0.05,S2,svm_linear_cal,1018,0.8671535331034809,0.4059804536106551,0.01923126364711426,0.00640025466507488,0.03453277333549223,0.09289305502794291,0.0015418396937131598
MCAR,0.05,S2,svm_linear_cal,1019,0.8765755504690453,0.42966119083962273,0.01872605235712188,0.006969692924440679,0.03186184406290696,0.0811665673633664,0.0012375912567379529
MCAR,0.05,S2,svm_linear_cal,1020,0.8707625818620679,0.4071445054215129,0.019376364511214623,0.0071348648940300395,0.02593649675113991,0.08833437800243003,0.0014070982965630804
MCAR,0.05,S2,xgb,1001,0.9553508588038889,0.5355064494167919,0.01650352459400884,0.0064368592149233,0.008306026993184043,0.07620654813251217,0.0007576960407805005
MCAR,0.05,S2,xgb,1002,0.9529234349930981,0.5470739761569766,0.01625725384801622,0.00734220816962564,0.004143568441862421,0.09783381004949195,0.0008202591378710673
MCAR,0.05,S2,xgb,1003,0.9549555064794781,0.555775771829367,0.016126357577741078,0.00706602363424796,0.005693615974176865,0.0829810500507964,0.0005933847496757823
MCAR,0.05,S2,xgb,1004,0.94831727264268,0.5390414157939255,0.016575762256979883,0.007892295740471341,0.00360933703245494,0.08075379216312067,0.000501475899405068
MCAR,0.05,S2,xgb,1005,0.9560739591681179,0.5625352523619666,0.0158475492149591,0.00769631659258852,0.006030989636826097,0.08920802208186643,0.0006848370038321366
MCAR,0.05,S2,xgb,1006,0.9518860054088482,0.5462364854968543,0.01633941754698748,0.007633456880109341,0.010354129360514953,0.0935884384792264,0.00045465352849656954
MCAR,0.05,S2,xgb,1007,0.9526745507634565,0.5488955424049281,0.01632555108517404,0.00624805498091588,0.007486493274964041,0.06677387598711393,0.0011227661139917896
MCAR,0.05,S2,xgb,1008,0.9541759847978488,0.5425933545299527,0.016214218176901298,0.00718392041170806,0.008106748995640773,0.10446817768235046,0.0007096358645590227
MCAR,0.05,S2,xgb,1009,0.9531196082675037,0.5392345739041794,0.0163540227338671,0.006750302139512001,0.007145240636846671,0.10386431302337855,0.0009869704520746527
MCAR,0.05,S2,xgb,1010,0.9531129257559169,0.5351120096607711,0.016451822593808122,0.008735648579133958,0.007601051403901853,0.10077568269526688,0.0006586959102969152
MCAR,0.05,S2,xgb,1011,0.9563635714863377,0.5425608895668146,0.01629305519163604,0.00560887031497738,0.0067621292989353075,0.08649789545409124,0.0006704212189557823
MCAR,0.05,S2,xgb,1012,0.950124652470894,0.5242942932910213,0.01669668499380344,0.00842921694196512,0.005471462277716295,0.08417405057622493,0.0008008117865534403
MCAR,0.05,S2,xgb,1013,0.9546797435152149,0.5392112553453231,0.0163793453946709,0.0067936481892534595,0.005360565122441058,0.07401822910960455,0.0008952576701836785
MCAR,0.05,S2,xgb,1014,0.954334650589216,0.5469320720240629,0.01636525318026538,0.008367103658925179,0.006319498351494352,0.08123691385581622,0.0009254003950715812
MCAR,0.05,S2,xgb,1015,0.9510590225930227,0.544854577508299,0.01620357874780888,0.00581270718318248,0.00485748945359019,0.08251763790145274,0.0007732484209871422
MCAR,0.05,S2,xgb,1016,0.9516210845864528,0.5342919527930504,0.01650239545851942,0.00758029461540168,0.007924128345568281,0.11226087489253439,0.0008944628275209765
MCAR,0.05,S2,xgb,1017,0.9534170986470325,0.5433688987547972,0.01636315044015642,0.00786316801623332,0.0047094215181666,0.10700624534848946,0.0014057842974451954
MCAR,0.05,S2,xgb,1018,0.9509203924893856,0.519071325397573,0.0169619239866733,0.00789594820874504,0.005230124116755987,0.09563910400073129,0.0013112596229318926
MCAR,0.05,S2,xgb,1019,0.956895341676614,0.5476167932154739,0.0163908759132027,0.00908999377738914,0.002335127387327261,0.08705577107135441,0.0009103841196219413
MCAR,0.05,S2,xgb,1020,0.9537917397620541,0.5393195937377243,0.0162958743050694,0.00803408848343114,0.0051313805651797715,0.09067097799979448,0.0009655089693242077
MCAR,0.1,S1,extratrees,1001,0.9448928355056758,0.5312822628856587,0.01767192408168626,0.0084917715788064,0.011748270614605656,0.054958930472405916,0.0011772882341298332
MCAR,0.1,S1,extratrees,1002,0.945837211529423,0.5356857347921523,0.01771376023264996,0.0084318229236998,0.009482957992298148,0.06825607415954463,0.0008886129525779278
MCAR,0.1,S1,extratrees,1003,0.9423844236066812,0.5330370418799004,0.01771551858885818,0.008504983505248741,0.006895061569732951,0.0447045430433904,0.0005464685376921738
MCAR,0.1,S1,extratrees,1004,0.9414210239676164,0.5146091585737531,0.0178883623848941,0.00868504484540208,0.01722596199883103,0.08593991227671166,0.0015013294693389406
MCAR,0.1,S1,extratrees,1005,0.9456026778896993,0.5422906598288744,0.017627220997988503,0.010034967985095759,0.018500950706839284,0.0591257762620896,0.0008709873874834307
MCAR,0.1,S1,extratrees,1006,0.9419772742248818,0.5259879523655988,0.01802413058437078,0.01067681345927186,0.013050231352521664,0.021696996617379498,0.000454161015400393
MCAR,0.1,S1,extratrees,1007,0.9460737063110732,0.532126414725772,0.01749052683761532,0.00828918965345678,0.004257781770263254,0.022062974154408263,0.0003245047785016175
MCAR,0.1,S1,extratrees,1008,0.9431367685396503,0.5319864250278388,0.01743119454138526,0.00814776454474184,0.00864797988420927,0.05600749661783553,0.000893935345806389
MCAR,0.1,S1,extratrees,1009,0.9426032892355144,0.5358355722419346,0.017551797846906143,0.008169539439316819,0.011099964082515339,0.061499778581528365,0.0006711181795548194
MCAR,0.1,S1,extratrees,1010,0.9463678765274487,0.541896730611931,0.017354554076272517,0.00982788884586004,0.019150145353293523,0.054408364034538095,0.0008973591202232384
MCAR,0.1,S1,extratrees,1011,0.9468263760277071,0.5440077036341076,0.01739938229456908,0.01027116322184476,0.0075857647638230405,0.027801145224295987,0.0007579986657364977
MCAR,0.1,S1,extratrees,1012,0.9433435893323587,0.5309702514144737,0.017496040928719942,0.008454528940563739,0.014852518543102895,0.05650119996260871,0.0008508728531787195
MCAR,0.1,S1,extratrees,1013,0.9457886575558037,0.5324685646003126,0.01776084508051102,0.01100307167449168,0.011701142990318497,0.07222335377772185,0.0013748567506469494
MCAR,0.1,S1,extratrees,1014,0.9439542809443513,0.5383114953763694,0.01765117924979374,0.01069616488390918,0.009515772239056183,0.05302037212412926,0.0006588689696942453
MCAR,0.1,S1,extratrees,1015,0.9391707621227656,0.5169358366511856,0.01782307413686262,0.00828710005417958,0.015072090608294052,0.06672410004978506,0.001147975669842557
MCAR,0.1,S1,extratrees,1016,0.9476570760469369,0.5279974737328162,0.01751121682461536,0.008398013641137101,0.008602780684756447,0.07032128912295221,0.0011363483313487196
MCAR,0.1,S1,extratrees,1017,0.9427171943452513,0.5372599151978412,0.01751847460303304,0.008828726187800881,0.005806814567565262,0.04641168413553014,0.0005095684397593272
MCAR,0.1,S1,extratrees,1018,0.9422293061201884,0.517141661528776,0.0180623721373434,0.00940296120041052,0.006717020220972827,0.043209694590030615,0.0008520203199695093
MCAR,0.1,S1,extratrees,1019,0.9450343714783029,0.5249539777916665,0.01790129210588192,0.01047413748796994,0.010113818284641,0.04930096775153985,0.0009973868196776702
MCAR,0.1,S1,extratrees,1020,0.9444559315584181,0.5259531424792063,0.017736865367963782,0.0093185041094173,0.013578372408396409,0.08887893099804835,0.0015622127767019975
MCAR,0.1,S1,lr_l2,1001,0.8794212695101752,0.40942077664066784,0.01905516511766654,0.0061898837231976,0.022887724288168654,0.06644647049376995,0.0012795160927235698
MCAR,0.1,S1,lr_l2,1002,0.8749448746824238,0.4238459789547361,0.018658714275112398,0.00484624020084834,0.02836384057220515,0.06736575490686889,0.001176986645164115
MCAR,0.1,S1,lr_l2,1003,0.8778986520160161,0.3991438987628702,0.01910923166403784,0.00449205316622104,0.012374175118719091,0.04300856446074909,0.000868365637958693
MCAR,0.1,S1,lr_l2,1004,0.8726097798445341,0.4056877314209627,0.01907551482038678,0.00408963043415124,0.03151330122323148,0.0526478755533069,0.0011134187060636697
MCAR,0.1,S1,lr_l2,1005,0.8840506776154159,0.42786736516684654,0.01872029695069152,0.0063692780747917205,0.03706252934286099,0.0699243800416998,0.0014105809588721104
MCAR,0.1,S1,lr_l2,1006,0.8855692266161974,0.41658229114167006,0.018911441228244057,0.00518492186281546,0.017899363359390835,0.011646125530415306,0.0002995601799415538
MCAR,0.1,S1,lr_l2,1007,0.8736961876802118,0.4107197683996876,0.01899393563863106,0.004734709471527,0.03359296547886379,0.038408970789109445,0.0009097679948000562
MCAR,0.1,S1,lr_l2,1008,0.8866135051763813,0.40534262420020434,0.019129235369433138,0.005629267532360061,0.025369320376137133,0.07029951565477316,0.0014382167144730289
MCAR,0.1,S1,lr_l2,1009,0.8825653784909957,0.41742815142995776,0.01878430680583862,0.0038879507339198,0.014316771780162834,0.052600279465915195,0.0010762853511980214
MCAR,0.1,S1,lr_l2,1010,0.880404849509973,0.415744270670125,0.01883786756843058,0.006638805641491841,0.0312759800977987,0.026374383378335434,0.0005449868330495797
MCAR,0.1,S1,lr_l2,1011,0.8771380811000927,0.413613373182561,0.0188379927327563,0.00539873559227742,0.009694730168852113,0.03461115592813373,0.0008021664237530514
MCAR,0.1,S1,lr_l2,1012,0.8847209910839002,0.416421750609862,0.01889448346646996,0.00526436317952274,0.01994941877564795,0.06533392785732588,0.001264551512186743
MCAR,0.1,S1,lr_l2,1013,0.8833844721468512,0.4186714393692914,0.01875571054435754,0.0059837378389183005,0.018601206109678404,0.07197510540202426,0.0014099333287322495
MCAR,0.1,S1,lr_l2,1014,0.8819825505557206,0.44305243818969037,0.018257232116813037,0.00488484831995986,0.01373730407878194,0.06065871423381945,0.0011489197712142806
MCAR,0.1,S1,lr_l2,1015,0.8760236725224357,0.40802582088376116,0.01909240318670984,0.00489612636902176,0.012724778008659985,0.03152052030986361,0.0007101053797602746
MCAR,0.1,S1,lr_l2,1016,0.8808512703265677,0.4170690090095584,0.01882839598409834,0.00585076956894538,0.026965361616750567,0.06850308030362823,0.0014418214513857188
MCAR,0.1,S1,lr_l2,1017,0.8784661462293208,0.4215568700944841,0.01875952879777572,0.0063176835729964,0.01960108915285383,0.07568213616872943,0.0014300316119519082
MCAR,0.1,S1,lr_l2,1018,0.8759196339040234,0.41659967379969237,0.0189294799880655,0.00516997919599828,0.014155106118960472,0.029830422718748893,0.0008282317577470792
MCAR,0.1,S1,lr_l2,1019,0.8757582705142959,0.4105842955200412,0.018910322030915,0.0047339516110386,0.017076719356511335,0.026226939903368846,0.0008018745404369492
MCAR,0.1,S1,lr_l2,1020,0.877322553707975,0.41306271477435874,0.018845589959974658,0.0049506083258418,0.01833394751347577,0.07271177286374668,0.00158144735386341
MCAR,0.1,S1,rf,1001,0.9477583728459003,0.5254808696405721,0.0171656712472325,0.006791823694867439,0.007665540062272897,0.04711396584798743,0.0009183150222528744
MCAR,0.1,S1,rf,1002,0.9459592126260613,0.5378036593702499,0.01717358592871346,0.00698258469787594,0.006490484368934143,0.08767698797406756,0.001230209957002299
MCAR,0.1,S1,rf,1003,0.9427697321453554,0.5388867598219993,0.0170986101096786,0.00684851421638316,0.010658264654483284,0.03912160717216364,0.0004935304754472346
MCAR,0.1,S1,rf,1004,0.9440891928214518,0.5229103837995899,0.01722453512366798,0.0066700592436143595,0.015583234709923333,0.08414774062607987,0.0014048515397226014
MCAR,0.1,S1,rf,1005,0.9468246667023275,0.5280351996277083,0.01725765587881482,0.00828699323978906,0.017733233272785455,0.04847829238529056,0.0005624797909424239
MCAR,0.1,S1,rf,1006,0.9407299430772127,0.5166885774079513,0.01761882447315562,0.006871919806274119,0.01180356180837893,0.012509958814231873,0.00046143708087777397
MCAR,0.1,S1,rf,1007,0.9441478859859362,0.534050799734978,0.01711687526199526,0.0069747102772132405,0.003937819124538443,0.02751621119228238,0.0005109914557356294
MCAR,0.1,S1,rf,1008,0.9426588363812562,0.5381832208225303,0.017038448039150462,0.006708063478082239,0.015311819951759474,0.06233352520006495,0.0010158929606886539
MCAR,0.1,S1,rf,1009,0.9459755962554173,0.5427909357031256,0.01701662036285424,0.006419360124162379,0.012094372084543469,0.06220233147309772,0.0008646939015021402
MCAR,0.1,S1,rf,1010,0.9470603739553995,0.5500133886530524,0.01688457199185724,0.00831129905491268,0.020499023895972145,0.05547438172359167,0.0009820792229642825
MCAR,0.1,S1,rf,1011,0.9457787936018109,0.5415768054364921,0.01689736561914532,0.0065998140118426595,0.006348397031136586,0.029226475971321417,0.0006464895173202961
MCAR,0.1,S1,rf,1012,0.9478638885186514,0.5336227494885332,0.01710805274067942,0.00662158270107586,0.012075770375846522,0.04117786472128671,0.0007047202763042396
MCAR,0.1,S1,rf,1013,0.9433713815638379,0.529604728251811,0.0171939587342726,0.00807949803746592,0.00948257469739675,0.058338891831394686,0.0011105501548702432
MCAR,0.1,S1,rf,1014,0.9475206192568054,0.5368257768028201,0.01705523294447586,0.00705492220925316,0.011542273035042985,0.051810298227498094,0.0009654324737482007
MCAR,0.1,S1,rf,1015,0.9425790316890295,0.5244984580693763,0.01726615955046634,0.00597246949100348,0.017814207855141442,0.05201484491015419,0.0008183740412015166
MCAR,0.1,S1,rf,1016,0.9468060314182406,0.5293110095051917,0.017161678167311258,0.00701169700015566,0.012084833624220971,0.07184387137687222,0.0011782108983134087
MCAR,0.1,S1,rf,1017,0.944857846925944,0.5335499118288275,0.01708497659020192,0.00670125164622556,0.006422959321391258,0.06525110640617544,0.000978789247521032
MCAR,0.1,S1,rf,1018,0.9465009312127177,0.5325784023805171,0.01719581176289054,0.00608612146068028,0.007971889553504825,0.04149345778331113,0.0006177431521017997
MCAR,0.1,S1,rf,1019,0.9424352295700527,0.520805263321706,0.017467956788171722,0.00725668369200944,0.005274822863022197,0.06052613997418978,0.0011118531425195017
MCAR,0.1,S1,rf,1020,0.9443280511913033,0.5342548604060615,0.0170959023822276,0.00690838321701486,0.012889942290042195,0.0884110419328222,0.0015080107538140866
MCAR,0.1,S1,svm_linear_cal,1001,0.8665908643751286,0.41221742700281794,0.01906085993406522,0.00641258513339764,0.02591784146718363,0.07489875043126534,0.0014874710696223888
MCAR,0.1,S1,svm_linear_cal,1002,0.8609091747834068,0.41857102817068215,0.01891997702313998,0.005901252713554661,0.03584852907615238,0.07091729086003883,0.0009148994220501139
MCAR,0.1,S1,svm_linear_cal,1003,0.8693790133109559,0.41193683343576754,0.01897718167333034,0.00506272243780948,0.021715858342990165,0.047627867912835645,0.0009012288371076054
MCAR,0.1,S1,svm_linear_cal,1004,0.8609462191109225,0.4120656750310818,0.0191589214803817,0.00554127145216328,0.035295588040150094,0.05834798869506806,0.0011404903097631388
MCAR,0.1,S1,svm_linear_cal,1005,0.870894223380463,0.44217579504312443,0.01881939206757082,0.00802065947649866,0.038875236329842085,0.06803349127127804,0.001167161310153746
MCAR,0.1,S1,svm_linear_cal,1006,0.8741377360821808,0.4246294688808918,0.01891901354391362,0.00722326061855872,0.026481155584888894,0.012354764431340275,0.00034650504586964244
MCAR,0.1,S1,svm_linear_cal,1007,0.8631310567278787,0.41426850076985344,0.01902560614056808,0.00575929123099058,0.03910294890596719,0.03908109826027207,0.001014746444444902
MCAR,0.1,S1,svm_linear_cal,1008,0.8771356681053405,0.4104955526473667,0.019273708522249862,0.0051816695992303805,0.027096884864802228,0.061706374405939235,0.001392712464033272
MCAR,0.1,S1,svm_linear_cal,1009,0.871821541000419,0.4242253115554009,0.018925683628893582,0.006251287530786839,0.014020708870583478,0.044214091851477,0.0008510500472658634
MCAR,0.1,S1,svm_linear_cal,1010,0.8694613167452065,0.4184799900523659,0.01895975840084042,0.00727867012361922,0.03676817569943602,0.02906316405406937,0.0006400716290983305
MCAR,0.1,S1,svm_linear_cal,1011,0.8657014531729821,0.4185155883473433,0.01882750979734998,0.006290849771655299,0.013153408440516884,0.027079486954277854,0.000711045077618236
MCAR,0.1,S1,svm_linear_cal,1012,0.8754110753846482,0.4221958975407187,0.01904324339158138,0.006426819091191379,0.024159668187116037,0.05880190594412641,0.0008506303787022452
MCAR,0.1,S1,svm_linear_cal,1013,0.8692209377059186,0.4200124437635077,0.01896915038088192,0.007550623160027059,0.024637364448152,0.07717855861127652,0.00129359545988276
MCAR,0.1,S1,svm_linear_cal,1014,0.8673204629309879,0.4487623236258661,0.0184983768610388,0.0070819495140755405,0.015160420264272403,0.06423314043873937,0.0011939270481929622
MCAR,0.1,S1,svm_linear_cal,1015,0.8627507023074721,0.40387128069349726,0.01950908575558106,0.0062747117402918605,0.022623847801077828,0.02722745010179379,0.0009389107184875011
MCAR,0.1,S1,svm_linear_cal,1016,0.8698294289058557,0.4175191028477349,0.019022226643190122,0.00622890349373404,0.023894302228058363,0.053771156282260424,0.00126709156225786
MCAR,0.1,S1,svm_linear_cal,1017,0.8681564199692868,0.4318045479251277,0.0188669784723465,0.00661564490154812,0.02145432239886457,0.072491778557903,0.0011887822036482118
MCAR,0.1,S1,svm_linear_cal,1018,0.8633995695827194,0.4198329159920733,0.0189631998317026,0.00464974348260494,0.011778898196435645,0.030314911212328596,0.0009480848338331362
MCAR,0.1,S1,svm_linear_cal,1019,0.865962709378335,0.4199611432879721,0.01896682670649186,0.00509143430844834,0.020278617180340398,0.03391566112027001,0.0010331686943210318
MCAR,0.1,S1,svm_linear_cal,1020,0.8641539723151535,0.41618654077298867,0.01894024494222976,0.00543565703799372,0.020809876066905632,0.07046178473376584,0.001500729386117365
MCAR,0.1,S1,xgb,1001,0.9529216526145543,0.5422571123199827,0.016481142118573162,0.006568712767444499,0.008944166499054608,0.04153874460896287,0.0008055973725844998
MCAR,0.1,S1,xgb,1002,0.9521147276851781,0.5409055880729,0.01677967812865968,0.007619960485284,0.004618219770327731,0.0797611319681467,0.0016350088795666492
MCAR,0.1,S1,xgb,1003,0.9472123415405385,0.5296729812788943,0.016831490769982298,0.00675241608783152,0.00840445271908188,0.03715364378467737,0.0008865178136626293
MCAR,0.1,S1,xgb,1004,0.9458114917110892,0.5068268753548999,0.01720221452414984,0.00822704649860186,0.01710291944354127,0.04850851829107954,0.0010042941965110502
MCAR,0.1,S1,xgb,1005,0.956309452270791,0.5355123599820208,0.01675162240862842,0.00823761051291888,0.010656109395452647,0.05259873397951765,0.0010653788232140662
MCAR,0.1,S1,xgb,1006,0.9477219417475906,0.530351725750962,0.0169810444116592,0.00725980113101232,0.009978808828400427,0.03306021194840844,0.0008245200295255134
MCAR,0.1,S1,xgb,1007,0.9503606648191193,0.5384182882957296,0.016584683954715677,0.0064674415941385205,0.008936232401310001,0.035833423942420964,0.0007187720610367816
MCAR,0.1,S1,xgb,1008,0.9437958759510543,0.5253006196893288,0.016935585625469617,0.008055385833830819,0.014932185563128341,0.0673152565781935,0.001683377885790524
MCAR,0.1,S1,xgb,1009,0.9519419378463013,0.5457403976646786,0.01657857075333592,0.00803286729848514,0.010060240925793138,0.05546607740300059,0.0008410053839855288
MCAR,0.1,S1,xgb,1010,0.953418998885448,0.5412009633854684,0.01648792568594212,0.006877291728706281,0.022558388645272886,0.04644947876614348,0.0011182989312987332
MCAR,0.1,S1,xgb,1011,0.9536781133853832,0.5489684234106744,0.01631236895918842,0.00534767681164586,0.007178608548686657,0.02435921953463395,0.0003388613469321251
MCAR,0.1,S1,xgb,1012,0.9522970398991681,0.5372209722328115,0.01670357920229432,0.007380142511432421,0.010043908479063423,0.03511003939261552,0.0009250943353726315
MCAR,0.1,S1,xgb,1013,0.9485332990242444,0.5311782523508694,0.01677113901823754,0.0071553486778812205,0.006367649433465708,0.031129261998818755,0.0008282411468136129
MCAR,0.1,S1,xgb,1014,0.9493807446854113,0.5461952499715038,0.01634307429194446,0.00682048907908688,0.014719393760139643,0.08122671317621218,0.0017533553827954183
MCAR,0.1,S1,xgb,1015,0.9431326651521168,0.5266836654187169,0.01686624661087984,0.008742322620862119,0.015043068516043217,0.04070944314770277,0.0009973620001951194
MCAR,0.1,S1,xgb,1016,0.9490425723024565,0.5361920226993228,0.016613475047051858,0.00739215375369828,0.009129756832456752,0.06480860662808427,0.0015477944574819765
MCAR,0.1,S1,xgb,1017,0.9519822191962891,0.5490400856985647,0.01651302166283128,0.00793986774679528,0.006792973569227249,0.062177907865182985,0.0012326600752094522
MCAR,0.1,S1,xgb,1018,0.9505396787562793,0.5147246810819428,0.01709642373025412,0.00620224745843718,0.01075769405385844,0.01739301980515875,0.0006210143634051391
MCAR,0.1,S1,xgb,1019,0.9529982586767108,0.5449107401786776,0.016355700418353058,0.0066732300796678605,0.008675830583901348,0.05122569112660387,0.0011950118373670697
MCAR,0.1,S1,xgb,1020,0.946314348734232,0.5295604235115782,0.01672643125057218,0.0065434432112805195,0.005415129524478482,0.04511471282083674,0.0008499981084139585
MCAR,0.1,S2,extratrees,1001,0.9442845840982995,0.5255244380696895,0.01745090013098848,0.00950083582597806,0.008239859640853777,0.07551033073146936,0.001191277379013533
MCAR,0.1,S2,extratrees,1002,0.940864860445874,0.5108655542262983,0.017659038905806203,0.00882690468818908,0.00856286540493579,0.090095150474614,0.0011724120738223216
MCAR,0.1,S2,extratrees,1003,0.9436889633613703,0.5189374938619254,0.01745461813357322,0.00995301986518534,0.010285832519090226,0.08664721971021612,0.0009950565765022132
MCAR,0.1,S2,extratrees,1004,0.942675710221225,0.5142238171490175,0.017777190839170082,0.009134897175786801,0.011317593734074127,0.09797455073705916,0.0012503361972613467
MCAR,0.1,S2,extratrees,1005,0.9429911229190401,0.5081893206186112,0.0177291883022396,0.00961233380781786,0.009914349172021887,0.08729707882349289,0.0013272608141538828
MCAR,0.1,S2,extratrees,1006,0.943827685134873,0.5151205865931161,0.017631743682330458,0.009972052460171441,0.004312370784483008,0.09079013367329147,0.0010184934895794608
MCAR,0.1,S2,extratrees,1007,0.9416824628738885,0.5093185388363632,0.01790975689363402,0.0109302835951125,0.001516044153682546,0.09120045831143724,0.001205050472217262
MCAR,0.1,S2,extratrees,1008,0.9384246789753175,0.5103461122187766,0.01774379643294304,0.00969827669034094,0.007258515077176664,0.1044606839377197,0.0009774096348430013
MCAR,0.1,S2,extratrees,1009,0.9449777257265574,0.49926893319144383,0.01776714964740474,0.008721124819816881,0.004880327310415533,0.08939826442808152,0.0011323698617613166
MCAR,0.1,S2,extratrees,1010,0.9434062327562508,0.5157896203406853,0.01754043128945422,0.0088655400517421,0.009013898053287665,0.09983508988448192,0.0008495913352130609
MCAR,0.1,S2,extratrees,1011,0.9447365703832544,0.510653821074923,0.01778473235375306,0.0085630260319795,0.004111879102926764,0.08627226579634693,0.0013040882840797906
MCAR,0.1,S2,extratrees,1012,0.9417149970521808,0.49392648235264913,0.01801393391701444,0.01003169311788622,0.004208714198874897,0.10309342954265024,0.0009812865814902835
MCAR,0.1,S2,extratrees,1013,0.9411074829148754,0.4991150767316987,0.01778509088170402,0.01002139388516278,0.005136562447410074,0.09365281674741897,0.001252599396952382
MCAR,0.1,S2,extratrees,1014,0.9427015925762842,0.493572809283026,0.0182042113011817,0.009852147070168741,0.002536939047376484,0.08067295526664467,0.0013540843427251442
MCAR,0.1,S2,extratrees,1015,0.9444840599496054,0.4955788306980494,0.01790575712192328,0.00835688548479592,0.005121910246829869,0.10942254069395169,0.0006781702885899939
MCAR,0.1,S2,extratrees,1016,0.9470131608547515,0.5183624945426477,0.017547387406860522,0.0094108845039855,0.005261341120798454,0.08172787504026173,0.0011385671986853297
MCAR,0.1,S2,extratrees,1017,0.9427371570035629,0.5135393751324132,0.017559436518993797,0.00831027594905384,0.0035851299025376625,0.07811549867086626,0.0010328042342204447
MCAR,0.1,S2,extratrees,1018,0.9399253330005312,0.5089788878190402,0.01774233713569806,0.00872357239031124,0.003200693679356207,0.0764405791995081,0.0011936624845434113
MCAR,0.1,S2,extratrees,1019,0.9439950937120077,0.5090129944633623,0.01760798688260394,0.008648935188546761,0.005482049744274648,0.09263830565445381,0.000993626860878892
MCAR,0.1,S2,extratrees,1020,0.9412367122231687,0.5002204421852432,0.01789929280067932,0.00880967716947774,0.010559659460223952,0.0890079406993216,0.0011774587886383852
MCAR,0.1,S2,lr_l2,1001,0.8798249947760463,0.3842715871184702,0.01964069205384672,0.0054020267084047,0.02090459365028753,0.08641211321045547,0.0013348025722557313
MCAR,0.1,S2,lr_l2,1002,0.8704617283748413,0.3780885560305429,0.01950659069890116,0.0067581419666843,0.026124352299421477,0.09719693681712982,0.0012456947580852225
MCAR,0.1,S2,lr_l2,1003,0.88626046344585,0.4094601162136938,0.01916870202578632,0.007100907593491799,0.03252266614433485,0.08129104266925581,0.0018888094288687372
MCAR,0.1,S2,lr_l2,1004,0.8742444390713778,0.38415633101590346,0.01975554947620376,0.00697643673072222,0.02997296851003793,0.09087817915301509,0.0015906722997810192
MCAR,0.1,S2,lr_l2,1005,0.8791755992148763,0.38720271898866393,0.0194478218978622,0.00577846162077558,0.02740028238074286,0.09254390140739857,0.0012734096166133345
MCAR,0.1,S2,lr_l2,1006,0.8784829905647846,0.3859853102845823,0.01949880815271476,0.0067949704140696805,0.036250844057053984,0.07133037703315502,0.0013928098068481142
MCAR,0.1,S2,lr_l2,1007,0.8761911298862717,0.38720670486668674,0.01939032692841034,0.00503951666630872,0.02913716317798432,0.09134535046074294,0.0015368707172603699
MCAR,0.1,S2,lr_l2,1008,0.8753840962448793,0.3771827464970281,0.01942290934094522,0.006370384342955419,0.029707000715947535,0.0933098265995593,0.0012936566653361287
MCAR,0.1,S2,lr_l2,1009,0.8674021026132976,0.399569404945401,0.01919628682230998,0.006434966765066221,0.03099287748659812,0.06967144824621163,0.0016615567069783574
MCAR,0.1,S2,lr_l2,1010,0.8814005756268735,0.4001257439528597,0.01941368695070586,0.00610135703009004,0.02632136744482019,0.09984197262722522,0.001415438571334009
MCAR,0.1,S2,lr_l2,1011,0.8862121942497854,0.39272578571390937,0.01927800849665838,0.00702580731010848,0.024837265973255935,0.08635902658477602,0.001525875965053287
MCAR,0.1,S2,lr_l2,1012,0.8695135654337729,0.37987069309782895,0.01952278404335308,0.00557291320907036,0.03167195020968177,0.09903868095302581,0.0011978285120989342
MCAR,0.1,S2,lr_l2,1013,0.8784555229066582,0.3800601410885352,0.01977176330276556,0.0063617680663846,0.03247949258633774,0.09399588388633145,0.0016005070493554227
MCAR,0.1,S2,lr_l2,1014,0.8798990981357641,0.3833533674020615,0.01950166636393014,0.00532067829312062,0.03382096585972123,0.09164809893687033,0.0016402749557627592
MCAR,0.1,S2,lr_l2,1015,0.8743025370202503,0.3939690075621681,0.019251243959354798,0.00656592206736466,0.029672772610786713,0.0865518617153961,0.0011497985046287679
MCAR,0.1,S2,lr_l2,1016,0.8785394391527689,0.3942144244697076,0.0193139592446215,0.00513877971569988,0.03219179947992691,0.08136836313526573,0.001668681291399569
MCAR,0.1,S2,lr_l2,1017,0.8777054492697169,0.3962720089107582,0.019142751983973222,0.0056936245894024995,0.03513750910203955,0.0962624118495917,0.0009188074419738811
MCAR,0.1,S2,lr_l2,1018,0.8800220406504897,0.4014834100844089,0.019130856149731264,0.0067492319441303005,0.030759062792385265,0.09912614781276521,0.0015676114230687085
MCAR,0.1,S2,lr_l2,1019,0.8778657098969124,0.41133372479851793,0.01877588207919364,0.00598153099254998,0.037314641668204446,0.09511085311574072,0.001173092765730213
MCAR,0.1,S2,lr_l2,1020,0.880383014120729,0.38287318005022136,0.01959789420242562,0.0073957854685943,0.020560053403510314,0.08502084881328638,0.0011621524588293626
MCAR,0.1,S2,rf,1001,0.9454229536325849,0.5263712245115177,0.01715481205419774,0.007803955915099641,0.005064556116709515,0.07306221709514418,0.000978680474537517
MCAR,0.1,S2,rf,1002,0.9414792132599695,0.5188423612410202,0.017229202897610922,0.0075211304957084005,0.007106830559458322,0.07913550015284274,0.0011535068481778649
MCAR,0.1,S2,rf,1003,0.9457755618050327,0.525381275333415,0.01713641789499028,0.007840518193549039,0.007419259093005642,0.07797505981420179,0.0010524102713685144
MCAR,0.1,S2,rf,1004,0.944904493325873,0.5193113512373869,0.0173967701844784,0.007627712753874261,0.007775109668295159,0.09006655307959306,0.0011758125078319382
MCAR,0.1,S2,rf,1005,0.9440075437612402,0.5200437730204508,0.0172086538453715,0.00711298686159686,0.006536907756108377,0.06676507593975915,0.0012662214466070468
MCAR,0.1,S2,rf,1006,0.9451837614160749,0.5269087926061393,0.01718950559530798,0.008115563358406219,0.006163332950690764,0.0808843345570744,0.0008896900445793253
MCAR,0.1,S2,rf,1007,0.9451749760410753,0.5250770630511732,0.017123930140329,0.008143766193841299,0.004411359806696823,0.07621257589496731,0.0008779453115765075
MCAR,0.1,S2,rf,1008,0.9424207683856147,0.5212529987303085,0.01720418013543798,0.00766578630062668,0.009419859919215344,0.09403644581843482,0.0007923498228950463
MCAR,0.1,S2,rf,1009,0.9448531932478433,0.5032672742667552,0.01732999582955974,0.00620793473493298,0.0053506169446396025,0.09862787113633377,0.00097715251174259
MCAR,0.1,S2,rf,1010,0.9429688942155801,0.5185546691050829,0.01725222877021874,0.00777089480339246,0.010969999982858535,0.08800775999879783,0.0006710003585537192
MCAR,0.1,S2,rf,1011,0.9446449409406894,0.5125653244486388,0.01729492978204138,0.00706580011250702,0.004241982507872468,0.08096677020546497,0.0009397214037858136
MCAR,0.1,S2,rf,1012,0.9371387572378449,0.5006362965787082,0.01767267763644522,0.006800549895958741,0.006404398778372713,0.07744798336586262,0.0011831437226735542
MCAR,0.1,S2,rf,1013,0.9451135425769636,0.5079470034022223,0.0172743181245818,0.0065930257728379,0.005623561705178153,0.09001008566950988,0.00101455535768545
MCAR,0.1,S2,rf,1014,0.9412838945653904,0.4986969629310719,0.0177507744436399,0.00777331875742988,0.0030693147449923418,0.06800962339847169,0.00132588903454548
MCAR,0.1,S2,rf,1015,0.943275322043571,0.5070362053182784,0.0173933572657586,0.00632104550217278,0.006792135371403089,0.08780017387573656,0.0008383230028799135
MCAR,0.1,S2,rf,1016,0.9484784801644868,0.517438717911711,0.017265157208649382,0.00665074253097616,0.004386337522230558,0.07126622969829244,0.0011814098559145838
MCAR,0.1,S2,rf,1017,0.9448036064232064,0.525145335813259,0.017077744733132998,0.00734299502148684,0.004032736321315856,0.06325227220968634,0.001050606155450805
MCAR,0.1,S2,rf,1018,0.943088088868467,0.5105177312690274,0.01733999943487886,0.00668336877868194,0.004869800700517004,0.08265979032286863,0.0008797097923643225
MCAR,0.1,S2,rf,1019,0.9446607636401231,0.5099852298286731,0.017311902547932738,0.007537528574736041,0.006955540217296374,0.0801905516940805,0.0008843603098549159
MCAR,0.1,S2,rf,1020,0.9416024402382,0.5132963519388181,0.017408606416264922,0.0069647867200837,0.007739635845346244,0.06809450083295997,0.0011302881420189486
MCAR,0.1,S2,svm_linear_cal,1001,0.8663070116017849,0.3936211161207227,0.01964941897249762,0.0064288691407239805,0.024744335446008403,0.07447158200511356,0.0016924436491014894
MCAR,0.1,S2,svm_linear_cal,1002,0.8572855589300531,0.39148212026384277,0.019370907107304,0.00701683640742144,0.030731671935506702,0.09273464963479958,0.0014469870922179623
MCAR,0.1,S2,svm_linear_cal,1003,0.8763941159508215,0.4185878985310751,0.01909757827185094,0.007487651128696519,0.03557271513221423,0.07653711254604348,0.0019162409687105012
MCAR,0.1,S2,svm_linear_cal,1004,0.8622316007592943,0.39267935689804706,0.01968910911562248,0.007616141293589821,0.034050312629534875,0.09005025871115306,0.0014990056356619767
MCAR,0.1,S2,svm_linear_cal,1005,0.8668571140995542,0.39853237731641694,0.01944991274348576,0.007498365878946339,0.03158641272116275,0.09359025696891957,0.0012560963726102614
MCAR,0.1,S2,svm_linear_cal,1006,0.8651487081981077,0.39646975155035913,0.01959665239992044,0.00639173936676226,0.04263237567321036,0.07504132734988996,0.0014416295860112298
MCAR,0.1,S2,svm_linear_cal,1007,0.86606110438876,0.39314471403586926,0.01944318468994262,0.0050532140017032,0.03141998009699434,0.08415119932478239,0.001414291366748412
MCAR,0.1,S2,svm_linear_cal,1008,0.8589903774798284,0.3897317653015683,0.01940495139391162,0.00684138768678168,0.040912521585255004,0.09533402369969729,0.0013060258570647375
MCAR,0.1,S2,svm_linear_cal,1009,0.8544229035320914,0.40318431508631747,0.01931233272362582,0.00599073560281082,0.03945417067124342,0.07435442447868541,0.0016320931830030088
MCAR,0.1,S2,svm_linear_cal,1010,0.8697362306159293,0.41181026410678323,0.01927719204447764,0.0058955924005201,0.03227640817085026,0.0982569072446234,0.001426768554734902
MCAR,0.1,S2,svm_linear_cal,1011,0.8732424587396768,0.4006414052208772,0.019326662129596658,0.006867464086358741,0.031737609152572704,0.08382375503508276,0.0015593251559579214
MCAR,0.1,S2,svm_linear_cal,1012,0.8564763200812158,0.3902685553151475,0.01953178595990552,0.00768951609312542,0.03804019997060962,0.0963806196185267,0.001270083110469504
MCAR,0.1,S2,svm_linear_cal,1013,0.8649650238081005,0.39094789516289297,0.0198488241506502,0.00629677106404492,0.04403804881270828,0.09834723489259801,0.0016375623659808766
MCAR,0.1,S2,svm_linear_cal,1014,0.8670688733959431,0.38768123752995615,0.01966688886823668,0.00739264236953914,0.04246680731912266,0.08908207369782227,0.001731360446806796
MCAR,0.1,S2,svm_linear_cal,1015,0.8597350959814856,0.400619677918853,0.019114842309711298,0.00712511707457632,0.03480039566880918,0.0866532266029658,0.0013441856243941017
MCAR,0.1,S2,svm_linear_cal,1016,0.8678615395350582,0.40657786566286697,0.019289754359721682,0.0067189771602046006,0.03746978762498878,0.07797639332110831,0.0017425472758512818
MCAR,0.1,S2,svm_linear_cal,1017,0.8651361966333264,0.4046829097525796,0.01922557602757194,0.00638326315151808,0.04109860565297212,0.08958870614647153,0.0011679892831905241
MCAR,0.1,S2,svm_linear_cal,1018,0.8643154303666634,0.40913527989771586,0.01908549793494856,0.00739265851575944,0.03573003274680377,0.09520842638653487,0.0015111552853978086
MCAR,0.1,S2,svm_linear_cal,1019,0.8643212190696182,0.416772343171356,0.01891342446159896,0.00698836081403362,0.04432336182258296,0.08652865059345052,0.001427467552678593
MCAR,0.1,S2,svm_linear_cal,1020,0.8678297355566998,0.39494239766281974,0.01952362838099728,0.0080361653196675,0.027744692685635515,0.08736298572286263,0.001235566734267428
MCAR,0.1,S2,xgb,1001,0.9528907494102488,0.5364941115399363,0.01643700413405892,0.00653101519285706,0.002187519816994837,0.08802044202622356,0.0009927596952317773
MCAR,0.1,S2,xgb,1002,0.947569371365591,0.5329845954619572,0.01657850891351696,0.00817600940719532,0.008877676429256251,0.08174325028367824,0.001037150054296544
MCAR,0.1,S2,xgb,1003,0.9500504229497171,0.5177915965321482,0.016811322793364482,0.00704581216926668,0.006375750390604881,0.09942233411260377,0.0006346206127852376
MCAR,0.1,S2,xgb,1004,0.9486997170712341,0.5201347597066388,0.01679506413638588,0.0069014485090170205,0.007887180423687154,0.111069378974133,0.0006888798533366026
MCAR,0.1,S2,xgb,1005,0.9465756658306257,0.5407021096437544,0.016473574750125338,0.00804292960145538,0.010877815571636992,0.060372638408892364,0.001023060886007731
MCAR,0.1,S2,xgb,1006,0.947852711576385,0.547127151151799,0.016392758116126022,0.008043752770000401,0.009869719286837832,0.10713400310776716,0.0009894989718624231
MCAR,0.1,S2,xgb,1007,0.9508183864730748,0.5221714929917074,0.0167549487203359,0.005754049471618479,0.006801629985085226,0.10078266164396817,0.00029162715570132887
MCAR,0.1,S2,xgb,1008,0.9512867627259997,0.5169302786702794,0.0170039057731628,0.006084542496710641,0.005302089880189146,0.08410534171534036,0.001052353571983783
MCAR,0.1,S2,xgb,1009,0.948401448618412,0.5384520578943689,0.01657287180423732,0.007959639078028439,0.009697242665806943,0.08500222218820876,0.0005175039128389459
MCAR,0.1,S2,xgb,1010,0.9509930939413284,0.5193646410992947,0.01694617196917526,0.00777992149137158,0.0031130949107167362,0.08986663602212723,0.0004159194450088716
MCAR,0.1,S2,xgb,1011,0.9501953652446353,0.5271363323369488,0.01659187488257878,0.00602907524002256,0.005018857614000734,0.058832498512807696,0.0011460555853415023
MCAR,0.1,S2,xgb,1012,0.9486231224158892,0.5193634772724656,0.01666650585830206,0.00606429510166206,0.006542879270075384,0.09409972082223818,0.0006705176088047112
MCAR,0.1,S2,xgb,1013,0.9514389092402983,0.518212241460229,0.0167477106675505,0.00655521482059294,0.009034000925787362,0.09909455300193916,0.0011754326573713825
MCAR,0.1,S2,xgb,1014,0.9490538371982854,0.5085445303945381,0.01703736428171392,0.00675560982428274,0.006530525280951952,0.10790104288451056,0.001268363575224647
MCAR,0.1,S2,xgb,1015,0.9505016384835667,0.5143551191374792,0.01679534725844856,0.00617570185266816,0.006215388643037939,0.10526373777539519,0.0005078037083176106
MCAR,0.1,S2,xgb,1016,0.9530840324114044,0.5352400599838646,0.01664970479905602,0.00722370234129086,0.009734279095151304,0.07421949866628608,0.0012427520347208188
MCAR,0.1,S2,xgb,1017,0.9528561387347804,0.5161524361276366,0.01686319373548026,0.0063556882648044795,0.004190674127949938,0.09261041268647632,0.0005867851250161389
MCAR,0.1,S2,xgb,1018,0.9495383249963055,0.5337084869997568,0.01644770260900254,0.005149413419781061,0.007362208715861574,0.08513334143072158,0.0005784787285834208
MCAR,0.1,S2,xgb,1019,0.9488434361644543,0.514265517600079,0.016923719644546482,0.007540501719462961,0.0074310293141658075,0.08265408428025899,0.0007384352187875162
MCAR,0.1,S2,xgb,1020,0.9493322308712259,0.5137577832104672,0.016805811412632397,0.00580634228914838,0.005619038011398588,0.06843474626506238,0.0012125322373468977
MCAR,0.2,S1,extratrees,1001,0.9386630991854252,0.5197500020231891,0.01807470009359994,0.00944739203690154,0.008222778403245624,0.042697923168842716,0.0008968072154071958
MCAR,0.2,S1,extratrees,1002,0.9361930593526712,0.5143313477582705,0.0180217264001665,0.009676022770126459,0.012298172587504885,0.08578323841429766,0.0010530201899819217
MCAR,0.2,S1,extratrees,1003,0.9395279378795187,0.5061440100447571,0.0181322179387172,0.00918221829811294,0.010099540774190261,0.04183938925639558,0.0003927195189180047
MCAR,0.2,S1,extratrees,1004,0.9385262313423475,0.5263793139334011,0.017917527471116378,0.010245633989500739,0.018297394426741186,0.08649881171078892,0.0013069412787259154
MCAR,0.2,S1,extratrees,1005,0.9395630955878678,0.5165919921406051,0.01800612314761864,0.00894095091792522,0.01650155419852207,0.03967996702682018,0.000411073601857981
MCAR,0.2,S1,extratrees,1006,0.933594557340283,0.5058149386785044,0.01851886283881066,0.01088948806640644,0.009780151585478018,0.01756125805590799,0.00032385726036955874
MCAR,0.2,S1,extratrees,1007,0.9410769641542094,0.5120039447342565,0.01823293799402162,0.01053834551118124,0.011210333958644429,0.026693686093518843,0.0009106596548853372
MCAR,0.2,S1,extratrees,1008,0.9350397214592879,0.5100477718371206,0.0181647828100964,0.00948807172960852,0.013124530655286163,0.06217754752561146,0.0009334425840143215
MCAR,0.2,S1,extratrees,1009,0.9375244772607202,0.5057715902692884,0.01837399248926764,0.010329680081804921,0.009821565714735496,0.03257630275073029,0.00054132182704452
MCAR,0.2,S1,extratrees,1010,0.9409055393920507,0.491801784346421,0.018253048472051857,0.00827725580149198,0.015796197584058095,0.04894755332421858,0.0008516142073253442
MCAR,0.2,S1,extratrees,1011,0.9353088693301068,0.501360693522026,0.018168484269945183,0.00989686006036608,0.010754530579133465,0.03609451685984481,0.0008713879327439094
MCAR,0.2,S1,extratrees,1012,0.9371267491762921,0.4883300236902078,0.0182895283006762,0.0086723500683962,0.012355634780172509,0.04994980977658301,0.0006094155010816489
MCAR,0.2,S1,extratrees,1013,0.9389505143285314,0.49737024512021416,0.01834151811394068,0.00966479966703058,0.009510966790618669,0.07067669917428,0.001156177390425434
MCAR,0.2,S1,extratrees,1014,0.9433144268014647,0.517490445745445,0.01779947217371672,0.00939331627476842,0.012528857060087016,0.07443358231963546,0.0011539424967158941
MCAR,0.2,S1,extratrees,1015,0.9382629795943549,0.49585117023839737,0.018338032377912337,0.009965398723847241,0.02024460324114234,0.04609850643411712,0.0009346193384754309
MCAR,0.2,S1,extratrees,1016,0.9398814701524639,0.506530979468468,0.0181595447352713,0.00855478735360394,0.012371980843063035,0.05817627588220904,0.0007755062881490409
MCAR,0.2,S1,extratrees,1017,0.9347103402479984,0.5049076488227653,0.017980664547414323,0.00825416009469018,0.00674635247971471,0.05442754863438192,0.0008240591526794657
MCAR,0.2,S1,extratrees,1018,0.9343849274054673,0.5021408060487536,0.01852241363659308,0.00973571769514136,0.009339367983868987,0.028086357052051224,0.0004188624257854826
MCAR,0.2,S1,extratrees,1019,0.9359331012561374,0.5001847522012834,0.018192081140245158,0.008960396996149181,0.012243534898753605,0.06159773476476965,0.001272814243410953
MCAR,0.2,S1,extratrees,1020,0.9385623744963493,0.5159202365174151,0.0180323994011011,0.009215290925512858,0.012796921018033532,0.08830966608192871,0.0016001006322701903
MCAR,0.2,S1,lr_l2,1001,0.8639268029420674,0.4011720131647615,0.01905875973646144,0.0056616144520205,0.025037368286736136,0.07474354148330382,0.0013672720936436012
MCAR,0.2,S1,lr_l2,1002,0.8612310113983032,0.3989105972975354,0.01912410988317352,0.0055379844630047,0.027921462056369202,0.0707144608614973,0.0012700400869303222
MCAR,0.2,S1,lr_l2,1003,0.8751251636794569,0.4072271613515442,0.01891672564174854,0.00435685964357886,0.015790671368308487,0.04780495775574898,0.0012767329908228875
MCAR,0.2,S1,lr_l2,1004,0.8741638683870402,0.4093468971583388,0.01890891519263416,0.004810495532193,0.030958805626075316,0.06506293162366568,0.0013049834604398197
MCAR,0.2,S1,lr_l2,1005,0.8703357754017007,0.3903868834208932,0.01943236883358504,0.0057656404574814805,0.026749719802041272,0.045931448614093505,0.0010801603199442648
MCAR,0.2,S1,lr_l2,1006,0.8651706866063694,0.38997124330372807,0.0192745240181166,0.00484142564405704,0.021720097367397943,0.051514452719460826,0.001148919625226187
MCAR,0.2,S1,lr_l2,1007,0.8756476825101049,0.40355335975962686,0.01908509227017978,0.00524811354498262,0.03381978212044098,0.028789891741011313,0.0005334120481248325
MCAR,0.2,S1,lr_l2,1008,0.8620743275922174,0.3937911760951257,0.019266389711720722,0.00466229160408968,0.027257487131690534,0.068506439892698,0.0013724098077320392
MCAR,0.2,S1,lr_l2,1009,0.8741645797125583,0.3806099382895219,0.01940632729128782,0.00500944151259296,0.014443314697569739,0.033661605083126045,0.0006106377347681483
MCAR,0.2,S1,lr_l2,1010,0.866848076068395,0.37094493440021076,0.01980292811809704,0.00512961360840072,0.03011345082791516,0.04461775768262039,0.0008017750844847181
MCAR,0.2,S1,lr_l2,1011,0.8590832421940371,0.41133757312283503,0.01884167446929912,0.0052366344616861,0.03509801222329916,0.024145422595076124,0.0005655029616297605
MCAR,0.2,S1,lr_l2,1012,0.8575513716403307,0.36638914558081714,0.01994431061041774,0.00625031548095602,0.023530365101870218,0.05730228400825412,0.0011676680702638487
MCAR,0.2,S1,lr_l2,1013,0.8648996707996639,0.3806614424492468,0.01936262186276282,0.00605507219284206,0.02176532378208831,0.07448690211347506,0.0013452339650483873
MCAR,0.2,S1,lr_l2,1014,0.8690750758656496,0.4221480192671316,0.018637814311949618,0.00625535161154534,0.022878779965345503,0.07122773078466003,0.0013573733827553067
MCAR,0.2,S1,lr_l2,1015,0.8631886205537667,0.38558707803990727,0.019487729955473782,0.00554035847548948,0.006169797995362695,0.046962595444740206,0.0008505861019789501
MCAR,0.2,S1,lr_l2,1016,0.8702443414010366,0.3886726098751262,0.01935476874685004,0.005449145936700881,0.032345278738807916,0.06351741698590668,0.0010843308558303373
MCAR,0.2,S1,lr_l2,1017,0.8706017936983885,0.3815016226647118,0.01937908134538934,0.0039971080039211005,0.020843771254437427,0.07277027999298191,0.0014567113936721859
MCAR,0.2,S1,lr_l2,1018,0.8609243792339056,0.3841267943189139,0.01933520238431212,0.00503272270301864,0.017278398339937044,0.05589719039829565,0.0012231912194495573
MCAR,0.2,S1,lr_l2,1019,0.8604394296078525,0.3821581624591411,0.019434978550374397,0.0051437798143971,0.008448320064571895,0.05425991144248696,0.0011997980871426494
MCAR,0.2,S1,lr_l2,1020,0.8711169432812298,0.38805620584081624,0.01929740891016176,0.0057135197289701805,0.01931424342711516,0.08394952384726215,0.0019419831322240672
MCAR,0.2,S1,rf,1001,0.9382566934574001,0.5210920607459931,0.01741876748652954,0.00784827877952876,0.011927632162421195,0.03865069519868029,0.0006947316591147971
MCAR,0.2,S1,rf,1002,0.9389996889174075,0.5142694679879873,0.01753946700032816,0.007663544855621519,0.011326700963958514,0.08326934567394827,0.001212867366484941
MCAR,0.2,S1,rf,1003,0.9403456116605999,0.5090593217498334,0.0176318619252053,0.00656490083846206,0.012212966334683929,0.03466426333108287,0.0003959887756276542
MCAR,0.2,S1,rf,1004,0.9388953715508919,0.5173536458266306,0.017562415514184,0.00729304146564092,0.017051327461926596,0.09242542493109479,0.0014363571190888905
MCAR,0.2,S1,rf,1005,0.9386814258629606,0.506602092777752,0.017741455373467142,0.00696046401402758,0.013791230483092899,0.04147652506851242,0.00047303329791173004
MCAR,0.2,S1,rf,1006,0.9357227720373515,0.5026247971474658,0.01787374172028364,0.00623437798283092,0.0028113813813408182,0.032663008923787665,0.000486231278401325
MCAR,0.2,S1,rf,1007,0.9407997975305834,0.5069363510829092,0.01762209957441314,0.0070659613594190405,0.005970178425141329,0.02596533611184396,0.00035480828195405057
MCAR,0.2,S1,rf,1008,0.9355664033502155,0.5050359666491201,0.0176569189800048,0.006527003363900841,0.010923262686393334,0.04775475259954419,0.0007956926504000856
MCAR,0.2,S1,rf,1009,0.9429129307481465,0.513467386471664,0.01762439567163628,0.007631487106360621,0.01106555604743794,0.053459751164527426,0.0006162683241539073
MCAR,0.2,S1,rf,1010,0.936626775608693,0.4857854544188946,0.01806727019199942,0.007291731057549241,0.0191897594472985,0.05972259572485754,0.0009492967821487952
MCAR,0.2,S1,rf,1011,0.9356618566013214,0.49942956015918194,0.017660456878329,0.0067411248064730605,0.0067701010743886495,0.023722294778080005,0.0005654223411090062
MCAR,0.2,S1,rf,1012,0.9306573864252057,0.47133057639535797,0.01842093950395798,0.006574207097092499,0.006779051038152893,0.04285171116098438,0.000602135282929421
MCAR,0.2,S1,rf,1013,0.9388876656404481,0.4872258883858878,0.01787775073837736,0.00678796216516922,0.007358216297914929,0.06800600286577113,0.0011845412000448655
MCAR,0.2,S1,rf,1014,0.9387784234479527,0.5093018076580409,0.01756085490841584,0.007303564938191639,0.016600894309619602,0.06681119475200278,0.0011401835025431491
MCAR,0.2,S1,rf,1015,0.9333977325908538,0.4883599341708339,0.0179992619047748,0.0067533945859592605,0.02807858462179934,0.0415797487615618,0.0007509263363446522
MCAR,0.2,S1,rf,1016,0.9382798347830604,0.4953050809850101,0.017740697598553002,0.00611297486402126,0.01450218971571121,0.06592991097798814,0.0010965768593285828
MCAR,0.2,S1,rf,1017,0.9365971793706617,0.5055288012446933,0.0176215365402934,0.007390688917173299,0.008549095467394598,0.054968412304406696,0.0009360212282906653
MCAR,0.2,S1,rf,1018,0.93819399466927,0.5000404897128153,0.01794724822432662,0.00652297388195406,0.006732861298647619,0.03543696149705543,0.0007505065760225904
MCAR,0.2,S1,rf,1019,0.9388981715264014,0.49921688581971824,0.01786224050694862,0.0066988704693748,0.007660199547175867,0.0706993617775092,0.0014710597421817688
MCAR,0.2,S1,rf,1020,0.9361895420939781,0.5187657273005828,0.017425625183877903,0.0073908490665986,0.011958161639797474,0.09653882949020058,0.0016151519987381464
MCAR,0.2,S1,svm_linear_cal,1001,0.8520028772999819,0.40444077569159287,0.01920199110855612,0.0076679126148627595,0.024898754128523184,0.08202982363737585,0.0015472606154502222
MCAR,0.2,S1,svm_linear_cal,1002,0.8462514233989907,0.4028107755240679,0.019295391276011258,0.006260151334310421,0.03150170525957187,0.08248673464974786,0.001066579792828134
MCAR,0.2,S1,svm_linear_cal,1003,0.8636890722279146,0.4051117305784267,0.01925788676520624,0.00605837311729352,0.021969640123180575,0.05131648671540465,0.001167985833597316
MCAR,0.2,S1,svm_linear_cal,1004,0.8600645195431497,0.4112657573412026,0.01914152369956906,0.00727955934567958,0.03397696322751212,0.06846708764646244,0.001141349034582548
MCAR,0.2,S1,svm_linear_cal,1005,0.853965372031993,0.4008792508298143,0.019421183999941423,0.0069831796818717404,0.024619616804614344,0.04104921563830686,0.000802205296167646
MCAR,0.2,S1,svm_linear_cal,1006,0.854493995433638,0.3953660891637739,0.01939662716298776,0.00554226499638458,0.028826756845844285,0.04431073283593661,0.0007516346296856082
MCAR,0.2,S1,svm_linear_cal,1007,0.8663626025781177,0.4016728888563832,0.01938659509095052,0.0060797603748939995,0.0335345224785829,0.035589549207990956,0.0006769502502758459
MCAR,0.2,S1,svm_linear_cal,1008,0.8477243481977409,0.3984723583997661,0.0194164552866403,0.00616821455314798,0.026232663790362553,0.06787255480908345,0.0014030174146559056
MCAR,0.2,S1,svm_linear_cal,1009,0.8578045573541617,0.39198709663679404,0.01971032587187966,0.006642796389314599,0.023077899055467557,0.01888836281771342,0.0005666976095798464
MCAR,0.2,S1,svm_linear_cal,1010,0.8525702879657284,0.3782064313667238,0.01989472047638792,0.006869255131681259,0.038495621419389524,0.04630047370334277,0.0008984924360124039
MCAR,0.2,S1,svm_linear_cal,1011,0.8444845436675082,0.40601049758145996,0.019012082762833598,0.00604267627626732,0.04587127900586248,0.017156694530017995,0.0005092292011350082
MCAR,0.2,S1,svm_linear_cal,1012,0.8395480253666363,0.37226861491994645,0.02006573018047974,0.006437825929242119,0.03594453294731706,0.057436117327867464,0.000865043839008188
MCAR,0.2,S1,svm_linear_cal,1013,0.8489976193584358,0.3837844758641499,0.01967327073533762,0.00790385198087018,0.032295174171050586,0.08067558045208947,0.0012810358453025697
MCAR,0.2,S1,svm_linear_cal,1014,0.857957965369839,0.4229908371716859,0.01892503216382526,0.00629110661506688,0.02280287933676816,0.08192235206147074,0.0015236902148801188
MCAR,0.2,S1,svm_linear_cal,1015,0.847928420179703,0.3870526118050851,0.01965204175340256,0.006349261731351,0.00811465507044492,0.03539873772231907,0.0008266932100893068
MCAR,0.2,S1,svm_linear_cal,1016,0.8602892704624544,0.3838017782085875,0.01978576293074216,0.00734905501807694,0.031043997769001963,0.05022484603005379,0.0008572850555404867
MCAR,0.2,S1,svm_linear_cal,1017,0.8616535900792328,0.39057012688193643,0.01961151649982918,0.00578759745904922,0.021380630509850392,0.06409292830299418,0.0012208512358954284
MCAR,0.2,S1,svm_linear_cal,1018,0.843573325352908,0.386264014648009,0.019561498521674082,0.00638515901550636,0.018935799651908922,0.05767199542138609,0.0012770266062924497
MCAR,0.2,S1,svm_linear_cal,1019,0.8475804867670101,0.3905583156525896,0.0193502868617616,0.00465351558431786,0.011128104721257472,0.062183333289685894,0.001292101672215794
MCAR,0.2,S1,svm_linear_cal,1020,0.8581372257683993,0.39301041513843427,0.019435903487013663,0.0058155768400636795,0.019288592245133927,0.08839435448826205,0.0018877934490128742
MCAR,0.2,S1,xgb,1001,0.9435232635523354,0.506885452410875,0.01707939505577084,0.00662970998508646,0.011760640348404964,0.042438658986515714,0.0009265396193932433
MCAR,0.2,S1,xgb,1002,0.9414674414507231,0.5092014554393384,0.01723328288644548,0.00650912546517968,0.008102738992482972,0.07008763432091525,0.0014453491859844653
MCAR,0.2,S1,xgb,1003,0.9422655724191873,0.5049605738957517,0.01724446229636664,0.00712658334966342,0.009174282775081099,0.03261620132363072,0.0006544316946660577
MCAR,0.2,S1,xgb,1004,0.9427805913645011,0.4800687909991062,0.01770860441029066,0.007238671069222021,0.015674493945676188,0.058623911285562456,0.001293380837028072
MCAR,0.2,S1,xgb,1005,0.9430740836613966,0.47457313619562197,0.017833325266838018,0.0068928286399783005,0.011895882743920061,0.04776862262283586,0.0010323255899176173
MCAR,0.2,S1,xgb,1006,0.9417684569545903,0.5093145345963466,0.0172148216515779,0.00581917961849268,0.012051528141154675,0.03828108598708215,0.0007737834003953287
MCAR,0.2,S1,xgb,1007,0.9441616563505247,0.5036522712878251,0.017302755266427938,0.0056124361589658,0.00894243207291315,0.037665232896867615,0.0008906279240310078
MCAR,0.2,S1,xgb,1008,0.9388605322815797,0.49159657689494124,0.01764867492020124,0.00801159213859438,0.012723890851244533,0.034337780269548514,0.0008025874663995979
MCAR,0.2,S1,xgb,1009,0.9477263650726668,0.5212931116827807,0.0169562734663486,0.00621942871013624,0.011217826607793822,0.01916641658768826,0.00024118192620308017
MCAR,0.2,S1,xgb,1010,0.9419733104295533,0.47609098892361457,0.01786092333495612,0.00789567270943064,0.024187252399596095,0.050781348949511806,0.0011964720945035992
MCAR,0.2,S1,xgb,1011,0.9393538835975679,0.5142109879514215,0.01693524904549116,0.00616913745457816,0.010390719320840385,0.047262478099309446,0.0010954065859442473
MCAR,0.2,S1,xgb,1012,0.9406845484296932,0.4809278428718784,0.017761389166116658,0.00789247434041548,0.009394221229375199,0.0477491201622854,0.0010759161425754735
MCAR,0.2,S1,xgb,1013,0.9407256373887602,0.4901620551788507,0.01753675341606136,0.00793361433904804,0.0041859371344901645,0.05331114202609042,0.0012626628084323641
MCAR,0.2,S1,xgb,1014,0.9408597164418844,0.5337431745550378,0.016730702109634798,0.00540807775754066,0.011182017066229885,0.0856735535039233,0.0019348202099075448
MCAR,0.2,S1,xgb,1015,0.9426968346390501,0.50460023325578,0.01721466965973374,0.00663352469995796,0.01837785729098796,0.040610451189520023,0.0008856594708829507
MCAR,0.2,S1,xgb,1016,0.9434991358175113,0.4963186155181969,0.01723508946597572,0.00565189485168174,0.009197775870835992,0.03461884883684318,0.0007480988819610305
MCAR,0.2,S1,xgb,1017,0.9381185784209489,0.48661175825763364,0.01764603629708286,0.00799263366747544,0.00573910093801719,0.049182316868961275,0.0010966000157624648
MCAR,0.2,S1,xgb,1018,0.9426271400973153,0.5106884006952648,0.01705419830977912,0.007111231792663921,0.008700692096946468,0.028050061572847045,0.0007944438494637817
MCAR,0.2,S1,xgb,1019,0.945263999001298,0.5078501764574677,0.017223957553505857,0.00676129192763576,0.010890611138958424,0.05157754644447451,0.0013985850811029537
MCAR,0.2,S1,xgb,1020,0.9413193521603622,0.5129653039414028,0.0171220419928431,0.00617095201688804,0.009567667922596794,0.05451481368737656,0.001274843465770109
MCAR,0.2,S2,extratrees,1001,0.9360593790249657,0.49459833571308015,0.01799690946575824,0.00739923445719166,0.01281871465328009,0.07683402418069019,0.0012673079438903611
MCAR,0.2,S2,extratrees,1002,0.9410739712439083,0.48032401945215664,0.01853084212074846,0.00955411196574124,0.003325558289940894,0.0793388958788974,0.0014601152472196956
MCAR,0.2,S2,extratrees,1003,0.9381190020266306,0.48552798033983785,0.01810116430567148,0.0088452423512951,0.006290476137839148,0.09060935561447109,0.001115262079405175
MCAR,0.2,S2,extratrees,1004,0.9346216975276784,0.4667300833971428,0.01871476672025436,0.00966416130512528,0.009233775764366932,0.09000221824756659,0.0013083068115109966
MCAR,0.2,S2,extratrees,1005,0.9322577209482222,0.4879517921707467,0.018303981297965222,0.00978465539711964,0.010392370458688103,0.10940620142542556,0.00108822632466793
MCAR,0.2,S2,extratrees,1006,0.9394203991877932,0.48838119608542174,0.018218762197515358,0.01011618985380962,0.01197188981527233,0.09260527048929929,0.0011334599669346865
MCAR,0.2,S2,extratrees,1007,0.9377218530114841,0.49780690966984886,0.018360623912519858,0.00963943568159402,0.008113746768106623,0.09789604074651172,0.0012840215674094525
MCAR,0.2,S2,extratrees,1008,0.9347193649369754,0.4836831377930781,0.0182671702518676,0.010141209257537401,0.009657554810445498,0.0896047033210492,0.00105526615876154
MCAR,0.2,S2,extratrees,1009,0.9375057680691963,0.47978197617670804,0.01839736679496152,0.00839593915456116,0.004313568021805287,0.09194791039826851,0.0013083622639991563
MCAR,0.2,S2,extratrees,1010,0.9408373218509091,0.4842878745100593,0.0181456999901448,0.00941822721692424,0.00973292640018253,0.09479110343852437,0.0011225402124446263
MCAR,0.2,S2,extratrees,1011,0.9356199685162421,0.4863961514859308,0.01834176526400734,0.00959218137571578,0.005960850007623645,0.08062698240684003,0.0014557611442816284
MCAR,0.2,S2,extratrees,1012,0.9390109424271312,0.465693086323043,0.01849959488994658,0.00879758790960362,0.006917082438389003,0.0898664153442263,0.0014238866314956983
MCAR,0.2,S2,extratrees,1013,0.9402300912233809,0.4884746782150282,0.01799851615611274,0.00912975317576438,0.008671782953719403,0.11710506171731812,0.0005451560082716969
MCAR,0.2,S2,extratrees,1014,0.9362356604021252,0.49157153379137275,0.018225495124597278,0.00915187599581618,0.004738041700524306,0.08678480625476499,0.0012949952334890163
MCAR,0.2,S2,extratrees,1015,0.9370035574740259,0.4923002775079258,0.0181472340858425,0.00927230662866638,0.004852740612839427,0.0737898336686444,0.0015029022476542512
MCAR,0.2,S2,extratrees,1016,0.9411685933518614,0.48604905698899337,0.01818602383156642,0.00885977007495074,0.009186987871437673,0.10750065702461649,0.0010630066043034764
MCAR,0.2,S2,extratrees,1017,0.9385177489403633,0.4863872898409106,0.01827075397620422,0.00883733393225616,0.006558055717457097,0.08567122257514789,0.0014606143890464366
MCAR,0.2,S2,extratrees,1018,0.9351971091201603,0.4663848485273993,0.01833547539730802,0.008358395179852521,0.003125433593691824,0.10208101037277775,0.0008793433646734393
MCAR,0.2,S2,extratrees,1019,0.9396846008082136,0.492032705780041,0.018148383771641522,0.00875754352799824,0.0019513882736820723,0.08751877986824956,0.0012451682313456194
MCAR,0.2,S2,extratrees,1020,0.9341349353545245,0.4984930022061704,0.01804911623207016,0.00824630876792414,0.010746303016536646,0.08327095970241727,0.0011488553388735577
MCAR,0.2,S2,lr_l2,1001,0.8650593003878247,0.37360558512047715,0.01969514104067254,0.00586842286515592,0.030414051250615397,0.08613065780358098,0.0016858689335200387
MCAR,0.2,S2,lr_l2,1002,0.8640542845923929,0.36686394633291197,0.01966445968728808,0.006053691836728299,0.026597491328977967,0.0778235648254684,0.0012370957136683435
MCAR,0.2,S2,lr_l2,1003,0.871402889945777,0.3580844761768908,0.02022432558370506,0.006665229838584701,0.024287332957236885,0.05949348174656031,0.0017376295279743512
MCAR,0.2,S2,lr_l2,1004,0.8656787313399825,0.38481542918523076,0.01953723904573982,0.0067844746835051,0.02674122176955552,0.08048088501182596,0.001308460216065702
MCAR,0.2,S2,lr_l2,1005,0.8678439545277893,0.38259120495346843,0.0194775067245598,0.00652334653693446,0.03405345728714874,0.09589235521655971,0.0014251364414565627
MCAR,0.2,S2,lr_l2,1006,0.8597195246550722,0.34473916217642175,0.0202401282858429,0.006743295031299,0.026225487957491547,0.0928381182519193,0.001383253721282499
MCAR,0.2,S2,lr_l2,1007,0.8664813497936017,0.3862908978202864,0.01952904043224862,0.00540355157481574,0.020171911412713153,0.08811744663625032,0.0012035126692741646
MCAR,0.2,S2,lr_l2,1008,0.8679684782161367,0.35077540232354687,0.020339747858791758,0.00673740480506128,0.031095295535436107,0.0857270452541769,0.0017902906268790822
MCAR,0.2,S2,lr_l2,1009,0.8610409380159003,0.3774818913042255,0.01951793487569074,0.005712122060225059,0.03387498491322254,0.09480482961984585,0.001327564828367187
MCAR,0.2,S2,lr_l2,1010,0.8608649108197863,0.35587178075855624,0.02016819771917002,0.00688735413664774,0.035661186436462926,0.10060151069137756,0.001084195354750487
MCAR,0.2,S2,lr_l2,1011,0.8708327158908256,0.3586407823476121,0.0201488838480114,0.0065566221278352405,0.035096832256336793,0.08826735948831642,0.0016802521113780085
MCAR,0.2,S2,lr_l2,1012,0.8694678553664907,0.3511466805894791,0.02008528050757994,0.00482123191982076,0.029217402608055377,0.08596992486729291,0.001787676252115221
MCAR,0.2,S2,lr_l2,1013,0.8619931756273939,0.37035458135990795,0.019901359772317977,0.0061789498450684,0.03754766001437957,0.1006007487683647,0.0014257764455735003
MCAR,0.2,S2,lr_l2,1014,0.8678521452994594,0.37380683033743517,0.01982554583969276,0.00594026346058744,0.028070658611351443,0.06741900720375053,0.0017979953221320274
MCAR,0.2,S2,lr_l2,1015,0.8653390089712378,0.3826022349718897,0.01949511032668364,0.0065706216318225,0.024118694332034302,0.07073940188615913,0.00171118975015929
MCAR,0.2,S2,lr_l2,1016,0.8720808841649454,0.3546127032832185,0.01998669697033558,0.00561946005010708,0.03674948405411412,0.10131622967326347,0.0011588020455721875
MCAR,0.2,S2,lr_l2,1017,0.8640117722656928,0.3810215241874265,0.0196022745896385,0.0056929110177245,0.021549627574006844,0.08088503337936412,0.0012492179240795496
MCAR,0.2,S2,lr_l2,1018,0.8607321180019696,0.36783225088571125,0.020020645878407642,0.00680818065532858,0.032492641571083544,0.11503757403779076,0.0008213586012107258
MCAR,0.2,S2,lr_l2,1019,0.8685868056334389,0.3784255369913737,0.01963119976395886,0.005761982030060521,0.02626247213386776,0.08397713950654717,0.000919051649945098
MCAR,0.2,S2,lr_l2,1020,0.8739378363408198,0.3832966774464011,0.0194169121474232,0.00584539723937178,0.029013670551398387,0.09500822094716592,0.0014866147832045555
MCAR,0.2,S2,rf,1001,0.9338934659417977,0.4895607102848104,0.01776083253562038,0.0068634266232798806,0.006372635290586132,0.08099064739268172,0.0011889581374570242
MCAR,0.2,S2,rf,1002,0.9416236766776525,0.4817908451451438,0.01791022932141802,0.0070122339307431,0.00808430405967534,0.0863908833854975,0.001005783548642734
MCAR,0.2,S2,rf,1003,0.9387363463389476,0.4771365958531283,0.01791756449926522,0.006611015092427499,0.007801138449296077,0.08757120551738104,0.0010211672237029955
MCAR,0.2,S2,rf,1004,0.9337092837138382,0.47847624030095426,0.01812489819553282,0.00578176622769008,0.010881785820796363,0.07347142904695066,0.001434614804468343
MCAR,0.2,S2,rf,1005,0.9311488064265863,0.48223469393976803,0.018055350338483062,0.0065339892009235595,0.006601642723959557,0.09041779199431837,0.0011896067233797738
MCAR,0.2,S2,rf,1006,0.9370726322414205,0.4875270297055764,0.01793310854730942,0.008140476161313439,0.01180131183088403,0.07232245448544743,0.0011360686047000115
MCAR,0.2,S2,rf,1007,0.9377466197838984,0.5114328737983563,0.01753218503816962,0.00798942741225666,0.008631134704215119,0.08281131089070856,0.0009048940878233505
MCAR,0.2,S2,rf,1008,0.933914038542806,0.48027828616732815,0.0181131055959353,0.0081188626037936,0.011164629671771405,0.07899041482209165,0.001440002761345394
MCAR,0.2,S2,rf,1009,0.9381906423865607,0.4848603583780974,0.01790974384230446,0.00597450014670016,0.008160636550291334,0.08766789037966478,0.0010424239365539963
MCAR,0.2,S2,rf,1010,0.9362117888082084,0.47658310172869367,0.01796713403691704,0.00800989966555936,0.01031239533815248,0.0901763281545055,0.001035356738497499
MCAR,0.2,S2,rf,1011,0.9327009144573681,0.4780376340076685,0.018105200410240378,0.00781311987757356,0.011099917197476107,0.08466585435068044,0.0013427564904961331
MCAR,0.2,S2,rf,1012,0.9370783214260776,0.49366512358174486,0.01786430915545398,0.006408619963482359,0.008222708018222682,0.0665626223680201,0.001126235646295603
MCAR,0.2,S2,rf,1013,0.9409839721533739,0.48879104133461837,0.01768030526151922,0.00770233032430276,0.006725808978233863,0.11012109103171419,0.0005881835158325663
MCAR,0.2,S2,rf,1014,0.9405266063999589,0.4948100130165008,0.01792394212225278,0.0069901107733119595,0.006311639374248986,0.07538341376411382,0.0014223947708200072
MCAR,0.2,S2,rf,1015,0.9413065813103536,0.49752898413974583,0.01763826275022884,0.00648858752534244,0.005442983175328726,0.0712954022941984,0.0014185961511955147
MCAR,0.2,S2,rf,1016,0.9387806031352749,0.4912920803332095,0.01778416884043278,0.005922692325984059,0.009922839596348876,0.0849062698241468,0.0010531020597548024
MCAR,0.2,S2,rf,1017,0.9381594959223232,0.48368950730775423,0.01785138014827686,0.0063228766826822795,0.006806381769149439,0.09082915202737331,0.0010982446423683724
MCAR,0.2,S2,rf,1018,0.9304791531127945,0.4694146823505988,0.0179397346108266,0.00594335905669496,0.009276758031648787,0.07736031503182984,0.0009452979701764708
MCAR,0.2,S2,rf,1019,0.942709027483794,0.4949611396271589,0.017793179257653818,0.00755768989954478,0.008229411803267717,0.07856808065789636,0.0010651652114130326
MCAR,0.2,S2,rf,1020,0.9380476442862034,0.494233450245393,0.017851695866553042,0.00611166062849088,0.00942806913170687,0.0805583004840801,0.0010190695979618697
MCAR,0.2,S2,svm_linear_cal,1001,0.8476136123862335,0.38110549171281954,0.01985549803547548,0.006609650146389939,0.038026142302771716,0.08474544919833324,0.0017636599164275733
MCAR,0.2,S2,svm_linear_cal,1002,0.8511450768564677,0.38473275362003967,0.01958593520689276,0.00691682606606752,0.031727003810803935,0.07575474962866639,0.0013890981588129106
MCAR,0.2,S2,svm_linear_cal,1003,0.8568938746368329,0.37704100885709896,0.01998088530553534,0.00700089193803974,0.03258210808524562,0.05669772469818432,0.0020434051596018308
MCAR,0.2,S2,svm_linear_cal,1004,0.846961849307533,0.39431372485041044,0.01959775044089246,0.0077466833549777,0.03283203797763405,0.06899152240013554,0.0018405690528803737
MCAR,0.2,S2,svm_linear_cal,1005,0.8563867733822101,0.39441290456337474,0.01951039207127614,0.0077844806049168795,0.040137662685072566,0.09070827611222686,0.0017336872583704431
MCAR,0.2,S2,svm_linear_cal,1006,0.848235429772972,0.357300264803034,0.0203765344635107,0.00602176993282352,0.029907688493249342,0.09182766034174479,0.0015657093471158406
MCAR,0.2,S2,svm_linear_cal,1007,0.8478046152427895,0.38540004277584683,0.019729139247337442,0.00529855081891166,0.02061655363000965,0.08431136309747106,0.0013396208362444907
MCAR,0.2,S2,svm_linear_cal,1008,0.8559447406841958,0.3657699202363534,0.020402270126476718,0.007668806880704119,0.037664110675116484,0.08462864041670112,0.0019616030735321015
MCAR,0.2,S2,svm_linear_cal,1009,0.8491863703463846,0.38250178935004553,0.01977479975969438,0.006927269229670541,0.038229584550381494,0.08614397308590326,0.001470082335070758
MCAR,0.2,S2,svm_linear_cal,1010,0.8445279577927373,0.36945993979940284,0.0201828826658672,0.00687805792493468,0.04782480654383151,0.09986239683702203,0.0010903629643288705
MCAR,0.2,S2,svm_linear_cal,1011,0.8581016713979398,0.36876768976639973,0.0201781607176651,0.00710909782593548,0.03868283839268096,0.08871167451108752,0.0018521921706963604
MCAR,0.2,S2,svm_linear_cal,1012,0.8530739542347694,0.3661064138005242,0.02009722608642838,0.007048058735331819,0.04062706620527264,0.07787337230851148,0.0017486332412199232
MCAR,0.2,S2,svm_linear_cal,1013,0.8481214407333919,0.37422913375945505,0.02022485155472916,0.0069546955873887595,0.045280961445383135,0.10112280615746004,0.001540468659184043
MCAR,0.2,S2,svm_linear_cal,1014,0.8568607330071245,0.38700343152470856,0.01986958638963998,0.00791507619693712,0.03429071650550907,0.05780797577432124,0.0021929184579703017
MCAR,0.2,S2,svm_linear_cal,1015,0.8486688782815974,0.3966667054611368,0.01946655872202218,0.00878297804194694,0.034228938897991466,0.060999217289547596,0.001896126703468126
MCAR,0.2,S2,svm_linear_cal,1016,0.8613051228299791,0.3606826409519557,0.020137358990697858,0.007097638938172041,0.040380230796487136,0.10203708801371159,0.0012118805509803076
MCAR,0.2,S2,svm_linear_cal,1017,0.8463278654247196,0.3967306111734574,0.01974641582966398,0.00764448503954038,0.031188712578620926,0.08029202296189564,0.001543387142292872
MCAR,0.2,S2,svm_linear_cal,1018,0.8448880874746744,0.37638057476918846,0.01977537546266778,0.0071542743460446395,0.037218269078027374,0.10731688508584668,0.000889119649496138
MCAR,0.2,S2,svm_linear_cal,1019,0.8551643113221516,0.3910486722740012,0.01945104891493886,0.0072588894105185195,0.0340422186683796,0.08090997890517923,0.001163476119188057
MCAR,0.2,S2,svm_linear_cal,1020,0.8605402908248012,0.38229367112925483,0.0197174605797443,0.0071817276144509005,0.03115687295904596,0.08076048641069943,0.0016337786036962683
MCAR,0.2,S2,xgb,1001,0.9397492112032632,0.49123793860147746,0.01743167154490944,0.00850262036130804,0.00526125896095209,0.0899645156154574,0.0015346325729142987
MCAR,0.2,S2,xgb,1002,0.9440559979973591,0.46274396126859896,0.018055605515837618,0.008065105362864181,0.00776869543308201,0.08742895014399707,0.0008590666401840475
MCAR,0.2,S2,xgb,1003,0.9465040781779708,0.4864884087493541,0.017525172233581483,0.00867251286329134,0.006630167834523263,0.10120985089522182,0.0007111974088543228
MCAR,0.2,S2,xgb,1004,0.9394260508679926,0.4787108950317592,0.0176549613475799,0.00805615094928888,0.008171196924059779,0.06897238173751033,0.0011952975177924677
MCAR,0.2,S2,xgb,1005,0.9387163452358285,0.48482895677520155,0.017409490048885302,0.00654713782723408,0.00853105726127014,0.10724791223406407,0.0009687458208899221
MCAR,0.2,S2,xgb,1006,0.9371456088478709,0.4772781481250618,0.01761244833469386,0.0081180305366402,0.010749722554817865,0.08136665989970554,0.0011613017707671682
MCAR,0.2,S2,xgb,1007,0.9491140887325065,0.5213713025844653,0.01671562790870662,0.006434874069959259,0.005475198439854531,0.09785830865602406,0.0008999178190862882
MCAR,0.2,S2,xgb,1008,0.9391592234537619,0.4845520645044803,0.01744797937571998,0.007369484822298459,0.007444640791568258,0.09543304448938712,0.0008480314206352431
MCAR,0.2,S2,xgb,1009,0.9446174411503317,0.4952164147586863,0.01733291596174236,0.00624585286815708,0.006177289922879148,0.07865803893183371,0.0010176122877417332
MCAR,0.2,S2,xgb,1010,0.9432608222809531,0.46339119881060464,0.01786355338990684,0.00755855877582078,0.007052757089896838,0.10794149191297107,0.0014993820297675524
MCAR,0.2,S2,xgb,1011,0.9412423446150701,0.4971828715871017,0.01731653772294518,0.00728957457430784,0.01359290820052695,0.1085519972741419,0.000707237257297932
MCAR,0.2,S2,xgb,1012,0.9465456957478544,0.49356568070030604,0.01748297959566112,0.009263018494481601,0.006288181336511561,0.07881462178646435,0.001042634126831345
MCAR,0.2,S2,xgb,1013,0.9484548884778284,0.4832025291430197,0.01770510077476498,0.007113769738282541,0.010165820455220787,0.12340220280055515,0.0004035956215489788
MCAR,0.2,S2,xgb,1014,0.9488635445282056,0.5050601707232338,0.017130982503294902,0.00489268320573314,0.007103197033612314,0.0803849780839766,0.0010151650550838855
MCAR,0.2,S2,xgb,1015,0.9422500149563481,0.4986017136858051,0.01731921359896654,0.0075791506911997795,0.005702101822486813,0.06216196844378681,0.0015901456979467738
MCAR,0.2,S2,xgb,1016,0.9394286594862292,0.48707720726123327,0.01760986857116218,0.00814927107735644,0.013014407199858096,0.09642850769168117,0.0008788925563217418
MCAR,0.2,S2,xgb,1017,0.949241828075064,0.5014649414829397,0.01727086082100864,0.00675098006648214,0.007205575011072454,0.11632291119167056,0.0008456049597070037
MCAR,0.2,S2,xgb,1018,0.9369699031505441,0.49425419182941155,0.01730301380157464,0.00806252794829726,0.01247211310384028,0.0658277756329618,0.0009378307292901357
MCAR,0.2,S2,xgb,1019,0.9444125405605925,0.49286395811346617,0.017308080568909583,0.00603931497976742,0.006808538520297284,0.08297796320584888,0.0007574663792040976
MCAR,0.2,S2,xgb,1020,0.9442378335322612,0.49027853118827663,0.01735959686338896,0.0070193533382932,0.012573902679828032,0.0901747016998157,0.0008324453644020203
MCAR,0.3,S1,extratrees,1001,0.9250888890386875,0.44191570116801815,0.01949308882983948,0.00915567930135394,0.011472000720603746,0.046196207285223126,0.0006081726100796316
MCAR,0.3,S1,extratrees,1002,0.9253200150495928,0.4691333645945794,0.01891499350846696,0.00978445259163252,0.019511618481272825,0.06878126409501398,0.0009141978920017215
MCAR,0.3,S1,extratrees,1003,0.9353090569602098,0.4716820720034933,0.0190096561254983,0.00929803146560618,0.01843137277436773,0.060134539061754644,0.0009568736819808462
MCAR,0.3,S1,extratrees,1004,0.9344006223453173,0.47571237472666006,0.01877241517139994,0.0103078242753986,0.012769954597012861,0.08636059637368587,0.0010487271776984525
MCAR,0.3,S1,extratrees,1005,0.9324222045707036,0.4744508261047134,0.018833277174907282,0.00955137984317586,0.013644887327614267,0.019033737378478244,0.0005578129067993549
MCAR,0.3,S1,extratrees,1006,0.9357556267781735,0.47540354902683557,0.01895122725807018,0.0094475939664525,0.01358896554454718,0.03129956202882082,0.00042102069303362986
MCAR,0.3,S1,extratrees,1007,0.9378382298819579,0.4759010468608256,0.01846468244138498,0.00767218288280834,0.009528291609708915,0.006251359865441439,0.0002150694077896858
MCAR,0.3,S1,extratrees,1008,0.9332150502718303,0.48361493447041337,0.01837160938521086,0.00853891841235834,0.012367540155295557,0.05034634934292849,0.0006695163506207919
MCAR,0.3,S1,extratrees,1009,0.9300655471988882,0.48334523747479474,0.0185920370858422,0.00886124493302042,0.013949798026870488,0.037207190234195664,0.0006436862787917031
MCAR,0.3,S1,extratrees,1010,0.9330512784815571,0.4855002256865493,0.0185365751427951,0.00855771024090556,0.020134508004501842,0.046041826055116454,0.0010017920226184547
MCAR,0.3,S1,extratrees,1011,0.9295058462041347,0.48813022801990796,0.01837326968461008,0.007177230152295,0.012269237769601421,0.03875317000846998,0.000576943833883592
MCAR,0.3,S1,extratrees,1012,0.9372184836936526,0.4650920385284669,0.0189824119278752,0.00850937008067822,0.012471314726750128,0.07836416042452729,0.001072692751433609
MCAR,0.3,S1,extratrees,1013,0.9299290986336592,0.4591800575932158,0.019137487162766857,0.00895347951027344,0.010396704772587436,0.08037396656777647,0.0010445380221280006
MCAR,0.3,S1,extratrees,1014,0.9306661924884374,0.45745999146000055,0.0188076874897818,0.00765755352407736,0.01587717592640986,0.06845459749918181,0.001237842430379517
MCAR,0.3,S1,extratrees,1015,0.930332590011464,0.45813766488330215,0.01881992069070218,0.00842535231401134,0.016327775610128072,0.04491535988097725,0.000916258203969446
MCAR,0.3,S1,extratrees,1016,0.9320823766787351,0.4640632924266141,0.01880115623375804,0.00832638562397902,0.012778618675607898,0.0769038598664389,0.0008915808281129326
MCAR,0.3,S1,extratrees,1017,0.9267560704954357,0.4818102024798983,0.01838368089150786,0.00771230900088474,0.012287988648384039,0.065258251720999,0.0009790861275210357
MCAR,0.3,S1,extratrees,1018,0.9303330240769967,0.468097679618445,0.01905673979367606,0.00840717195506034,0.009580096989551165,0.032428896216284524,0.0008447347691966876
MCAR,0.3,S1,extratrees,1019,0.9278408698133811,0.45587665253713927,0.019156180876541203,0.00955123955100806,0.013165085290309166,0.07344967862290254,0.0012431382328572948
MCAR,0.3,S1,extratrees,1020,0.9333849902767575,0.47342967140909015,0.01873035440165616,0.009300321555279479,0.017489574005308272,0.0739272827749871,0.0010370956870742484
MCAR,0.3,S1,lr_l2,1001,0.8550857164234099,0.33776348936818007,0.02026086800533446,0.0054463565658833205,0.026525501644764245,0.0634896489542204,0.001110927620591781
MCAR,0.3,S1,lr_l2,1002,0.860639607712651,0.3873842957511138,0.019438282136533862,0.0054935585963997,0.031066086314270484,0.07075409893245764,0.0013811363055862861
MCAR,0.3,S1,lr_l2,1003,0.8709110713311503,0.34697470235751526,0.02016754910088678,0.0046224157920439195,0.02755546548890028,0.03443957320878302,0.000632702440614157
MCAR,0.3,S1,lr_l2,1004,0.849057884167534,0.3784261671576944,0.01956234057747018,0.00591245581626788,0.027844455326846363,0.06945862224296534,0.001380734328060526
MCAR,0.3,S1,lr_l2,1005,0.8590023254103176,0.3623888485639793,0.01991273733574976,0.005590028724229359,0.04303702965566375,0.029846757665513778,0.0008267478401473266
MCAR,0.3,S1,lr_l2,1006,0.8655194752375241,0.3639740381404077,0.0199071014399433,0.00479905934203004,0.028808981045646474,0.043379379503802086,0.0007800380966965813
MCAR,0.3,S1,lr_l2,1007,0.8622830470570679,0.3541696405979973,0.02001195415985426,0.00527657045160062,0.03614206212584291,0.018223990732025082,0.0003744827227329367
MCAR,0.3,S1,lr_l2,1008,0.853107749493961,0.3599820296089527,0.0199554991630984,0.00581313943106938,0.015166166735174388,0.04295453005867114,0.0008364498511756556
MCAR,0.3,S1,lr_l2,1009,0.8582101293933881,0.35918913575297323,0.019871347876383137,0.00460146721733246,0.02505645019889468,0.05001141573661208,0.0008995969716209288
MCAR,0.3,S1,lr_l2,1010,0.8522319661944422,0.3634795195008728,0.01974189340317378,0.00494863571583526,0.03709302712633786,0.0325967386826432,0.0006413778297795497
MCAR,0.3,S1,lr_l2,1011,0.849908118592684,0.3771729711534867,0.01935683213924616,0.00496056034696606,0.014788174446738087,0.052057153499085386,0.0011230200790015702
MCAR,0.3,S1,lr_l2,1012,0.8673417787100449,0.35714291880848326,0.020178186540439562,0.0056662559056370404,0.01389588654215153,0.03895004501627401,0.0009595646061551313
MCAR,0.3,S1,lr_l2,1013,0.8491147009167171,0.3374656942202275,0.0203327890650221,0.0052336078171929205,0.021873543768708686,0.07891638934869677,0.001379378295793743
MCAR,0.3,S1,lr_l2,1014,0.8576315065830427,0.3692706392159813,0.019614280542161938,0.0038777778364390398,0.014622040716397946,0.05331322367891751,0.0011803684435980517
MCAR,0.3,S1,lr_l2,1015,0.8575447822649563,0.3734158362937555,0.01968353316370616,0.0054097371089952,0.020733816080810576,0.019515563685797134,0.0005849824466419666
MCAR,0.3,S1,lr_l2,1016,0.8631483889323658,0.3558387468661874,0.02007390109653006,0.00606844158627368,0.040076202242645964,0.06850420945870093,0.0012988379216751233
MCAR,0.3,S1,lr_l2,1017,0.857994111113114,0.3754587370363396,0.019489023124029344,0.004661609403190719,0.012808483695941703,0.05942393507632516,0.0013104663808742524
MCAR,0.3,S1,lr_l2,1018,0.857683676036326,0.367830212336594,0.0197316742883497,0.00491457886197748,0.031634402674772244,0.044366149542208085,0.0009113285118227372
MCAR,0.3,S1,lr_l2,1019,0.8445489830237014,0.35330479363321576,0.02000391034951342,0.0053954130927829,0.014038453077620047,0.03579092866118221,0.0008235436738525983
MCAR,0.3,S1,lr_l2,1020,0.8539440892200698,0.3499179307834608,0.020195656987913,0.00606439310194214,0.02766770677932945,0.06222156703069354,0.0013399716200908581
MCAR,0.3,S1,rf,1001,0.929322189180916,0.45967661934057,0.018522780279032938,0.00643521912392016,0.009199736120897958,0.04693179286314565,0.0007940212516459871
MCAR,0.3,S1,rf,1002,0.9302339072641782,0.46614999482519615,0.01836126491325846,0.0067403279361756,0.016988976264249465,0.07768442574208848,0.0012542325716578238
MCAR,0.3,S1,rf,1003,0.9329412994214163,0.47000676044237294,0.01852982145846318,0.00723530620729632,0.021771544980007586,0.048836762963476193,0.0006982914477559526
MCAR,0.3,S1,rf,1004,0.9317362071427571,0.46376073765142367,0.01833497440731956,0.0059043016752318,0.01573672697341186,0.08889000374258324,0.0014600629200547605
MCAR,0.3,S1,rf,1005,0.9341456664594874,0.47420803368640074,0.018210924653190082,0.006854297654928459,0.012658864043403648,0.030705874942227294,0.0003933485048648805
MCAR,0.3,S1,rf,1006,0.9387488932766394,0.48434686077807887,0.01821720811327568,0.006251346987077,0.012584496390227441,0.034421766566988976,0.00044308630150917183
MCAR,0.3,S1,rf,1007,0.9382405211849265,0.4759023376288506,0.0181737043271109,0.00637490451923662,0.006284277362808174,0.014533724369526062,0.00024396693906269357
MCAR,0.3,S1,rf,1008,0.9344280351898554,0.4748849682416146,0.01818209097744654,0.00640335908020922,0.014513058694309302,0.06136134612178707,0.0008709113439541636
MCAR,0.3,S1,rf,1009,0.9310378735789706,0.4852353717840274,0.01810567291764422,0.0068072661284248,0.012050145449232868,0.044496897004591855,0.0005383619083869377
MCAR,0.3,S1,rf,1010,0.9311546528311785,0.47970256237337827,0.01811678005356562,0.007596194469110621,0.01742976456181536,0.05622115099237775,0.0009433453198356776
MCAR,0.3,S1,rf,1011,0.9304213695735039,0.48116668717969385,0.01804497870939564,0.00585753301548596,0.011574762131566411,0.036909613668429174,0.0005563402183505622
MCAR,0.3,S1,rf,1012,0.935379679684927,0.4730885187856012,0.01826338139864954,0.007152046431260719,0.01794082219066161,0.07461257780175123,0.0012080877509364435
MCAR,0.3,S1,rf,1013,0.933884767254382,0.4569711031465973,0.01853994359145328,0.0064758716564685005,0.007491936856707135,0.06998906090187272,0.0009754329796391785
MCAR,0.3,S1,rf,1014,0.931186301781026,0.45494974330427107,0.0184258891755308,0.00647770095771844,0.018972978377418948,0.0695377248506762,0.0011403265379702594
MCAR,0.3,S1,rf,1015,0.9294635489427318,0.45810552045770486,0.018385177511031338,0.00617576479240746,0.01713312838830892,0.03968861949248615,0.0007154751975534499
MCAR,0.3,S1,rf,1016,0.928706975693049,0.46450471355163697,0.01835536623967042,0.00589802677936202,0.014046587157013986,0.0751783504944569,0.0012138863230052325
MCAR,0.3,S1,rf,1017,0.9262232481628596,0.46182882988907326,0.018310386072173498,0.0062001813263638395,0.01662135124602224,0.07634563661611797,0.0012183602768583322
MCAR,0.3,S1,rf,1018,0.933385345752528,0.468968175286885,0.018405968460346263,0.00642283998198408,0.012473425257934451,0.042344374619930035,0.0006627723916432796
MCAR,0.3,S1,rf,1019,0.9313238720702591,0.4653217385600078,0.018367439339655,0.00604122217905402,0.011428474253547653,0.07731139396937002,0.0012500494761513018
MCAR,0.3,S1,rf,1020,0.9340072047539107,0.47187164523815267,0.01823447669655128,0.00684231206623484,0.01268056142640527,0.08660796764601422,0.0014120044323986318
MCAR,0.3,S1,svm_linear_cal,1001,0.844739880701089,0.33879710667260443,0.02060755994260476,0.0063437849510289,0.024589978912892965,0.06276206090301516,0.0011154975695913097
MCAR,0.3,S1,svm_linear_cal,1002,0.8437603901945308,0.3868274045655248,0.01978827593889264,0.0075431575228889994,0.039254144651142096,0.07345970242932612,0.0011675386792746152
MCAR,0.3,S1,svm_linear_cal,1003,0.8538610996777953,0.3536588520194862,0.020297930762473583,0.0059496136511777205,0.03261852249132105,0.03953570717839958,0.0005997617905510387
MCAR,0.3,S1,svm_linear_cal,1004,0.8341139664617445,0.3735713047829072,0.0200120691347102,0.007605313286792259,0.02890463773272733,0.0722826447689158,0.0013587227623979064
MCAR,0.3,S1,svm_linear_cal,1005,0.847621037806541,0.3643187305873538,0.02010559669764938,0.007106641555556339,0.0379240394936558,0.023703431860271355,0.00043000668687565523
MCAR,0.3,S1,svm_linear_cal,1006,0.8484657879227502,0.36857633596438116,0.02012915134734688,0.007083279987695019,0.03957091572631483,0.04885629332143372,0.0007328570219248039
MCAR,0.3,S1,svm_linear_cal,1007,0.8494287508420826,0.3580879408224368,0.02000452983909532,0.00569711580057356,0.03745235339140188,0.026070638965732043,0.0005551514440439085
MCAR,0.3,S1,svm_linear_cal,1008,0.8369559447696842,0.3655958152711591,0.02023609166534174,0.00712919537134304,0.006296148853988691,0.034106830526026755,0.0008519008533802424
MCAR,0.3,S1,svm_linear_cal,1009,0.8479963721899942,0.36757826899539997,0.02026015752864352,0.00686589796993668,0.023531026885813454,0.04458978769863582,0.0008908769461109974
MCAR,0.3,S1,svm_linear_cal,1010,0.8351550247661036,0.3616209267934628,0.01998792039025642,0.0065371734909356,0.04790244924690116,0.0409763184371813,0.0007099610879733142
MCAR,0.3,S1,svm_linear_cal,1011,0.8368553853395996,0.383509145858527,0.01934548348368704,0.0053766879117943,0.02265614124791793,0.045264919846057995,0.0009541536760671198
MCAR,0.3,S1,svm_linear_cal,1012,0.8597346984878594,0.36802351212072265,0.02027562726712114,0.0056772119379024,0.01966975453664809,0.03353477069017659,0.0008009665837263769
MCAR,0.3,S1,svm_linear_cal,1013,0.8333892977935433,0.3510208935170408,0.0204691432049326,0.006843579306855261,0.039017190586104256,0.08513219674576683,0.0011877282233820133
MCAR,0.3,S1,svm_linear_cal,1014,0.8452221269494384,0.3806753177311892,0.01972158732125398,0.006293154647442479,0.013217501585167938,0.06140980633254496,0.001353430554468147
MCAR,0.3,S1,svm_linear_cal,1015,0.8414306033353054,0.3651254272370662,0.02027638082603194,0.005577256599441941,0.029318958251416418,0.025429906838989706,0.0008406246156783888
MCAR,0.3,S1,svm_linear_cal,1016,0.8535947331615349,0.36150877020004485,0.02036058170131418,0.0072584941835757005,0.03617809886786422,0.061894070761073325,0.0012315841272218754
MCAR,0.3,S1,svm_linear_cal,1017,0.8408637857870991,0.38062517032942633,0.01965878958953086,0.00576029882854276,0.010159467955647566,0.05293523564340496,0.001119853825433408
MCAR,0.3,S1,svm_linear_cal,1018,0.8410051883173694,0.378899585706289,0.01975462075050316,0.00570995962320098,0.036775246002714895,0.041562197171340194,0.0009148576136707624
MCAR,0.3,S1,svm_linear_cal,1019,0.8318501335977653,0.3622396473327611,0.02007809704181238,0.0063604191336124,0.018605376688779623,0.03858486262921628,0.0008750702624694626
MCAR,0.3,S1,svm_linear_cal,1020,0.8369304187754517,0.35310953821448166,0.02034132945022554,0.006651591398011141,0.024348091629300204,0.06249846096484905,0.001232046522908525
MCAR,0.3,S1,xgb,1001,0.9331378660122681,0.45781649419890275,0.018147631734609558,0.00568753778772546,0.012117872813684864,0.051327709092781774,0.000970289312616047
MCAR,0.3,S1,xgb,1002,0.9348062168283733,0.4734453762893394,0.017816179618239357,0.00618932194420694,0.011585114845133979,0.08655689100663082,0.0017070049251350658
MCAR,0.3,S1,xgb,1003,0.9370225684958667,0.48257498207890687,0.017584726959466883,0.004586737046729799,0.014800769629695017,0.03731337402942542,0.000684474145248991
MCAR,0.3,S1,xgb,1004,0.9371270121939773,0.457315438773996,0.01800361834466452,0.00580849546218274,0.01494935258210595,0.07979699288532684,0.0016637749270176402
MCAR,0.3,S1,xgb,1005,0.9365619903547028,0.4666201278770698,0.01809447742998596,0.0070488414353885006,0.013849302178397735,0.03629272310099031,0.0006013596503865893
MCAR,0.3,S1,xgb,1006,0.9418439490579651,0.46926858217268697,0.01808294467627998,0.00641872544081106,0.00695324647494227,0.036772761588582226,0.0006132352508646672
MCAR,0.3,S1,xgb,1007,0.9370604827256457,0.4685418092450343,0.0179215226322412,0.00475222206551024,0.008842693915036134,0.019715043086847,0.0004107662107065784
MCAR,0.3,S1,xgb,1008,0.9380280197400237,0.47103836569491603,0.018020011857151918,0.0066177847853522796,0.015904909818719046,0.04013552987309812,0.000571892150107346
MCAR,0.3,S1,xgb,1009,0.9409380998828928,0.5022898136398619,0.017333004623651442,0.0053086585528053,0.007917751290671824,0.045747480630549626,0.0007277855009112175
MCAR,0.3,S1,xgb,1010,0.9353295073974488,0.4528527259228114,0.0182207234203815,0.0063620469989226405,0.022419579440392398,0.0731498574829712,0.0016322966377996964
MCAR,0.3,S1,xgb,1011,0.931520451651626,0.4697179064362841,0.017860057950019798,0.005690436480794481,0.01421741148503211,0.03929685065686414,0.0009203503352708434
MCAR,0.3,S1,xgb,1012,0.9423622750218271,0.46583620113261376,0.0180064052343368,0.00571573536434218,0.005998495096386277,0.04768567468349932,0.0011379604060644153
MCAR,0.3,S1,xgb,1013,0.9328568226598936,0.46516639456182407,0.01805147416889662,0.00552478262229266,0.01188553610483995,0.049281431919203166,0.0009485148286114073
MCAR,0.3,S1,xgb,1014,0.935813476829113,0.44590064392121087,0.01840910986065862,0.006561012698164161,0.020098751210077818,0.06314717194685808,0.0013948183495671312
MCAR,0.3,S1,xgb,1015,0.9358090579554051,0.4783893507002288,0.01769243143498892,0.0054833151259523,0.00867018320079021,0.039365217741130366,0.0008917657433907324
MCAR,0.3,S1,xgb,1016,0.9316495914416901,0.46013588020325547,0.01816744543612,0.0069810288136311,0.017088686453313406,0.073616358426661,0.001504120273477617
MCAR,0.3,S1,xgb,1017,0.9385848760196417,0.4800793357996991,0.017637124657630877,0.0058094273173622596,0.015938757002820596,0.07220645523598371,0.0013855975400469892
MCAR,0.3,S1,xgb,1018,0.9396858456622622,0.4410250514528532,0.01846803091466422,0.00639704796472638,0.014639666545287594,0.03754597649981365,0.0007363920556776351
MCAR,0.3,S1,xgb,1019,0.9356955227507276,0.45813089614339175,0.01814603693783278,0.0055345344329546,0.009806333748329813,0.044453235210120345,0.0009830971577064179
MCAR,0.3,S1,xgb,1020,0.9385182350645348,0.4693271409506055,0.017926254123449278,0.006554206272751601,0.006546442030792539,0.0421854304476297,0.0010854817285150334
MCAR,0.3,S2,extratrees,1001,0.925785229916935,0.45132327757815266,0.0186634809722513,0.00726293032158642,0.012308808427059746,0.11151869172751909,0.0009780183704393697
MCAR,0.3,S2,extratrees,1002,0.9305416755415704,0.47039190187661306,0.01861373278483938,0.00902026622723502,0.007273602759755612,0.09661788228443796,0.0013029374312505816
MCAR,0.3,S2,extratrees,1003,0.931044015465804,0.42614601463786117,0.01906266331557266,0.00786088007457646,0.01291151293844537,0.0924588012144955,0.001503293771888155
MCAR,0.3,S2,extratrees,1004,0.9298088188371739,0.4519435374026335,0.01907110774281816,0.008227430309689721,0.004767300752886928,0.09758595655766901,0.001281033011389098
MCAR,0.3,S2,extratrees,1005,0.9261989794995646,0.45705527666277723,0.01922814266328222,0.008801450959544859,0.011433732510843826,0.07118013344816419,0.001781260568160309
MCAR,0.3,S2,extratrees,1006,0.9316804811306026,0.4370249484827518,0.0188840273187759,0.007742270111928601,0.008259676716202966,0.10397691731134165,0.001297474523273541
MCAR,0.3,S2,extratrees,1007,0.9288964255867779,0.46791237290396753,0.01860152001408916,0.00919945327025926,0.007437477710691903,0.06801220681383102,0.00123395524335497
MCAR,0.3,S2,extratrees,1008,0.9285966718399342,0.4322766506396928,0.01906789326833208,0.007083914125464599,0.0059804803882402766,0.11444204353896852,0.0012259893167769708
MCAR,0.3,S2,extratrees,1009,0.9262415214674252,0.4442918660760123,0.019251427409967558,0.007830458767556201,0.008685977386725819,0.09110351782797432,0.001713395891256912
MCAR,0.3,S2,extratrees,1010,0.9256485555920566,0.4601417210385508,0.0186795080717225,0.007323815042389199,0.00855972036620135,0.08504427400661418,0.0011946419258869149
MCAR,0.3,S2,extratrees,1011,0.9307691581495406,0.44241410312614543,0.01926456954048468,0.009273706943960219,0.003603815723374181,0.09131802848920942,0.0017210733732741328
MCAR,0.3,S2,extratrees,1012,0.9312297485692334,0.4487638240450392,0.01890407164224522,0.00867650070151268,0.010443905428314599,0.0953343347748795,0.001299892586172064
MCAR,0.3,S2,extratrees,1013,0.9264500906749416,0.4604103183110383,0.01876186291425298,0.0082249715464798,0.012133706615798238,0.11494319435422454,0.0014869307505595885
MCAR,0.3,S2,extratrees,1014,0.927424997407406,0.4385241781491551,0.01894881389654114,0.00727132768144236,0.005400277480852138,0.08858578181434952,0.001397578678722642
MCAR,0.3,S2,extratrees,1015,0.9267744216485612,0.4542452405302787,0.018905029235934182,0.008689214337906261,0.017281816416880088,0.10364255054458127,0.0012870208356358175
MCAR,0.3,S2,extratrees,1016,0.933942158833465,0.46747201862905313,0.018739252905231603,0.00823330259181004,0.009957037436496171,0.08883283615902761,0.0014210987169459989
MCAR,0.3,S2,extratrees,1017,0.9318678956965997,0.4536527762384943,0.01899369925049492,0.00952744370914722,0.007179366236188205,0.09866149824565441,0.0014089803455141663
MCAR,0.3,S2,extratrees,1018,0.9312034697443463,0.450551573432627,0.018751675856386603,0.007521602246380999,0.008484152754072728,0.10073279622916088,0.0010482016475162196
MCAR,0.3,S2,extratrees,1019,0.9266050318592252,0.4482222670158066,0.018853133926013323,0.00814227934780406,0.01330707562160439,0.10415516481967563,0.0012385641495258385
MCAR,0.3,S2,extratrees,1020,0.9337956331782895,0.45011794282435885,0.01870753254956206,0.0073117807383606594,0.006055390232222923,0.06734964016335562,0.0015162424659928878
MCAR,0.3,S2,lr_l2,1001,0.860411611347289,0.35444576605892175,0.02044481067491522,0.00570579484016336,0.030111214594221756,0.090754678540047,0.0011051613884708442
MCAR,0.3,S2,lr_l2,1002,0.8422962316453851,0.3335792146122183,0.02035529862928942,0.00603874595824796,0.02987877116504842,0.08632756005753756,0.0012355256463784244
MCAR,0.3,S2,lr_l2,1003,0.8376002178965127,0.3258524324706103,0.02069316532362684,0.006777991957903459,0.04390758628642691,0.08341622896213059,0.0013048825842436043
MCAR,0.3,S2,lr_l2,1004,0.85749815742049,0.34429883602333866,0.02050160059104646,0.0063263181916584,0.026241928849704027,0.086029591769204,0.0009355977066902023
MCAR,0.3,S2,lr_l2,1005,0.8571101175248798,0.33636071075490315,0.020368808320632502,0.00599487147314746,0.0309733029956852,0.09501974727162935,0.0017496282295758154
MCAR,0.3,S2,lr_l2,1006,0.8521243698497495,0.32561539607836637,0.02043650570172362,0.00626172833136244,0.02011001009843442,0.10584410218433934,0.0014612249174670113
MCAR,0.3,S2,lr_l2,1007,0.8655160207204429,0.3411372595464566,0.0204296836037521,0.00521201335673688,0.022410985119520506,0.05510228424235772,0.001749426966441597
MCAR,0.3,S2,lr_l2,1008,0.8463241790443832,0.33570214584048746,0.020466059720674,0.006460112600532119,0.052085351609158344,0.11192563565166408,0.0010494446970750648
MCAR,0.3,S2,lr_l2,1009,0.8595057526204888,0.33959699873172494,0.02055083427821484,0.00603600599056418,0.03581783658157128,0.07799585914327016,0.001564217558045604
MCAR,0.3,S2,lr_l2,1010,0.8490772319368904,0.35810095473467607,0.019930749370795038,0.004814964487629,0.03801597035201894,0.0780347922267111,0.0014071600029098377
MCAR,0.3,S2,lr_l2,1011,0.8640857198955363,0.3333929497441204,0.02066701335758076,0.007482485312081439,0.01870429937169326,0.0762399929855394,0.0015790062909282901
MCAR,0.3,S2,lr_l2,1012,0.8596193722562611,0.3425805421155147,0.02024461940932162,0.00447520251795672,0.033382159316564915,0.09329586971033396,0.0013931351569488135
MCAR,0.3,S2,lr_l2,1013,0.8599661375749241,0.35238244257609724,0.0203429533203633,0.00546914274466728,0.03479647800225345,0.10365205444635489,0.0015337660388118246
MCAR,0.3,S2,lr_l2,1014,0.8551353982551507,0.330212119178829,0.02059163561020812,0.00499552929203782,0.029007711266855727,0.08266154837914694,0.0010340741244651295
MCAR,0.3,S2,lr_l2,1015,0.8598791361443985,0.3527041021916352,0.02014204711688588,0.007058320900902281,0.017503095112917994,0.06708826801805744,0.0019026973427055934
MCAR,0.3,S2,lr_l2,1016,0.8676390949857714,0.3535095830945226,0.02024949744022734,0.006156952742351419,0.033349162560212385,0.05693126368066834,0.0020205333331240914
MCAR,0.3,S2,lr_l2,1017,0.85714270922453,0.33163088324299383,0.0206433468989606,0.00574935047505096,0.03569541844185185,0.09370756439565586,0.0013147400107252668
MCAR,0.3,S2,lr_l2,1018,0.8467126475914485,0.33070171890476574,0.02069855654592574,0.0069148689222148394,0.03047000026425823,0.07915328343976391,0.002185001058252227
MCAR,0.3,S2,lr_l2,1019,0.8564708537635404,0.3588989472480096,0.019996032340089738,0.00547393535567392,0.03021541967237752,0.08921289998540403,0.0009505477885003898
MCAR,0.3,S2,lr_l2,1020,0.8518395462894347,0.3468531046297434,0.020402728793403678,0.00611792641137968,0.03431415830210185,0.0710314181595148,0.0021380360221448817
MCAR,0.3,S2,rf,1001,0.9259667888722939,0.45227458202914156,0.018324569630579598,0.007020200157880541,0.017249927869221627,0.11249568678015524,0.0007761073785831817
MCAR,0.3,S2,rf,1002,0.9313458174482362,0.46654264656321465,0.018263686969271,0.007706597508169,0.006153620641112714,0.09751138984888612,0.0012294798991453301
MCAR,0.3,S2,rf,1003,0.9300929512874829,0.43653202723036644,0.01851628612229998,0.006404717822156859,0.0129596922456743,0.08987560860260876,0.0013029952506114777
MCAR,0.3,S2,rf,1004,0.9265224682503505,0.4542769671610335,0.018616985567264422,0.00655327664444422,0.006117563700474591,0.09092541756885716,0.001199006062703386
MCAR,0.3,S2,rf,1005,0.9276598865093308,0.46196470524567224,0.01838325192633486,0.0055382653807178,0.013891685098832799,0.08400469864409703,0.0014928205040326344
MCAR,0.3,S2,rf,1006,0.9279419848609735,0.4300360215746567,0.018753224535097,0.00606307306236126,0.0127707601002871,0.09162515171204619,0.0012716413096967966
MCAR,0.3,S2,rf,1007,0.9290215155315499,0.4652503804268096,0.01829284659568664,0.006350754561154359,0.005659172404247788,0.06388956951896979,0.001321807857829797
MCAR,0.3,S2,rf,1008,0.9254675159976907,0.4242108089688147,0.01878911412643744,0.00627651315656058,0.009370682562971692,0.11820845692036624,0.0009750093971502661
MCAR,0.3,S2,rf,1009,0.9261791495622758,0.4458633120513345,0.01862565683808848,0.0051996106106579,0.009939373517639495,0.09272602517296047,0.0010445338448568436
MCAR,0.3,S2,rf,1010,0.922005575581166,0.45735929505659384,0.01840285298111256,0.00590242485716404,0.008768378492004014,0.08273421832195899,0.0012678052379936427
MCAR,0.3,S2,rf,1011,0.9329618317207282,0.4463205276748525,0.018515280360605,0.0058130667164191,0.005037717988944072,0.08173256286615979,0.0012607315066028857
MCAR,0.3,S2,rf,1012,0.9325030337506197,0.46526872962792887,0.01835029248327064,0.00660549039867592,0.00663001284549433,0.07367038730179253,0.0012840731828439574
MCAR,0.3,S2,rf,1013,0.9266129632365013,0.45463933047978067,0.018440233751670677,0.007029951663904401,0.010597636774153877,0.11371405122801656,0.0008816958868591945
MCAR,0.3,S2,rf,1014,0.9313818894693766,0.44954729478869765,0.01844911804671302,0.0058128335889133,0.006458914794125253,0.0825645029438389,0.0011158286340029562
MCAR,0.3,S2,rf,1015,0.9262720052078567,0.4477026460683325,0.01855651399275762,0.005999748186120581,0.016678563586554396,0.09161643370529642,0.0010665965870443877
MCAR,0.3,S2,rf,1016,0.9402242996253797,0.4745899086168671,0.01822236969809924,0.0063186645338838,0.008154196328439067,0.07381914749102958,0.0012481149212502645
MCAR,0.3,S2,rf,1017,0.933120735484521,0.45374837213826436,0.018431319107581702,0.0054621816202604,0.010385417804173585,0.09290780305084839,0.0011632007250118649
MCAR,0.3,S2,rf,1018,0.9303300777822147,0.45000721333111393,0.01849583426419604,0.0052644462407048205,0.009187005335696205,0.07981122900011328,0.0012138425212827781
MCAR,0.3,S2,rf,1019,0.9260430130021737,0.4594074338864419,0.01829808488803014,0.0068630735410856,0.011157263045230749,0.10606853476299553,0.0010533056334829083
MCAR,0.3,S2,rf,1020,0.9327678290181506,0.43837302795597727,0.01862828646149256,0.00513854108409868,0.008315542073681292,0.06508737559013472,0.0014828608261229423
MCAR,0.3,S2,svm_linear_cal,1001,0.8429696599180663,0.35405377562053275,0.020857835833031402,0.00571195939725398,0.038829534810791516,0.09360620590106487,0.001532085831349747
MCAR,0.3,S2,svm_linear_cal,1002,0.8315344423066164,0.34482558857042916,0.0204811509107633,0.00782101525289952,0.03240972140108356,0.08851815020772245,0.0012553064930592554
MCAR,0.3,S2,svm_linear_cal,1003,0.823864342087773,0.3380995557455617,0.020746204845352202,0.00751552282836738,0.054683922556613286,0.08425395227798584,0.0017197163856204675
MCAR,0.3,S2,svm_linear_cal,1004,0.8409954500659327,0.3496352981339222,0.02059079956839108,0.00662301603425836,0.035725537903628236,0.08195935189638373,0.0013580551113516388
MCAR,0.3,S2,svm_linear_cal,1005,0.8433038057881032,0.34704547892584037,0.020498253717272243,0.006427319429805919,0.033915286745371455,0.09735358146671443,0.0015785815951661981
MCAR,0.3,S2,svm_linear_cal,1006,0.8369305114398535,0.34226035185878173,0.02072517384417188,0.00622698088805168,0.02736112793570242,0.10739790198890875,0.0015775690975235114
MCAR,0.3,S2,svm_linear_cal,1007,0.8566569713318704,0.3587816101447538,0.0203058856852536,0.00596187772114936,0.025360871729356815,0.05392271512444848,0.0018894793874553238
MCAR,0.3,S2,svm_linear_cal,1008,0.8335656290783049,0.3486340750479081,0.02050969895683752,0.006911459334756639,0.058074009482471906,0.1101465867955034,0.0013927780949430685
MCAR,0.3,S2,svm_linear_cal,1009,0.843774904471051,0.34327766101169227,0.02073638419043728,0.0062967042438766,0.042276381330456865,0.08731047169160762,0.0015867487972313933
MCAR,0.3,S2,svm_linear_cal,1010,0.8342462812906322,0.3681836105279199,0.020087530781023922,0.00548134522995118,0.04467079803195961,0.07496078528939061,0.0016012765098093954
MCAR,0.3,S2,svm_linear_cal,1011,0.8542290150269201,0.3401000841951993,0.0207145997289815,0.00800532392807388,0.025965090501360387,0.07195829763942937,0.0019305824872680249
MCAR,0.3,S2,svm_linear_cal,1012,0.8488738145442364,0.3451132338208759,0.02036107327365324,0.00621141354692706,0.037327722570424104,0.08855109318218606,0.0012866466281157276
MCAR,0.3,S2,svm_linear_cal,1013,0.8493153196949315,0.36561923214276154,0.02052341807495362,0.00541397353842078,0.04374206349442272,0.0997957474967209,0.0017611079998063376
MCAR,0.3,S2,svm_linear_cal,1014,0.840924063616385,0.3316684603644272,0.02060332944039106,0.007096840655080721,0.036690466097672084,0.08511341174612512,0.0013775376325438928
MCAR,0.3,S2,svm_linear_cal,1015,0.8470678581934434,0.3604605178490544,0.02021983755711558,0.00815795421303266,0.02276683250559684,0.07250053198362004,0.0019581067638943755
MCAR,0.3,S2,svm_linear_cal,1016,0.8545697079106981,0.36630574189625004,0.02023352350587832,0.00752586941464146,0.03605289572788671,0.06253849249800572,0.0019209272777693796
MCAR,0.3,S2,svm_linear_cal,1017,0.8379111277002682,0.34650936140159705,0.020654877469278982,0.00707917362614278,0.042613606017321316,0.09563074952546316,0.001530442482445968
MCAR,0.3,S2,svm_linear_cal,1018,0.8278040112829338,0.34291747928558725,0.020709208367026923,0.00782660362193284,0.04191410768834456,0.08767701352820438,0.002084878762131106
MCAR,0.3,S2,svm_linear_cal,1019,0.8400206456996478,0.3638181406057502,0.0201885008444709,0.0068268911213604806,0.03800817944281752,0.09342500628428123,0.001241322726541096
MCAR,0.3,S2,svm_linear_cal,1020,0.8379295812288241,0.3549594537055976,0.02045795042607532,0.00684055932040298,0.03963455152442149,0.06985934306066315,0.0022278761562838836
MCAR,0.3,S2,xgb,1001,0.9329832805878324,0.465666227385569,0.01793884858489032,0.0070514857038990394,0.019037572763943907,0.09053542760828402,0.0007760858390047467
MCAR,0.3,S2,xgb,1002,0.9331960627935902,0.4602550290630426,0.01795923747122284,0.006818157398200719,0.006803808903143741,0.09471369243489126,0.0009980757154246578
MCAR,0.3,S2,xgb,1003,0.9307590585515074,0.4287252124878598,0.018765017390251097,0.008115711944121359,0.009633749224824491,0.07791908479512162,0.0008443043532835648
MCAR,0.3,S2,xgb,1004,0.9334588598035272,0.46488948922340906,0.01798441484570498,0.006555028308754519,0.004327087851568698,0.09282010749438854,0.0011371532141619082
MCAR,0.3,S2,xgb,1005,0.931606865952743,0.45716792141141305,0.01808710582554334,0.00597036240728496,0.011383060128397144,0.09391301201394495,0.001531897604800528
MCAR,0.3,S2,xgb,1006,0.9376249469609258,0.42910427729918144,0.01853718273341648,0.00543695171568738,0.0081210676319451,0.07733025656892334,0.0013469503923540208
MCAR,0.3,S2,xgb,1007,0.9432089393486383,0.4609603053286615,0.01815987378358838,0.00625024799386278,0.005761931549016441,0.06696757334408103,0.0015479125834605705
MCAR,0.3,S2,xgb,1008,0.931297232333093,0.41881550665981016,0.018811112269759157,0.0071661588847013406,0.012649626253042511,0.11662867449983576,0.0008796682844069448
MCAR,0.3,S2,xgb,1009,0.9303895791154814,0.4387245478837139,0.01851729229092592,0.00785309091658202,0.006730284072532532,0.08413158551181266,0.0012305094005132483
MCAR,0.3,S2,xgb,1010,0.9316403126942372,0.47098890398089877,0.01783496886491772,0.005074345359042181,0.01704407711440944,0.08229807182048263,0.0009585374508153655
MCAR,0.3,S2,xgb,1011,0.9411316410229065,0.4616339573794776,0.017970325611531678,0.00533034303381568,0.006585746464512614,0.06065007967154513,0.0015805895096728142
MCAR,0.3,S2,xgb,1012,0.9376860431842132,0.4608529601974968,0.01808826029300688,0.00738814500975656,0.007836451827122866,0.06554333839000043,0.0012848927025400263
MCAR,0.3,S2,xgb,1013,0.9284613369167072,0.462949969303249,0.01791827194392674,0.006370759125313941,0.009747879473627777,0.1186038367207701,0.0015949165728852176
MCAR,0.3,S2,xgb,1014,0.9321050809980214,0.42968339660005006,0.01856798082590096,0.0066132605030636196,0.011322398426595026,0.07538822310015152,0.0012599919507131287
MCAR,0.3,S2,xgb,1015,0.9356570440959615,0.4568050056885215,0.01816011331975454,0.00593821564139736,0.012064707217075296,0.06664227999673307,0.0013239257758055007
MCAR,0.3,S2,xgb,1016,0.9471124680927933,0.45686877914011337,0.018327222764491998,0.0067918609122884,0.007296418073099986,0.06039209017625518,0.0012907920627284399
MCAR,0.3,S2,xgb,1017,0.9439348306518903,0.4679024914019272,0.01786869950592512,0.0069795055534077,0.0056750441772729305,0.10716079342396673,0.0004518619958616152
MCAR,0.3,S2,xgb,1018,0.9373473107847957,0.45849769548343094,0.018159251287579482,0.00647039614425184,0.007734875458393356,0.06703581466208476,0.001216198496181305
MCAR,0.3,S2,xgb,1019,0.9316281571694718,0.45689013233852477,0.01808532550930972,0.006366135982040699,0.016793989651336983,0.08369645434355241,0.000971516169736506
MCAR,0.3,S2,xgb,1020,0.9400059658028755,0.4459538301164791,0.01844363100826734,0.0077810143703856,0.012176781258624984,0.0658723495651533,0.001541254355486258
MCAR,0.4,S1,extratrees,1001,0.9216231366074178,0.44459581779497387,0.019023367479229458,0.00588290790711288,0.006276670950345526,0.05579574861692304,0.0008100269119278067
MCAR,0.4,S1,extratrees,1002,0.9191844813537557,0.44844366746492054,0.0194083393606519,0.00729210938268982,0.02319391438069333,0.06899752143428635,0.0004570245077088334
MCAR,0.4,S1,extratrees,1003,0.921300239785179,0.43444470764772747,0.01973406014662674,0.00935925444766352,0.016296773145297077,0.05465238487975519,0.0007851885950806309
MCAR,0.4,S1,extratrees,1004,0.915234327474373,0.43446709744707795,0.01929818362727958,0.0070054435878199595,0.023800814309786606,0.07448073853999217,0.0010531210204091208
MCAR,0.4,S1,extratrees,1005,0.9173764231346094,0.44561440190884244,0.01914059275641336,0.007999379219394559,0.027468392596447216,0.04792942692008089,0.0006232999793284426
MCAR,0.4,S1,extratrees,1006,0.9229849072107992,0.43063289058236254,0.01960351623925062,0.007645588832214339,0.012445599880368793,0.05113789877531548,0.0007129316600535508
MCAR,0.4,S1,extratrees,1007,0.9234249335175437,0.44748176443344045,0.0194947806233536,0.00859525770406412,0.00576340664273002,0.01959780983924766,0.0006517489246982732
MCAR,0.4,S1,extratrees,1008,0.922344892151213,0.42755684049560294,0.01956309200878396,0.00737106852023134,0.009971531094436131,0.04429734780475823,0.0007104334085920981
MCAR,0.4,S1,extratrees,1009,0.9221735958190772,0.4287565031426911,0.0193889939424052,0.00659843521041714,0.012301228020094672,0.040483580712255135,0.0006807050114688272
MCAR,0.4,S1,extratrees,1010,0.9245422892801048,0.46254356640810634,0.01925447010584656,0.00931631536311146,0.018922285906509642,0.051969440895596214,0.0012474083330961054
MCAR,0.4,S1,extratrees,1011,0.9175575677500521,0.4217040588960025,0.0195660432421529,0.00755021797939186,0.01460185006977122,0.010665801829358869,0.000409835153672821
MCAR,0.4,S1,extratrees,1012,0.9259680263038856,0.4375115398064442,0.0194927639840369,0.0073844979311626004,0.018761673491634066,0.059817253630493894,0.0005478047006173409
MCAR,0.4,S1,extratrees,1013,0.911159174546035,0.4012076388608321,0.02017467040143518,0.007646417773819381,0.020065093743001496,0.061549339066789034,0.0009134004286576623
MCAR,0.4,S1,extratrees,1014,0.9233392231115317,0.44747379559878164,0.019245737166878017,0.0078417158945601,0.014773747751684968,0.05920306922532217,0.0011629122317208037
MCAR,0.4,S1,extratrees,1015,0.9203918063883094,0.43479092982821504,0.01946104751496744,0.00870280636109738,0.016553119621546444,0.05509878347697114,0.0008741356746612616
MCAR,0.4,S1,extratrees,1016,0.9186553322673443,0.4421689957270353,0.01966253387404216,0.008713397438107,0.011127368612389233,0.06783109183001164,0.0007690224015580355
MCAR,0.4,S1,extratrees,1017,0.9185204895890218,0.44671968631260495,0.019275484896753202,0.0071340040719597405,0.010990957141425799,0.039482590303889106,0.0007425181785944728
MCAR,0.4,S1,extratrees,1018,0.9105891585962999,0.4196926170406202,0.0199224429193517,0.00786797745693462,0.006304381928252733,0.052372031484013745,0.0008065719298839158
MCAR,0.4,S1,extratrees,1019,0.9208446722406398,0.42966896162193197,0.01920659051956258,0.0065829708661427596,0.007532783552554827,0.05152970446070461,0.0006910744475884131
MCAR,0.4,S1,extratrees,1020,0.9190675034624892,0.4430587295956892,0.01937865146619476,0.0090640216577579,0.018861861193369817,0.07575543664803905,0.0011405485603426353
MCAR,0.4,S1,lr_l2,1001,0.8452214485183365,0.34862132050275463,0.020084046204729738,0.00492261786565328,0.0197383536861187,0.061563892444922476,0.0010903174293593787
MCAR,0.4,S1,lr_l2,1002,0.8406103059349617,0.34549873669127446,0.02034492142112638,0.00600691379992622,0.031539296799907995,0.10146007818018603,0.0015577610599355482
MCAR,0.4,S1,lr_l2,1003,0.8452925866798043,0.3383053239612344,0.02018346194009044,0.00392119083844908,0.02268826774475004,0.0657378795111123,0.0014051300302892512
MCAR,0.4,S1,lr_l2,1004,0.8481019521271008,0.3476527297063653,0.02011213169143216,0.00530168521287686,0.03512197652802162,0.07079879586116414,0.0012613571724590016
MCAR,0.4,S1,lr_l2,1005,0.8387519976878149,0.3327504833339658,0.02028435324941248,0.00380658554452602,0.02309967046575174,0.04231040292796973,0.0008143091301353695
MCAR,0.4,S1,lr_l2,1006,0.8602223503541021,0.3298950253236347,0.020535766967824602,0.00488746435869176,0.022793101822506837,0.0684158280670438,0.0012157378564127768
MCAR,0.4,S1,lr_l2,1007,0.8415538712721086,0.36641542241332725,0.01982229879809168,0.00459552710240658,0.027707422779954863,0.02639421125272311,0.00073075533138563
MCAR,0.4,S1,lr_l2,1008,0.8551267547033644,0.3517896484476982,0.02022619187733338,0.00468086094008606,0.02654281807895836,0.03924480056167728,0.000668340284379583
MCAR,0.4,S1,lr_l2,1009,0.833235514476107,0.3201639501003218,0.02061889623452568,0.0037785802899486403,0.020739290360105307,0.05412305187908771,0.0009437006770656197
MCAR,0.4,S1,lr_l2,1010,0.8406399425417603,0.3143308175299435,0.020707949607010258,0.0058585401212981805,0.03745717270896602,0.01801031331403264,0.0003665397362134247
MCAR,0.4,S1,lr_l2,1011,0.8374917905239865,0.32298110345325504,0.020695033439793738,0.00506514298877384,0.024979110130431362,0.017890699270000827,0.00030588188624640697
MCAR,0.4,S1,lr_l2,1012,0.8491449373207054,0.3086541053376243,0.0210106308018449,0.00537424773232296,0.014775196304006297,0.07814592354793333,0.0014268446116815939
MCAR,0.4,S1,lr_l2,1013,0.8325353937581184,0.32133339027095675,0.02056897007139542,0.005138217286921499,0.02619821425143721,0.06809175503212633,0.0011760639075868804
MCAR,0.4,S1,lr_l2,1014,0.8394220567738528,0.32811403960624336,0.02043085089588522,0.0038043274497882597,0.013817170854010175,0.06000019370424222,0.001279461293838417
MCAR,0.4,S1,lr_l2,1015,0.8535765558671369,0.31203178543004495,0.02073074182512582,0.00433284165232264,0.010086275123824586,0.050761948854709485,0.000976698010022067
MCAR,0.4,S1,lr_l2,1016,0.8305916825142645,0.31263843537263897,0.02070505463963478,0.00560073633390922,0.02416834117602496,0.05191226850050692,0.000882292993785264
MCAR,0.4,S1,lr_l2,1017,0.8417652490659856,0.3199439085857276,0.020605290076405918,0.00462000528971194,0.01657796499204629,0.03367352492417204,0.0007519113417191633
MCAR,0.4,S1,lr_l2,1018,0.8351668413254725,0.3434851287975767,0.0201784196331261,0.00496591837928278,0.0292779412279502,0.05613797286363222,0.001059573648243517
MCAR,0.4,S1,lr_l2,1019,0.8521716646005254,0.34021048021118766,0.020380790783204362,0.0049069375341572,0.014860588325603883,0.048386787150367025,0.0012444326976851878
MCAR,0.4,S1,lr_l2,1020,0.8390134214453667,0.34228588378797925,0.02029737463142208,0.00481831231001874,0.03209367772330872,0.07909885727930731,0.001525286905273632
MCAR,0.4,S1,rf,1001,0.9252598305728867,0.43836070141185673,0.0190664958927987,0.006819679532667561,0.007871176328521991,0.03739553349403084,0.0006582880969633961
MCAR,0.4,S1,rf,1002,0.9176787201156955,0.43733854892994717,0.01894065976900036,0.00687177646225708,0.02198048730835481,0.07490229769676977,0.0008614447622822826
MCAR,0.4,S1,rf,1003,0.9244426859618322,0.440167343520646,0.01892312535352922,0.006509227212340681,0.018699859327259934,0.05621455868729188,0.0008007931198462701
MCAR,0.4,S1,rf,1004,0.91509309694767,0.4317747623515059,0.019029061875312718,0.0056731742118556,0.021110815367180097,0.0822975546809225,0.0011943668239450679
MCAR,0.4,S1,rf,1005,0.9172104139448913,0.4284010824275657,0.018975248008346622,0.00605214124874022,0.026806155235216483,0.054680366155884993,0.0006752876286681387
MCAR,0.4,S1,rf,1006,0.9203073483827848,0.42073486553465944,0.01934259154384478,0.005695966984579739,0.009087523808204538,0.03030550203268776,0.00046606892913943237
MCAR,0.4,S1,rf,1007,0.9229981919841,0.44853572262000274,0.01880716979350136,0.00655045645377046,0.0057617041918147805,0.02136604097142869,0.0003695384861364016
MCAR,0.4,S1,rf,1008,0.917974504228324,0.41862830592017264,0.01918912783614066,0.00652999780887218,0.011318539912643932,0.05459133344149393,0.0007942332522680771
MCAR,0.4,S1,rf,1009,0.9194342797815729,0.4273863177770335,0.0189654438149609,0.00635973070846696,0.01284683076513864,0.049183323203883925,0.0007313407736640051
MCAR,0.4,S1,rf,1010,0.9191053146978929,0.4480746263209826,0.01875016721648894,0.00648594607128518,0.0243142151687076,0.07185970398613856,0.001304327510283996
MCAR,0.4,S1,rf,1011,0.9159458288552674,0.412711871561893,0.019122846124126618,0.00485322394036864,0.0118651801066438,0.02317943628326537,0.00033424905300632443
MCAR,0.4,S1,rf,1012,0.9254815088405148,0.43436233120958273,0.01898258271211162,0.005188460300269961,0.022858247116268753,0.0539825078724153,0.0008133531703819744
MCAR,0.4,S1,rf,1013,0.9107143860830289,0.3964561862762723,0.01951040780460172,0.00584420619209774,0.020431487386953977,0.06022391292658611,0.0009744492502669399
MCAR,0.4,S1,rf,1014,0.9232360948420617,0.43082161582208445,0.01903951093872412,0.0057433900207723,0.014346701625896822,0.056423298857210036,0.0009796974616591925
MCAR,0.4,S1,rf,1015,0.9181641029112942,0.418331149368786,0.0190299236954915,0.00585343345220136,0.021469716091747876,0.054704617108498776,0.0007643667348587915
MCAR,0.4,S1,rf,1016,0.9133361270239473,0.42840680230939265,0.01918761454490528,0.006002633176531399,0.02092390965384101,0.07049953376322154,0.001025321404614338
MCAR,0.4,S1,rf,1017,0.9232024912922927,0.43889700033871026,0.01894787842085634,0.0049840080575499195,0.011576166657619237,0.046306666356807004,0.0004389427379406396
MCAR,0.4,S1,rf,1018,0.916595037252311,0.42654630219987205,0.019033132196489538,0.00450862705688454,0.010280681792947714,0.04446730367447969,0.000746169475165948
MCAR,0.4,S1,rf,1019,0.9195478002427162,0.42420635209532165,0.01920952593092336,0.005388155225493541,0.011078618646005406,0.07039459689059459,0.0010469018502523508
MCAR,0.4,S1,rf,1020,0.9135522206268769,0.4432270047127701,0.01885497740365296,0.00618010000445806,0.02105335671184664,0.08006316392673776,0.0013320626846144731
MCAR,0.4,S1,svm_linear_cal,1001,0.8257776793209933,0.3508820480768402,0.020311608132455382,0.007339441978528099,0.02416680000483123,0.07063251183475493,0.0012146137497264424
MCAR,0.4,S1,svm_linear_cal,1002,0.8346610756215005,0.3414570852681886,0.02086464044464604,0.0056537557908357,0.04258658802805594,0.09196710233507241,0.0011973829645905798
MCAR,0.4,S1,svm_linear_cal,1003,0.8283662393376071,0.33677736188161755,0.020480180742581462,0.00484924451311528,0.029861963597727626,0.0564947091882791,0.00110362714653649
MCAR,0.4,S1,svm_linear_cal,1004,0.8316223006825467,0.34198496460972316,0.02054345414433582,0.0067204001230934205,0.04048680017169849,0.07514768233091636,0.0010200001362840813
MCAR,0.4,S1,svm_linear_cal,1005,0.8247160049490239,0.34400097930273793,0.02055455572675228,0.00633958879284764,0.032562748268314484,0.03890629830024458,0.0004551726977650265
MCAR,0.4,S1,svm_linear_cal,1006,0.8492351913711845,0.3258075244595951,0.02077125885812298,0.00576213120277624,0.023762908782281142,0.058254626452544235,0.000959141411486492
MCAR,0.4,S1,svm_linear_cal,1007,0.8287176499908296,0.36870868944580953,0.0201672945014141,0.006842762253740781,0.030900317640801978,0.03945336595548234,0.0010859700714752508
MCAR,0.4,S1,svm_linear_cal,1008,0.8354598022682103,0.3497469653509689,0.0206985152640062,0.00592079330492908,0.033396625055603014,0.04019222972030736,0.00065897989968547
MCAR,0.4,S1,svm_linear_cal,1009,0.8153552909113811,0.3308386264875641,0.0206502496206925,0.00531592229030152,0.02763059693040021,0.0483641632869078,0.0007579591991928499
MCAR,0.4,S1,svm_linear_cal,1010,0.8325017614640421,0.32287425187308255,0.02071532674285024,0.005316084406600021,0.04269403248571349,0.027491515193561425,0.00043784631990725887
MCAR,0.4,S1,svm_linear_cal,1011,0.8200273019083403,0.32599789510676125,0.02081369618426664,0.00580528877122336,0.028806600526440882,0.01799160825819536,0.0003362762885615111
MCAR,0.4,S1,svm_linear_cal,1012,0.8368404066051515,0.31661987553380744,0.02109600021764424,0.00563763665604734,0.025419042576431138,0.057845093242701075,0.0007161665887721198
MCAR,0.4,S1,svm_linear_cal,1013,0.8158561024866969,0.3301986235877995,0.02058178444562524,0.005055530806939721,0.042659038593169184,0.06768616152354771,0.0010484588226577457
MCAR,0.4,S1,svm_linear_cal,1014,0.8205492140907433,0.3411860321026673,0.02040794250518364,0.00385423992555232,0.013588432419846147,0.051915594943296686,0.0012337390305777038
MCAR,0.4,S1,svm_linear_cal,1015,0.8424063316046941,0.32144095321241095,0.0208912547584882,0.00530913076957892,0.017988278530659513,0.04097112190942597,0.0010358401949497422
MCAR,0.4,S1,svm_linear_cal,1016,0.8183755088703333,0.32098410698219476,0.020813627874899522,0.005017808479720979,0.02157521875188926,0.04342117928736288,0.0007368070584569962
MCAR,0.4,S1,svm_linear_cal,1017,0.8273515886892507,0.33869385555674886,0.02069835136610784,0.0065775795199825,0.014774646866668194,0.029085565379810014,0.0003869600014447612
MCAR,0.4,S1,svm_linear_cal,1018,0.8220336065021115,0.3475939433531942,0.02035888615822706,0.00507198274954228,0.030091585169040216,0.05770055483168662,0.0010681074833574342
MCAR,0.4,S1,svm_linear_cal,1019,0.836871678365174,0.34531052485663966,0.02061047703393866,0.0066669635636596196,0.016598896863908242,0.05244829737444206,0.0012804394772159776
MCAR,0.4,S1,svm_linear_cal,1020,0.820109952845374,0.3396686912231529,0.020678948429669643,0.0064255360529331005,0.027884194754882918,0.07056933230281195,0.001215154685409519
MCAR,0.4,S1,xgb,1001,0.9271921496566312,0.4346982134388681,0.0186821594834327,0.00685119052537108,0.01010837445237893,0.046462247124977596,0.0007973522569267081
MCAR,0.4,S1,xgb,1002,0.9247023968412202,0.43443678096212085,0.01871913932263844,0.00603117222923708,0.02224056168566515,0.07682149089154296,0.0013305243871249675
MCAR,0.4,S1,xgb,1003,0.9262785302366388,0.44817647733040633,0.01833141706883902,0.0053934969203545,0.01588788670252957,0.033163703236760836,0.0006582006489553012
MCAR,0.4,S1,xgb,1004,0.9245227942404851,0.4062309068428084,0.01921430528163906,0.00556241188910796,0.012239346298080829,0.056715974917062775,0.0011866277674249537
MCAR,0.4,S1,xgb,1005,0.924906448488169,0.4382845876518647,0.01848426088690752,0.00581048932591924,0.02665489302352909,0.08381949277827264,0.0014125792646112652
MCAR,0.4,S1,xgb,1006,0.9284350232083638,0.4256050348482622,0.01877573281526562,0.006584320279611459,0.007202822862695067,0.021051050762843516,0.00041704358964020474
MCAR,0.4,S1,xgb,1007,0.930569960268677,0.4371590804445923,0.01857755221426482,0.005988472386691019,0.0035984080573561784,0.02337292264472761,0.0007866130180592155
MCAR,0.4,S1,xgb,1008,0.9165783915791691,0.41427417575048225,0.01898857206106182,0.00736029423880438,0.025921540411869073,0.05212798934662192,0.0008457930512682564
MCAR,0.4,S1,xgb,1009,0.9219905571932226,0.4289079880583676,0.0187097959220409,0.00622546638620112,0.0059466433664235,0.0862509785826596,0.0016196071880985614
MCAR,0.4,S1,xgb,1010,0.929373661758747,0.4329285974519079,0.018527662754058823,0.00575819461678982,0.029024760697784303,0.061260997288033484,0.0011486315320519342
MCAR,0.4,S1,xgb,1011,0.9191400380835999,0.41576994944465506,0.01885773502290246,0.00615370897752846,0.01669471608512116,0.0470885731387586,0.0009074676638145576
MCAR,0.4,S1,xgb,1012,0.9304299421528656,0.428117105383275,0.018707685172557782,0.00555549118379304,0.018221501725812547,0.05508745162941498,0.0010417020248999766
MCAR,0.4,S1,xgb,1013,0.9209139374772606,0.3982149156283957,0.01923180148005478,0.00554252742910596,0.015340653789756869,0.058988673479053,0.00088028140158835
MCAR,0.4,S1,xgb,1014,0.9177274633140154,0.4069694504866808,0.01923276707530016,0.006626999902316561,0.00981795184326314,0.06346408094533756,0.001380850660547749
MCAR,0.4,S1,xgb,1015,0.9277144765070936,0.43837965477956126,0.01850321143865582,0.006728812625985919,0.011128883570633595,0.051865307277143766,0.000975175743043879
MCAR,0.4,S1,xgb,1016,0.9245593682188833,0.42315024229970755,0.0187880795449018,0.0065782014616265205,0.018790520597411587,0.06348804198956297,0.0010986518179789686
MCAR,0.4,S1,xgb,1017,0.9274498953738375,0.44206806543833244,0.0185005903244018,0.00590670173588222,0.013568699757733803,0.03512590102035502,0.0005311518287526276
MCAR,0.4,S1,xgb,1018,0.9243092777278145,0.41033263456258273,0.01906589716672892,0.0054649661875239,0.01082935337641817,0.04191382174926011,0.000861635349961604
MCAR,0.4,S1,xgb,1019,0.9212376469910335,0.40677208725644476,0.01909120120108122,0.006746050502616401,0.004466185379150995,0.03406181628177503,0.0007220068299546616
MCAR,0.4,S1,xgb,1020,0.9272998923795261,0.4370462458814587,0.018525680154561942,0.00592209775273144,0.01593522911932404,0.07670688427633969,0.0014958523771761198
MCAR,0.4,S2,extratrees,1001,0.9185896458400018,0.4127494887538442,0.01937292470249208,0.0071253631238805595,0.012406377256838425,0.1195650406707983,0.0011701499992042706
MCAR,0.4,S2,extratrees,1002,0.9119937676497099,0.4060332010432418,0.01961489792212916,0.007879600942346379,0.015130058765248337,0.10790983949855536,0.0013126469136410133
MCAR,0.4,S2,extratrees,1003,0.9108373857108141,0.403056404848796,0.02021753488899756,0.00995067113749816,0.014334790871331557,0.09837813006075985,0.0014720697486125096
MCAR,0.4,S2,extratrees,1004,0.9192146068233376,0.4261384980369615,0.01961520152443816,0.00821287159761766,0.0159827543831092,0.09907472189816055,0.0016562644731845052
MCAR,0.4,S2,extratrees,1005,0.9131193434579663,0.40346785279258307,0.0201406684568643,0.00850802529006964,0.008094465317186083,0.0978636952351648,0.0019612936890443574
MCAR,0.4,S2,extratrees,1006,0.9283491430516839,0.4314022011636444,0.01948050468234398,0.010266761895306639,0.005488095114847406,0.06685536047402538,0.0017003122120202608
MCAR,0.4,S2,extratrees,1007,0.9120655871448682,0.4178696541316307,0.01978348698144578,0.0085979510681484,0.0069803399962517386,0.085038737710518,0.0018976926917362124
MCAR,0.4,S2,extratrees,1008,0.9227729928828647,0.41984181707890383,0.01993879451017344,0.00899347167688056,0.01581172791069741,0.08987994888796501,0.001733286940687069
MCAR,0.4,S2,extratrees,1009,0.9177217437564448,0.4021961532650325,0.0197482151839386,0.00781272077918484,0.008038286335338327,0.08382826854024263,0.0013550283530769818
MCAR,0.4,S2,extratrees,1010,0.9100771055817652,0.4012730949887042,0.01969708461340736,0.007363394374260179,0.018844406707746633,0.13162295787976547,0.0011963421251992338
MCAR,0.4,S2,extratrees,1011,0.9271190068303188,0.42169520417767214,0.01959362610156246,0.00885706012265238,0.015043562660567403,0.10595500405417405,0.0013385240795870245
MCAR,0.4,S2,extratrees,1012,0.9177685242470834,0.4004707690667975,0.019995446399927917,0.007464281384893939,0.009294236490110495,0.10107688168742748,0.0014655257029472044
MCAR,0.4,S2,extratrees,1013,0.9188216085443075,0.4095388176584819,0.01973135975552576,0.00713984118031676,0.01205447929325845,0.07677978159339345,0.0017984650946526479
MCAR,0.4,S2,extratrees,1014,0.9220482734460212,0.4188712801880753,0.01950938805573584,0.0072336061208355396,0.010212920592234704,0.0772697273659059,0.0016705807647801288
MCAR,0.4,S2,extratrees,1015,0.9256076998179488,0.4274629563917096,0.01952124353381276,0.0093958090911631,0.011539930443996115,0.08053474501013767,0.0016852923100296295
MCAR,0.4,S2,extratrees,1016,0.9181480101532248,0.4058975749563764,0.01960054709459594,0.00838207948531146,0.009824373902325323,0.1119751658792054,0.0008839093777289118
MCAR,0.4,S2,extratrees,1017,0.9178781192467568,0.4233712583011619,0.019174947092088078,0.005914001066307339,0.009753067800463595,0.08293969435923139,0.0012788106357408905
MCAR,0.4,S2,extratrees,1018,0.9250853343744799,0.4391667784696053,0.01934155518051554,0.00728876221052904,0.00920972594603703,0.09563976351362691,0.001410840105116315
MCAR,0.4,S2,extratrees,1019,0.917152485359523,0.4102961495256013,0.019496559111436003,0.0066539197220342,0.01134537084887378,0.1123484002226716,0.0010261319773509094
MCAR,0.4,S2,extratrees,1020,0.9235733591707416,0.423791201905008,0.01965609732820084,0.0077263046737340605,0.0026333015051789805,0.08106680210947065,0.0016507513392652988
MCAR,0.4,S2,lr_l2,1001,0.84430801453508,0.3063101998131268,0.02109745250009038,0.00485054120186682,0.03032541361433576,0.1083658784650742,0.0012670665095409197
MCAR,0.4,S2,lr_l2,1002,0.8315927963175269,0.28931604958977497,0.0212481004601152,0.007768658793174879,0.024436225587827636,0.05906813321064515,0.0013335250529528141
MCAR,0.4,S2,lr_l2,1003,0.8470382564545457,0.31331550050887935,0.0209252621192842,0.006512729538475599,0.030109225789298755,0.09626390818329343,0.0010256198332402522
MCAR,0.4,S2,lr_l2,1004,0.8442797225562234,0.3247092747698332,0.020577915169949938,0.00642653135979906,0.021345946040893165,0.09812113968945026,0.0010008610822466602
MCAR,0.4,S2,lr_l2,1005,0.8309362660417682,0.3131100591180451,0.02092723932762766,0.006185000492771,0.032494988592863365,0.06772663530229271,0.001951067754101846
MCAR,0.4,S2,lr_l2,1006,0.8503541206250602,0.3434143930244225,0.020286314024014478,0.00597716568030132,0.029920338477490396,0.08018842171700187,0.001961337435923477
MCAR,0.4,S2,lr_l2,1007,0.850307748822291,0.31565262601361405,0.0210226034491257,0.00551492530504602,0.02852684337889914,0.07470463650244633,0.002284657519916573
MCAR,0.4,S2,lr_l2,1008,0.8470892141987045,0.2865569534330613,0.021278367257745002,0.00774606420003008,0.04411531305247481,0.08156399638480691,0.0016146744789817906
MCAR,0.4,S2,lr_l2,1009,0.8349021702628452,0.32660753028577805,0.02048450363146102,0.00494627170376252,0.020092671537195475,0.05815335079799785,0.0015540565444212217
MCAR,0.4,S2,lr_l2,1010,0.8309082295590029,0.31080277502158893,0.020802895926707442,0.00532188120361198,0.029897411428149657,0.12380724432888023,0.0007760660035147864
MCAR,0.4,S2,lr_l2,1011,0.857061124849308,0.3137168293332099,0.02101490193708134,0.006981047272185239,0.040236199323413165,0.08235447820608996,0.0011029995561157783
MCAR,0.4,S2,lr_l2,1012,0.8278163889571436,0.2968790473077921,0.02102712472749796,0.00437033279398826,0.03623754434033874,0.07215611814518437,0.001716384949649408
MCAR,0.4,S2,lr_l2,1013,0.8215645327281027,0.2946554038523842,0.02130035724663676,0.00618602891379378,0.04143985663933794,0.08085273873127578,0.001375901307384944
MCAR,0.4,S2,lr_l2,1014,0.8403544435599605,0.31406689202102284,0.02086404735217142,0.00582552293195448,0.025175304563131263,0.0800334381681482,0.0016815351731776927
MCAR,0.4,S2,lr_l2,1015,0.8406601429039483,0.34611440627938617,0.020138190532372622,0.0052290986382409,0.040503523443039785,0.09347889742085168,0.000766913493374156
MCAR,0.4,S2,lr_l2,1016,0.8405860565055848,0.31115766667837885,0.02088563289483926,0.00527568953419276,0.048070047915588034,0.09310926534852909,0.0009259612712973972
MCAR,0.4,S2,lr_l2,1017,0.8427674428422348,0.3219932590738386,0.02064032787617334,0.00589734508179094,0.040731689826931566,0.07951585561588646,0.0016338216632176305
MCAR,0.4,S2,lr_l2,1018,0.8425822590071441,0.3271216755430381,0.02058298279987082,0.00476537427616988,0.04645559382033576,0.09227505178644202,0.0011200215359899858
MCAR,0.4,S2,lr_l2,1019,0.8377011103408467,0.29701836821400585,0.02116127043573412,0.00544408607899788,0.03227026211117597,0.07515391072125249,0.0009822223801497201
MCAR,0.4,S2,lr_l2,1020,0.8487713934679084,0.3106655072624524,0.02103261630134862,0.00695345456698772,0.0432818307102041,0.08189507248564423,0.0008771285561174261
MCAR,0.4,S2,rf,1001,0.9138866661067782,0.4052638151975165,0.0190678924827733,0.0045693375380560204,0.01118188284013838,0.1131262825342938,0.0009493408523618928
MCAR,0.4,S2,rf,1002,0.9158938209925809,0.41180329716418107,0.01915234034956616,0.00595398386144534,0.013816251770263414,0.10396103965413674,0.0014897227820289682
MCAR,0.4,S2,rf,1003,0.9141857989863382,0.39646177069526123,0.01935412606140274,0.0059287695494264605,0.0110119193698927,0.10128435812785588,0.0010312823623485079
MCAR,0.4,S2,rf,1004,0.9238482793144035,0.44356801248884337,0.018779575543232417,0.00582124631053908,0.00822631092074887,0.08417854048981954,0.0014482289330019125
MCAR,0.4,S2,rf,1005,0.9162920276406963,0.41439427877247015,0.01920108803667276,0.00568865103772392,0.009774864684067817,0.09467582466827443,0.0018803992170707679
MCAR,0.4,S2,rf,1006,0.9275196827738501,0.4247107192787034,0.01906019203340318,0.00774715459985976,0.0068547070481901114,0.06431887488500722,0.0016228979257917387
MCAR,0.4,S2,rf,1007,0.911536756084249,0.4332969808976772,0.01894519588084986,0.0067628764937748,0.0094596155625252,0.07152152012231355,0.0015145616828137571
MCAR,0.4,S2,rf,1008,0.9182373377590484,0.41455756721220227,0.01947210860055316,0.0068137074826208595,0.014905862631983558,0.09514340680684415,0.0015350928499725702
MCAR,0.4,S2,rf,1009,0.9230805405495474,0.4034492558365689,0.01924307154038698,0.00469985963664762,0.004358042963405512,0.0804670416776669,0.001447575363315199
MCAR,0.4,S2,rf,1010,0.9107902062235118,0.4037747320926675,0.0192091621043391,0.006132438742118699,0.026416227065476965,0.12348173340158092,0.0007276316002707235
MCAR,0.4,S2,rf,1011,0.9220809679660261,0.40694205078570755,0.019220732494637162,0.00647773433367918,0.010974560418970308,0.10936072946430117,0.0010721140530079094
MCAR,0.4,S2,rf,1012,0.9190827656886116,0.4019634135621849,0.01938247928341764,0.00542777625831892,0.01484466680184329,0.11186752324672197,0.0009033306926626614
MCAR,0.4,S2,rf,1013,0.9152761729605118,0.40258013824855865,0.019258654245548422,0.00572444818816624,0.009431212264261052,0.08516211019104268,0.0011935274094793805
MCAR,0.4,S2,rf,1014,0.9208684637940943,0.4187214871586379,0.01912879285652694,0.00562275922308094,0.007368911551600237,0.07374953366194509,0.0014120882547085725
MCAR,0.4,S2,rf,1015,0.920049480696842,0.42564948293110144,0.01895520740443648,0.0061892794283188194,0.016493106765543084,0.09095817938646233,0.0010768276111360806
MCAR,0.4,S2,rf,1016,0.9206082823990371,0.4041371662025659,0.0191435589949408,0.0058481023447697,0.008028668306431898,0.09767466666066707,0.0010282694267100818
MCAR,0.4,S2,rf,1017,0.9223907155448007,0.420268229724852,0.019007290945129242,0.00507903398365218,0.00965127593031809,0.0896330928647625,0.0010782347600365335
MCAR,0.4,S2,rf,1018,0.9242956115187247,0.4272138620069684,0.0190610684191393,0.0051215576911743,0.008390963876072742,0.09493586671896125,0.0011579268859267882
MCAR,0.4,S2,rf,1019,0.9150136859121011,0.4008578395937638,0.0193443341508646,0.00578649140734558,0.01240244709032718,0.12159630479500622,0.001054005876310286
MCAR,0.4,S2,rf,1020,0.9176391605979693,0.41793773933045425,0.018891740086059,0.00685803205331822,0.0069007132097830244,0.09221425364924661,0.0011999955871102995
MCAR,0.4,S2,svm_linear_cal,1001,0.8307251429577365,0.3100312133583341,0.021362270943095278,0.00516782080283882,0.03350456908269054,0.10634654277597352,0.0015180178027667751
MCAR,0.4,S2,svm_linear_cal,1002,0.8205125760626772,0.30724189313884537,0.02100083606424074,0.007067428863150779,0.030032633234291548,0.07343684196045212,0.0012343399589585845
MCAR,0.4,S2,svm_linear_cal,1003,0.8302964856569265,0.3294933481904059,0.02079879678066248,0.0070811982697615,0.03511231589925973,0.09681910479265562,0.0013376153034161385
MCAR,0.4,S2,svm_linear_cal,1004,0.8259782436551564,0.3282504268990788,0.02081882325623294,0.00792616105134528,0.03653945462385321,0.10412691708752284,0.0015015700054126409
MCAR,0.4,S2,svm_linear_cal,1005,0.818272167125888,0.32458828090097414,0.02127863849492412,0.00673206597781414,0.04310864330357861,0.0675037215860269,0.0022750785230317783
MCAR,0.4,S2,svm_linear_cal,1006,0.8364766663018743,0.3570029411143968,0.02044472822084478,0.0059032271293508,0.04350413747738745,0.07938671254782567,0.001908774308376527
MCAR,0.4,S2,svm_linear_cal,1007,0.8380580221155072,0.3222132830820831,0.0213981242500876,0.00703298509736356,0.028885998709656278,0.07286388594007635,0.0024911141975723283
MCAR,0.4,S2,svm_linear_cal,1008,0.8307733239761073,0.29556820607004236,0.02164518557841196,0.00634151088223354,0.04653961359889337,0.07818084286748427,0.001944582233955638
MCAR,0.4,S2,svm_linear_cal,1009,0.8183412045291943,0.3334490599392851,0.02056113542810488,0.00645575364856456,0.024875616555417403,0.06116463673621377,0.0017023865023437649
MCAR,0.4,S2,svm_linear_cal,1010,0.8094895981402568,0.32307426923377586,0.02099862431426618,0.00562654339101108,0.0343406255147564,0.1270623634758401,0.0009825857907757012
MCAR,0.4,S2,svm_linear_cal,1011,0.8460554225269753,0.3236566643137563,0.0211979881256666,0.00632479898783378,0.05046518219471627,0.08563408182776001,0.0015883544496041986
MCAR,0.4,S2,svm_linear_cal,1012,0.816061357026882,0.30359352858577654,0.02105383546118654,0.00560803716693122,0.04320969744505308,0.07670243734064612,0.0016755396055594255
MCAR,0.4,S2,svm_linear_cal,1013,0.8073061078905406,0.3043402146163591,0.021449118721019962,0.0057434990879796,0.04770375115714818,0.06997498098110377,0.0018879408758072105
MCAR,0.4,S2,svm_linear_cal,1014,0.8123655279996415,0.3174725269374855,0.021132986115060003,0.00698309112508254,0.03694764358161191,0.07430795637977522,0.0021254758990024935
MCAR,0.4,S2,svm_linear_cal,1015,0.8240153739261604,0.3506042794715235,0.0205009146016856,0.00743033651728472,0.04326551047336908,0.08542766447396297,0.001424455786728106
MCAR,0.4,S2,svm_linear_cal,1016,0.8238888188522759,0.3159367702160175,0.02101108950800474,0.0068724737788206395,0.04869630300614621,0.0947829017754312,0.0011233822273206133
MCAR,0.4,S2,svm_linear_cal,1017,0.8297815355111133,0.3316506504513471,0.02089058396172836,0.00663507846084396,0.04522532659553847,0.08497818124640642,0.001702320839657336
MCAR,0.4,S2,svm_linear_cal,1018,0.8284829187631353,0.33931055638651003,0.02045033339154582,0.00535835877078014,0.05664313961559254,0.08964978043796135,0.0014191618591688545
MCAR,0.4,S2,svm_linear_cal,1019,0.8251940333503087,0.3137516317892536,0.02103165595859002,0.007066552846553361,0.03212215744305633,0.07735895940582181,0.0012511862043939938
MCAR,0.4,S2,svm_linear_cal,1020,0.83392506657018,0.3148372496631361,0.02112132969397376,0.007252855172570639,0.04933184451603573,0.08383019501259728,0.0012485759654047523
MCAR,0.4,S2,xgb,1001,0.9223335411135505,0.40911807685757307,0.01891424693167206,0.0045476486475157,0.016046412950625196,0.08972504660481796,0.000715813520907832
MCAR,0.4,S2,xgb,1002,0.9227563846952036,0.4243311314847748,0.018725478276610343,0.00524351308710602,0.019121856034013226,0.08387849636633052,0.0014510376163006863
MCAR,0.4,S2,xgb,1003,0.9176639765801138,0.4141047230168044,0.01885201856493944,0.00616703282469816,0.012567878314471486,0.08795444776147508,0.0011570112813145592
MCAR,0.4,S2,xgb,1004,0.9296097656722593,0.44243902860794576,0.018368600308895082,0.00580255363396488,0.007333599853377266,0.08730047548159242,0.0010244877142172057
MCAR,0.4,S2,xgb,1005,0.9269170122475474,0.41112724691723646,0.01895559877157208,0.00564438708710154,0.001709179512254325,0.06294856026751454,0.0017838386763390217
MCAR,0.4,S2,xgb,1006,0.9319606909636512,0.4261328910311647,0.0187126442790031,0.00553085485762238,0.0047709270789915385,0.07286154627673323,0.0014141172926110425
MCAR,0.4,S2,xgb,1007,0.9213118921953652,0.42528496423325396,0.018783691152930222,0.00585393560078336,0.009339699641345331,0.04783330248651694,0.0018937923045228618
MCAR,0.4,S2,xgb,1008,0.9243799352240707,0.42029526139476925,0.0186499778181314,0.00510186923451662,0.014908905234541947,0.07923427990811047,0.0009521963077737285
MCAR,0.4,S2,xgb,1009,0.9212446454997634,0.40553565634487976,0.01901929825544352,0.00686142249903966,0.010612945442647178,0.06752906970259119,0.0015990200767774063
MCAR,0.4,S2,xgb,1010,0.9157468278176326,0.4177963135413659,0.01852684281766408,0.00405417550882036,0.016543738199755326,0.11412765138713928,0.0008107873021781674
MCAR,0.4,S2,xgb,1011,0.9318440595115065,0.41977372188120193,0.01881595887243742,0.00595779213040806,0.010928510302395954,0.11562944902713974,0.0006344587197965638
MCAR,0.4,S2,xgb,1012,0.9196852602530112,0.39745811623192223,0.01924071311950678,0.005682555867383759,0.0076903588390468585,0.10149896864866005,0.0016513023108959118
MCAR,0.4,S2,xgb,1013,0.9197311295765216,0.39848507008146006,0.01902086958289142,0.00563280616971838,0.008714912267184247,0.08280594759674427,0.00071276532015162
MCAR,0.4,S2,xgb,1014,0.9245461604536857,0.4308574307037543,0.01867274418473238,0.00549116437066098,0.013701161102695456,0.05103992381336228,0.0015356066399214194
MCAR,0.4,S2,xgb,1015,0.9312457093176556,0.4179077580961562,0.018777485936880063,0.00587650211670974,0.007481542752303194,0.08750017342781309,0.0012027269009240295
MCAR,0.4,S2,xgb,1016,0.9198885614090491,0.3776912407210096,0.019471590593457162,0.006611693963884981,0.011851790068649769,0.08493357236478302,0.001377304767352842
MCAR,0.4,S2,xgb,1017,0.9254597947192869,0.4223722045572604,0.01874832659959788,0.006293093375406761,0.013186938821092764,0.07930085239875216,0.0014379320670018212
MCAR,0.4,S2,xgb,1018,0.928992805640265,0.43099931876751824,0.01867199577391142,0.0066321318008529,0.012549063420426523,0.0801618510253203,0.0013250461596010358
MCAR,0.4,S2,xgb,1019,0.9228525045766492,0.39998967280340136,0.01918560229241844,0.00805562856739732,0.01024329896497298,0.11989800507624071,0.0007921137913134875
MCAR,0.4,S2,xgb,1020,0.92254155431381,0.4145007892339974,0.0188860528171062,0.00581680167920936,0.006117792868453482,0.08153260741940603,0.0019094331307168166
MCAR,0.5,S1,extratrees,1001,0.9062738289166079,0.4166334840422149,0.02016677189560776,0.00800329369894112,0.02208620839204088,0.055821639472067856,0.0013906855957147484
MCAR,0.5,S1,extratrees,1002,0.9003891932559925,0.359859266054154,0.020487909393964658,0.00587756453433434,0.01971354710933479,0.09258690166978699,0.000959633685328742
MCAR,0.5,S1,extratrees,1003,0.905959782679074,0.36983345392612554,0.020729851095138342,0.0064193890139526005,0.010994710774534103,0.05571399966468827,0.0009178013078902383
MCAR,0.5,S1,extratrees,1004,0.8994287103174916,0.3766570758078223,0.02082715140344982,0.00951095048716864,0.03867183146580733,0.05930745457489268,0.0006391181781015079
MCAR,0.5,S1,extratrees,1005,0.9062333005182834,0.38500959588874695,0.02007546543788474,0.004977416250263,0.015719707510482128,0.02607727965655679,0.00047721705000471033
MCAR,0.5,S1,extratrees,1006,0.9040582240297541,0.38018787920172264,0.020647124734227758,0.007932927877033799,0.006154893308035595,0.048218563866382916,0.0006130411365803418
MCAR,0.5,S1,extratrees,1007,0.9091405182340383,0.3854188766774152,0.02010774623075098,0.00543441498121118,0.01205735685462764,0.04148522259138817,0.00047618004317850107
MCAR,0.5,S1,extratrees,1008,0.9149755457129105,0.3824558273941765,0.020263611156032958,0.00566089546241892,0.007784269556630067,0.07322650223012178,0.0011398862528381568
MCAR,0.5,S1,extratrees,1009,0.9049912258962411,0.38392994687602044,0.02043018166083192,0.0077742815468006595,0.01567671171236187,0.022871241074458072,0.0008771225689039634
MCAR,0.5,S1,extratrees,1010,0.9133684563293212,0.3959103261706609,0.02028644002924956,0.00862127736286966,0.016673505622910364,0.08911236610843093,0.001343344866180845
MCAR,0.5,S1,extratrees,1011,0.903753194202076,0.39615497532058297,0.02013711074107278,0.00611480221811962,0.006328845526722772,0.029864277491078027,0.0006867503451216997
MCAR,0.5,S1,extratrees,1012,0.8966855555073334,0.3832073159778632,0.02013015238082546,0.0063452413586957395,0.02424855885864054,0.04966896776919119,0.000797341745310976
MCAR,0.5,S1,extratrees,1013,0.9063155350394334,0.3702498021030679,0.020468045594316,0.00704011946367328,0.026421823902101654,0.07555703904507192,0.0012217938402831045
MCAR,0.5,S1,extratrees,1014,0.915182850372456,0.402364121382983,0.020302415224374322,0.00934382915306556,0.009390255619827464,0.08244316816355292,0.0011934467140723127
MCAR,0.5,S1,extratrees,1015,0.8958396234360053,0.3916111214786229,0.02013725011012708,0.006700120810447979,0.022393575104215968,0.04749917096028385,0.000890948096634007
MCAR,0.5,S1,extratrees,1016,0.9034013899533736,0.37028941723903924,0.02052973676177906,0.006754148086893059,0.018745359139458212,0.057767699224353826,0.0007487713333899739
MCAR,0.5,S1,extratrees,1017,0.9013259114409558,0.3911387342731955,0.020511148761028258,0.00838490021338538,0.011132176380634708,0.0355692272948574,0.0007198730205488897
MCAR,0.5,S1,extratrees,1018,0.916437463659799,0.4068513470195696,0.0201581475641109,0.006512387661040381,0.014895331423450167,0.04089820886180317,0.0005929963191173664
MCAR,0.5,S1,extratrees,1019,0.9148241485677465,0.4277828548865683,0.02001036360479616,0.00889895075468352,0.011805082352847723,0.05011566814266631,0.0008526791041510773
MCAR,0.5,S1,extratrees,1020,0.9078607120337479,0.38809493789808414,0.02064973997014844,0.00922972350304048,0.015765235806938113,0.06732817955784613,0.001092056015387797
MCAR,0.5,S1,lr_l2,1001,0.8240766309825464,0.330707976662376,0.020319758088204277,0.00385200099315252,0.029334108672525942,0.0503653621402324,0.000975981507207285
MCAR,0.5,S1,lr_l2,1002,0.8303758124094929,0.2890769303912951,0.02124885824270012,0.0043485052461805,0.037413042907303455,0.05604659219708248,0.0006711345204725455
MCAR,0.5,S1,lr_l2,1003,0.8255809147611257,0.2820949317179474,0.021236720553472678,0.00364559837109254,0.02520244024109318,0.07253597805293185,0.0014337919709158603
MCAR,0.5,S1,lr_l2,1004,0.8255264840283912,0.2894163570605613,0.02127102185220432,0.00532481788761546,0.03858357660426228,0.06650219302872788,0.0011894412422473635
MCAR,0.5,S1,lr_l2,1005,0.8256762649321535,0.3000837641235246,0.021018214632972782,0.00435551972886052,0.03128601174123147,0.0433824500994672,0.0008508837446835357
MCAR,0.5,S1,lr_l2,1006,0.826664842036827,0.2839220760433035,0.02128121670997172,0.00502092384221546,0.023847452218592732,0.04248287011377759,0.0010501682047461902
MCAR,0.5,S1,lr_l2,1007,0.824942379854176,0.29421470886044576,0.02101551953072224,0.00401122949153804,0.03468301561919748,0.03835643977806633,0.0007776557814550291
MCAR,0.5,S1,lr_l2,1008,0.8377214610102157,0.2814351595891519,0.02120781650060382,0.00432644110799284,0.01363108350737359,0.08879013369740767,0.0017861175407506303
MCAR,0.5,S1,lr_l2,1009,0.8273615900071674,0.2861883481401435,0.02135245509289496,0.00488859037180056,0.029139933260965804,0.023250930820169106,0.0004524141785921502
MCAR,0.5,S1,lr_l2,1010,0.8409587023990218,0.3212093965196172,0.02057570576722626,0.00555869657233036,0.04318853746642479,0.07330327231369198,0.0013765386159301856
MCAR,0.5,S1,lr_l2,1011,0.8219925843083731,0.29742170985137617,0.020992043454586863,0.0043312262623681,0.0301113818336925,0.023310181022947535,0.0007294186650354753
MCAR,0.5,S1,lr_l2,1012,0.8297660150887939,0.33037439743582836,0.02060485675036096,0.00593464803884994,0.03042978318452417,0.055097131668011945,0.0010451711092700452
MCAR,0.5,S1,lr_l2,1013,0.8300231194038407,0.282936365230144,0.021470328812345098,0.00725231839815284,0.043346538306878984,0.06785296116412708,0.0011599219490347082
MCAR,0.5,S1,lr_l2,1014,0.8378190703103254,0.3194069502431909,0.02068496931735082,0.00486062149230672,0.01690721066535394,0.06486594409039761,0.0013912407901116167
MCAR,0.5,S1,lr_l2,1015,0.8306027108620272,0.29513763354098954,0.02099635563315192,0.00428520906899792,0.031007131977525273,0.057373220136047065,0.0009528927995563241
MCAR,0.5,S1,lr_l2,1016,0.8355808012434462,0.28677526422348915,0.02138889667833328,0.00591751499363978,0.053129533902603325,0.05323400797718891,0.0007123361873024602
MCAR,0.5,S1,lr_l2,1017,0.8236947831099372,0.2999370148839007,0.02100431627306614,0.0048276754993203195,0.016891561414574693,0.02935947781192774,0.0006913194713527017
MCAR,0.5,S1,lr_l2,1018,0.8250107844808298,0.31871521062700486,0.020642843968619762,0.0036490844150868203,0.0277026823361201,0.019472107315894875,0.00019531131578115585
MCAR,0.5,S1,lr_l2,1019,0.8371800756658626,0.31628951507021796,0.020768446542425857,0.00386559274945798,0.015959691630047297,0.046661113597891116,0.0011630238169579692
MCAR,0.5,S1,lr_l2,1020,0.8394907881449549,0.29436833682172525,0.02124541780187158,0.0042568963450739196,0.030547300318928976,0.029669727495371105,0.0007592348338017217
MCAR,0.5,S1,rf,1001,0.9100276778931274,0.42050867698107774,0.01936137412868686,0.005814901753654881,0.01436234441474936,0.05549143056308976,0.0008554964549002801
MCAR,0.5,S1,rf,1002,0.9002030507098076,0.3757637105738441,0.02000163082918264,0.006301992728765219,0.020612710509215593,0.08177582572251349,0.000954670320222871
MCAR,0.5,S1,rf,1003,0.9046733358841076,0.3634511946756417,0.02017686118484332,0.0049630378347336,0.015386499416584138,0.06998108348647349,0.0008729926730861094
MCAR,0.5,S1,rf,1004,0.89944988959485,0.3751613161939859,0.01980690646876934,0.00595863033080612,0.04039661542454219,0.0618988084265115,0.0011024796799553704
MCAR,0.5,S1,rf,1005,0.9063545164366869,0.3742964063992197,0.01993413363866436,0.0039048207865793596,0.016300086480935547,0.011974080216519089,0.00030762101163197495
MCAR,0.5,S1,rf,1006,0.9073106471395522,0.38458785965768094,0.01982545984157508,0.00559380446596028,0.010113411013770156,0.05086448331806249,0.0005120590982786638
MCAR,0.5,S1,rf,1007,0.9069668714969186,0.4007509441855399,0.01965970621144334,0.00488923727149266,0.018289685004928845,0.05710837927991019,0.0005746008130502728
MCAR,0.5,S1,rf,1008,0.914963160386076,0.37893198403783485,0.01991583120718552,0.0041516491157234,0.007883240565312056,0.0701502995040145,0.0010260293660813787
MCAR,0.5,S1,rf,1009,0.9069532116815651,0.39171687840978947,0.01967729675257512,0.0050629563176327,0.017639650248893034,0.020043955277140414,0.0004801917183977182
MCAR,0.5,S1,rf,1010,0.9100840034257812,0.3829010414269285,0.019851895718569622,0.0056252256109901805,0.02063299916960272,0.06858179538355064,0.0011162470129177026
MCAR,0.5,S1,rf,1011,0.9029626022774817,0.3942855522260712,0.019633077233255643,0.00396550742084012,0.006469641243238453,0.02453955656508799,0.0003669252593636085
MCAR,0.5,S1,rf,1012,0.8952686086423626,0.3768645944867367,0.01986507042327938,0.00508331486695168,0.02685274310202373,0.04686488467617123,0.0006589987871059951
MCAR,0.5,S1,rf,1013,0.902000802043051,0.3728635356226154,0.019883976460642078,0.00608881167714964,0.027099134307602142,0.0662124912207144,0.0010143991083442778
MCAR,0.5,S1,rf,1014,0.9157682884716035,0.40729822380198977,0.01941152683297056,0.00587807546143408,0.00947962433626357,0.07304306020100475,0.001154589560274289
MCAR,0.5,S1,rf,1015,0.901282870660826,0.3934654184771701,0.01966741651589772,0.00586236304422584,0.02055740307252381,0.03069711791506875,0.0006605294792576132
MCAR,0.5,S1,rf,1016,0.897035606511702,0.3680126105020317,0.01991863114603806,0.00518072899284986,0.022373697531022425,0.06172600537715746,0.0009458237105429494
MCAR,0.5,S1,rf,1017,0.9057419979354087,0.39243339639574515,0.019560921535170462,0.0046637178877635,0.006078909682173519,0.037915060018352896,0.0006032935143426066
MCAR,0.5,S1,rf,1018,0.9117102979594811,0.39640473663142756,0.019750065892065037,0.004520600897566921,0.02000306593249328,0.0384363493051716,0.0005684776573363318
MCAR,0.5,S1,rf,1019,0.9130937199319689,0.42627028301053843,0.01919244871195642,0.0058117901110671,0.004026555658172803,0.05870884860080376,0.0009317335463181061
MCAR,0.5,S1,rf,1020,0.9094445767856459,0.36827149319077995,0.020157878130796742,0.005615993524381359,0.016567675209634918,0.0706430696272225,0.001273061549389579
MCAR,0.5,S1,svm_linear_cal,1001,0.8069855517232029,0.3372223798742152,0.02073608038658696,0.00653787627924198,0.03658672053870407,0.05038692922975917,0.0011553405354111127
MCAR,0.5,S1,svm_linear_cal,1002,0.8185557314526417,0.29156440349338936,0.02147223921929054,0.00464593084920092,0.0391705768432883,0.05915708463492842,0.0004867814931041582
MCAR,0.5,S1,svm_linear_cal,1003,0.8086815359005742,0.28652892013183,0.02134770732439516,0.00473608947935462,0.032648444321905876,0.06400149007435646,0.001093303434286115
MCAR,0.5,S1,svm_linear_cal,1004,0.8159096372582255,0.28465225895929197,0.0217088834773433,0.00549909911874632,0.04625753078179374,0.06342268179659305,0.0011944607919391124
MCAR,0.5,S1,svm_linear_cal,1005,0.811186616189419,0.2971855930507388,0.021269036054384842,0.005154930559456041,0.0314918934067928,0.0387552725521789,0.0008092886322937582
MCAR,0.5,S1,svm_linear_cal,1006,0.8069867718603605,0.27966095266185087,0.02150668225744732,0.005584524184279601,0.02505192679548726,0.031243399110514963,0.0005789940406082575
MCAR,0.5,S1,svm_linear_cal,1007,0.8131834582756026,0.3042768025347877,0.02111985819308422,0.00491015417970216,0.04213719221492239,0.03372100446225244,0.00048817637649461223
MCAR,0.5,S1,svm_linear_cal,1008,0.8239312230415898,0.29458460324342367,0.02132538852416124,0.00469478330568478,0.021031781672412153,0.08424562857654574,0.0014554195194767304
MCAR,0.5,S1,svm_linear_cal,1009,0.8108421751815138,0.28922552339713814,0.021617462949518298,0.0057636089992383,0.030831260091290457,0.007807966930801479,0.0005667958653266605
MCAR,0.5,S1,svm_linear_cal,1010,0.8167846520240941,0.3229903349625663,0.020942382749617138,0.00624152239388974,0.05800196900526764,0.08139700336278409,0.001421886692631122
MCAR,0.5,S1,svm_linear_cal,1011,0.8076700815111686,0.3052175256936889,0.02129897085764536,0.00616484371392236,0.03410758068354233,0.03308183218200104,0.0006752234125425851
MCAR,0.5,S1,svm_linear_cal,1012,0.8184635636878239,0.3318590157567604,0.020852337223169738,0.0053812662029337,0.03354969097407957,0.05098711686294013,0.0011117945293717768
MCAR,0.5,S1,svm_linear_cal,1013,0.8167026300856408,0.2974228334875325,0.021328536441127442,0.00668699732913558,0.04748506080028828,0.07057305730702024,0.000928303920113682
MCAR,0.5,S1,svm_linear_cal,1014,0.8227920709755562,0.32361923981929713,0.02109165018351502,0.00671271830640722,0.020925068914389975,0.06096548611591016,0.0014072471131783841
MCAR,0.5,S1,svm_linear_cal,1015,0.809038380832891,0.30092644474367747,0.02133269068297226,0.0049089876175973,0.028744210967181636,0.058038213754814105,0.00093408414717755
MCAR,0.5,S1,svm_linear_cal,1016,0.8215003065927877,0.29664567439319844,0.02175507715670396,0.0057056347629608995,0.04554806447257701,0.03621298287521921,0.0005159518565536529
MCAR,0.5,S1,svm_linear_cal,1017,0.8080544680037235,0.3015456427437669,0.021448901312415662,0.0045293233135858,0.020553254482597382,0.03672314616691496,0.000807101651937286
MCAR,0.5,S1,svm_linear_cal,1018,0.8077419031628196,0.3274674651661609,0.02091461511485212,0.005742827160102699,0.03475106688134963,0.011821710898994477,0.0001991419806316637
MCAR,0.5,S1,svm_linear_cal,1019,0.830188662804886,0.32154728848713204,0.02113134670714352,0.00516199312630914,0.01557226345215353,0.052297019925417874,0.0014702086769418307
MCAR,0.5,S1,svm_linear_cal,1020,0.8233718370681361,0.30177657987527706,0.02141189576987182,0.0065508686831663,0.03389979786633112,0.03641291177190786,0.0007645405401835847
MCAR,0.5,S1,xgb,1001,0.9078680356589267,0.39912247342199647,0.01926241964101786,0.006335161713434701,0.023591461092144345,0.04012950661045413,0.0007242902684134274
MCAR,0.5,S1,xgb,1002,0.9149197745288212,0.3410512861432059,0.02044030167162412,0.006445193583148261,0.0191651409478975,0.06113597193922641,0.001144991836260733
MCAR,0.5,S1,xgb,1003,0.9060069870025368,0.3731301877103424,0.01979726105928416,0.00576754306338966,0.008835708629254561,0.0809037837844818,0.0015655527109474103
MCAR,0.5,S1,xgb,1004,0.9008395906844276,0.3746907422733819,0.019716042280197098,0.0067992609565382806,0.03626060357264246,0.07468256371414203,0.0013528156001340677
MCAR,0.5,S1,xgb,1005,0.9108467882896594,0.4010212563420429,0.01926457956433294,0.00527021349871782,0.0260007689326957,0.05071778994147484,0.000986181081129662
MCAR,0.5,S1,xgb,1006,0.9055277430124364,0.3797090689864651,0.01963054984807962,0.00470797617990504,0.007367716217731054,0.04704818186080002,0.0008830140904851846
MCAR,0.5,S1,xgb,1007,0.9130433737294839,0.40258605020147104,0.01915900036692616,0.00510210254132656,0.009982543662786086,0.07589562030675588,0.0012803119936901281
MCAR,0.5,S1,xgb,1008,0.9183178915111592,0.36813727360154946,0.01974607855081552,0.0074138463380264,0.012144072912844531,0.07852839330902697,0.0014115459821272772
MCAR,0.5,S1,xgb,1009,0.9073982583265228,0.3651927939322918,0.01991132274270052,0.00512360249235328,0.01748105422273019,0.05126771742465451,0.0008011528181300871
MCAR,0.5,S1,xgb,1010,0.9170069081307334,0.37971328847849684,0.019587386399507477,0.0061194450105775,0.018739194573202236,0.08324864453008454,0.00168997291138046
MCAR,0.5,S1,xgb,1011,0.9051775388565902,0.37198307251770085,0.01957493275403972,0.00569488196383408,0.007478402401102719,0.032567164608691884,0.0005128963720909361
MCAR,0.5,S1,xgb,1012,0.9069110819957352,0.4075251135258198,0.01906969733536238,0.0057691665020018195,0.01939607140901859,0.04360609902836237,0.0008448475712987264
MCAR,0.5,S1,xgb,1013,0.9113266695707664,0.362377015243908,0.01987924389541142,0.0053080308857369205,0.023132339879613675,0.0525549331887917,0.0009400137811698189
MCAR,0.5,S1,xgb,1014,0.9193242027731527,0.39535963591253875,0.01927390769124026,0.0048620549954003596,0.016267756539583064,0.07107326645756432,0.0013641603384345379
MCAR,0.5,S1,xgb,1015,0.9031099237198175,0.3839701680069143,0.0195365566760301,0.00555217005904228,0.026067898705445573,0.06124320862947374,0.0010836393666946303
MCAR,0.5,S1,xgb,1016,0.9094197729414957,0.3779453727999191,0.019624499231576862,0.00489912202411908,0.01949988002252009,0.06087694165183614,0.0010023546748068187
MCAR,0.5,S1,xgb,1017,0.905076461849774,0.3790857670960618,0.01954747252166266,0.00556324031538402,0.0075240373283453985,0.039134594304082074,0.0008711584739753606
MCAR,0.5,S1,xgb,1018,0.9159163049948204,0.37080188635740413,0.01977175958454606,0.00507786284663072,0.012407443859533655,0.018819439843791114,0.00046163857157771636
MCAR,0.5,S1,xgb,1019,0.9181925422818479,0.4330647964562716,0.01855884045362468,0.00506138362816436,0.005485626382811598,0.05403234554544341,0.00109341308096198
MCAR,0.5,S1,xgb,1020,0.9180914309444388,0.3726131574315479,0.01963459141552444,0.0054698565332737,0.013561771317197675,0.015507283873078738,0.0005626278790616598
MCAR,0.5,S2,extratrees,1001,0.9175180527601656,0.39333928682043756,0.02018445293098232,0.00747564769103502,0.016100156871325186,0.10866362279938563,0.0016321491311337521
MCAR,0.5,S2,extratrees,1002,0.9063708587264415,0.38189994056193577,0.020376344287464522,0.00756386755069494,0.013476777437986616,0.08387055651670007,0.0018310489892641555
MCAR,0.5,S2,extratrees,1003,0.9013677929737798,0.3989808302679991,0.02022177917372596,0.008901517900173381,0.021469748376757664,0.08668439009081852,0.0016734219470121725
MCAR,0.5,S2,extratrees,1004,0.9048156017635571,0.3772139828755281,0.0208076112505311,0.00817811382804602,0.015568682550990738,0.10160089209664491,0.0016925191231170222
MCAR,0.5,S2,extratrees,1005,0.9095354564385747,0.37000319236927137,0.02082047650599002,0.007288454652120161,0.007436026142769265,0.06753483920354877,0.0020203907107653094
MCAR,0.5,S2,extratrees,1006,0.9044681051042656,0.3692889219217206,0.0200398722915009,0.006285108015566599,0.01000564399170152,0.11362328128446479,0.0013535433621958603
MCAR,0.5,S2,extratrees,1007,0.9081113660343529,0.39210909549567086,0.020610031388971738,0.009669065331560079,0.009515274248747888,0.07552933352237559,0.001959791435479417
MCAR,0.5,S2,extratrees,1008,0.9118520767915212,0.38086692642058034,0.02049439882890758,0.00893123554645134,0.007114126092274588,0.08562967001613624,0.0017454450125860839
MCAR,0.5,S2,extratrees,1009,0.9069964330157326,0.39486165558353997,0.020129313395669802,0.00614649216660294,0.012976447344097914,0.08497398205937443,0.0018076515513897361
MCAR,0.5,S2,extratrees,1010,0.909460143594649,0.36041180105748527,0.02029668500077406,0.006517392564210381,0.012457723701972038,0.08819774165276452,0.0017106535347243667
MCAR,0.5,S2,extratrees,1011,0.9147340026226484,0.40830584077497994,0.020169411590312318,0.00878591717396842,0.009097231021676862,0.055406777465301434,0.0019076971960351203
MCAR,0.5,S2,extratrees,1012,0.9034807014073054,0.3995188809698381,0.01980822370766652,0.00786044893412438,0.0054461977280920474,0.07160731773653703,0.0015289412590189788
MCAR,0.5,S2,extratrees,1013,0.9106551625118164,0.35835636577636026,0.020769429511436878,0.0091236988539597,0.005774010945940282,0.07975975647995914,0.0016970730265573595
MCAR,0.5,S2,extratrees,1014,0.9026786007372462,0.36520135300020656,0.02047120126861014,0.00680021340555072,0.006242017862094863,0.09503281147725036,0.0018553390754640702
MCAR,0.5,S2,extratrees,1015,0.9084184397267793,0.35734885762795643,0.0207414958515242,0.00623699892573142,0.0034291981165818115,0.07156162722960992,0.0020055676511361053
MCAR,0.5,S2,extratrees,1016,0.9033434428244244,0.38475179169021567,0.02046117298749564,0.00794129419844416,0.01665424267316328,0.10004697114037982,0.0015829827504606985
MCAR,0.5,S2,extratrees,1017,0.9094033223964774,0.37509306140584564,0.02012944084642218,0.00635930949253722,0.014933912252219033,0.06667602329906246,0.0019333825451003479
MCAR,0.5,S2,extratrees,1018,0.9136407096467938,0.3953546481023464,0.02017341240035772,0.007424802120112541,0.009844190245880626,0.09530331457870427,0.0018769443187134293
MCAR,0.5,S2,extratrees,1019,0.9026211064194388,0.3622082442610927,0.02064465681666338,0.00696299472755308,0.014646948484799163,0.09410111416233193,0.0018046233433108457
MCAR,0.5,S2,extratrees,1020,0.9051895927371321,0.3868194597156309,0.02053965345863066,0.007801989902841161,0.010585451903067632,0.03893189920425683,0.002282037620606639
MCAR,0.5,S2,lr_l2,1001,0.834149228823763,0.3128040125592397,0.02074575137137456,0.00497849194508734,0.02869131049516035,0.06964540355512393,0.0013538199122295701
MCAR,0.5,S2,lr_l2,1002,0.8309295785039424,0.29165871374879904,0.02105100693383078,0.00546096314903212,0.026341308479116213,0.08753485582219402,0.0018135434931559101
MCAR,0.5,S2,lr_l2,1003,0.8129486775906909,0.2941103405117978,0.02120648448673356,0.0069996475601331,0.031085551937234994,0.06838365490987626,0.0017465814011174206
MCAR,0.5,S2,lr_l2,1004,0.8272612993941653,0.3014960182061,0.021095992949866797,0.007074382980792179,0.052394917910436406,0.0990339430146836,0.000993302140437263
MCAR,0.5,S2,lr_l2,1005,0.8410347263928584,0.30189655131883514,0.02120037601134326,0.00582460090202268,0.027077150773203888,0.04305229077307973,0.002195274393654468
MCAR,0.5,S2,lr_l2,1006,0.831440534191622,0.2825005992355116,0.021220067940614762,0.00588342396887314,0.033773946648218235,0.0959109276839787,0.001909146587124916
MCAR,0.5,S2,lr_l2,1007,0.8341629974304936,0.29660916337797827,0.021199604484324182,0.00484956038169526,0.04011049694094264,0.08050302751296692,0.0014219579342128912
MCAR,0.5,S2,lr_l2,1008,0.8407209183844001,0.2800450764203121,0.021399483106911123,0.00639983828679742,0.03271064928163636,0.07588853328584556,0.0011731579737819275
MCAR,0.5,S2,lr_l2,1009,0.8321721923945326,0.31915104429956875,0.02062529236229482,0.00466577379610428,0.02471847433709076,0.08207027230402412,0.0011576722872445944
MCAR,0.5,S2,lr_l2,1010,0.8275266015882485,0.29855411529720566,0.021313775618051083,0.0055750971762183405,0.035168046283401755,0.09393775954070607,0.001373422898925431
MCAR,0.5,S2,lr_l2,1011,0.8303973314662516,0.31447571331042584,0.021073179796005658,0.007360478250826641,0.033013515185248636,0.0898059418495366,0.001589905832653793
MCAR,0.5,S2,lr_l2,1012,0.8238493193359038,0.30255270879418994,0.020940166271463702,0.0048749934189894996,0.037475546172149314,0.07774292855411581,0.0011682512204301441
MCAR,0.5,S2,lr_l2,1013,0.8441004104627059,0.2899882912037228,0.021646832127088282,0.006157259717886139,0.026623451402837454,0.08036412180325636,0.0016913391437253576
MCAR,0.5,S2,lr_l2,1014,0.8290406920652273,0.29701994765889145,0.02112630782912906,0.00575790830103236,0.0356617412477622,0.08099301141004368,0.0009375372256062853
MCAR,0.5,S2,lr_l2,1015,0.8206649441113196,0.2726018752150233,0.02151244403608924,0.0066305280312991596,0.02081494863382985,0.06566821168037078,0.0017080067663504906
MCAR,0.5,S2,lr_l2,1016,0.8195554315241441,0.288380901441142,0.021288677110426958,0.0060922767854193005,0.049465529607900016,0.11172052222786899,0.0017582473411692898
MCAR,0.5,S2,lr_l2,1017,0.8002710635133903,0.2848346801694682,0.02148201452048752,0.00552091061061292,0.03126119140805386,0.06141208730730651,0.0016634937677319423
MCAR,0.5,S2,lr_l2,1018,0.8200543258029352,0.2907680383371146,0.021090364851326798,0.00617836269304008,0.02906513912526934,0.06265911971696184,0.0018263704952552764
MCAR,0.5,S2,lr_l2,1019,0.8300340865671856,0.285883706107286,0.02132846254047196,0.00568061114056004,0.014745542031592949,0.08380762654852084,0.0010616803105829825
MCAR,0.5,S2,lr_l2,1020,0.808886099551055,0.29406220423509055,0.02128408834030126,0.006278695314723739,0.03013681073191652,0.03352921422089086,0.002025142758328546
MCAR,0.5,S2,rf,1001,0.90934542578246,0.39283275168873727,0.01948862368335864,0.006298233699854799,0.01684816256200381,0.10240026065314725,0.0012742944916118637
MCAR,0.5,S2,rf,1002,0.9102170913936313,0.3927080628001793,0.019549004183392123,0.00524919297530748,0.013345985490829682,0.0901915278798614,0.001221624103083635
MCAR,0.5,S2,rf,1003,0.8982454827665591,0.3882587624890691,0.019802824279099678,0.0054431941345569005,0.014486882650321185,0.08093878464934015,0.0015666857812834092
MCAR,0.5,S2,rf,1004,0.903153572177587,0.37076599923885467,0.01987451160555122,0.005105665328915219,0.016431357335630142,0.1074317777724163,0.0011686249202983545
MCAR,0.5,S2,rf,1005,0.912830141232457,0.377459826653148,0.019888968583121457,0.0051775159508076,0.008539666131525464,0.0703778387666544,0.0017889174120325735
MCAR,0.5,S2,rf,1006,0.9066809228427617,0.3606013718881606,0.02015438187805736,0.00645849014650676,0.011833554676432071,0.11396213358018868,0.0016214651496222346
MCAR,0.5,S2,rf,1007,0.9055140173154849,0.3853365711464578,0.019722300781881343,0.00598207913182872,0.008946097782772866,0.07120126645538974,0.0013027487401940418
MCAR,0.5,S2,rf,1008,0.9110669605462031,0.37678015224028155,0.01966731217880512,0.00496484298085404,0.009479308645749715,0.07853274406844755,0.0013423165662077021
MCAR,0.5,S2,rf,1009,0.9044302047789017,0.3840502758228198,0.01974553522622218,0.006182532348517,0.023451652474467163,0.09131853981816127,0.001252181801206272
MCAR,0.5,S2,rf,1010,0.9097437554853129,0.3504408613523419,0.02006475535631124,0.00512182194507352,0.007616980061143937,0.08786609326716519,0.0012695585472696973
MCAR,0.5,S2,rf,1011,0.9180204529494953,0.39067474912841776,0.01947861620424056,0.00522928329943506,0.010857684146095907,0.06215817863353192,0.001582063312798114
MCAR,0.5,S2,rf,1012,0.9040971080586917,0.38151307641246374,0.01988416085664612,0.0061804457005938205,0.008998114637884087,0.06312275068647197,0.0017473077972400544
MCAR,0.5,S2,rf,1013,0.9124770060245078,0.3583018955554135,0.0200125652882398,0.00527023730887,0.0058578360755797585,0.07944317759531622,0.001576932014219467
MCAR,0.5,S2,rf,1014,0.9077273955952304,0.36358944377946506,0.02001987591131468,0.00504276527738434,0.005651383617002454,0.08861114784178158,0.0011743490270965326
MCAR,0.5,S2,rf,1015,0.9041748270641928,0.34334867352926457,0.02031729493424252,0.00443916536415428,0.009179614624874667,0.06512310108037275,0.001671748427053547
MCAR,0.5,S2,rf,1016,0.9050625733199741,0.37075003487758446,0.0199344121226555,0.004543380310096321,0.015083605698597978,0.09746982433723118,0.0012619106348793067
MCAR,0.5,S2,rf,1017,0.9073518840625432,0.387587448555642,0.01958673299595572,0.00469911408556868,0.01922277011075685,0.06857820432206423,0.0014579060944567405
MCAR,0.5,S2,rf,1018,0.9099778791611886,0.3863043908341817,0.01964205627737728,0.00540577021171928,0.014595492028691075,0.09599738270829991,0.001354469915468699
MCAR,0.5,S2,rf,1019,0.8992052929697797,0.3587844768298746,0.02013058731878964,0.00614880583557144,0.022617016099525596,0.09223845075249881,0.0013823743247939073
MCAR,0.5,S2,rf,1020,0.9061138406738245,0.37850483358989273,0.019894192110466717,0.00552621102639446,0.01243392298022607,0.05836585974054531,0.001667545241286699
MCAR,0.5,S2,svm_linear_cal,1001,0.8166169867200654,0.31815574205571534,0.0211161429914459,0.00517878835887788,0.039537537128038924,0.08565119131597916,0.0015166677917343378
MCAR,0.5,S2,svm_linear_cal,1002,0.8242868552026679,0.3069017243100647,0.021090668589240878,0.0068798482087363,0.02301041024154391,0.08114406572163531,0.0018231029862724017
MCAR,0.5,S2,svm_linear_cal,1003,0.8022310021367012,0.3060241295510215,0.02152412973180434,0.00735499257767082,0.031542801306335244,0.06026884591752246,0.0022252624492064784
MCAR,0.5,S2,svm_linear_cal,1004,0.8111394124039755,0.31395258312786095,0.021276877196040482,0.00870190163268198,0.06607844212194046,0.10472427179631114,0.001318015949951693
MCAR,0.5,S2,svm_linear_cal,1005,0.8288029592200307,0.31081894056691406,0.02147289586935524,0.006624690714773141,0.03444450194382036,0.051448408782479034,0.0023178481822425825
MCAR,0.5,S2,svm_linear_cal,1006,0.817547960376267,0.29528405430101234,0.02145709779332024,0.0052649693390942,0.04496178268872093,0.09917751783765494,0.002007985460866148
MCAR,0.5,S2,svm_linear_cal,1007,0.8169073882730535,0.3080070520575317,0.02158307591825086,0.00513706051258794,0.0441057947543309,0.0899156299525466,0.0018727238528006096
MCAR,0.5,S2,svm_linear_cal,1008,0.8261926725650482,0.28569649321727153,0.02173541353165244,0.00725646733604518,0.04037475084342932,0.07857114719476706,0.0013661775096448776
MCAR,0.5,S2,svm_linear_cal,1009,0.8112983513117428,0.3274017618431546,0.02096717199733186,0.00539678609666404,0.02272721311043582,0.08329115609797572,0.001267337967763951
MCAR,0.5,S2,svm_linear_cal,1010,0.8179086226175819,0.3077920845615337,0.02170188116371922,0.0056896385655368,0.04773457057160377,0.09251341829320195,0.0016452856910987522
MCAR,0.5,S2,svm_linear_cal,1011,0.8168957832038808,0.32548991157277507,0.02129652206926306,0.00760341558138492,0.03728983134852457,0.08826101401561885,0.0017804188872043046
MCAR,0.5,S2,svm_linear_cal,1012,0.8079440013401754,0.30391809200292397,0.02117784022687624,0.00556597256870612,0.043418844797961466,0.07110675626463878,0.0016113618597065726
MCAR,0.5,S2,svm_linear_cal,1013,0.8267736299335926,0.29545665960620004,0.02181183521968416,0.00571391374896938,0.02662951050922713,0.08016785159112466,0.002007713116823554
MCAR,0.5,S2,svm_linear_cal,1014,0.8092393658532373,0.30434674513657545,0.0212111636078108,0.00655195488436888,0.03336534514679231,0.0826183137265397,0.0013915510559819164
MCAR,0.5,S2,svm_linear_cal,1015,0.8062997520502749,0.2769460395088045,0.02173599986480012,0.006620748033311199,0.02986323443361699,0.060620203302245386,0.0018803733126478658
MCAR,0.5,S2,svm_linear_cal,1016,0.8087572823372641,0.29816833732831,0.021487850933875303,0.00752348393127962,0.05312456812458241,0.11902421072442554,0.0016692644446922235
MCAR,0.5,S2,svm_linear_cal,1017,0.7849488761789817,0.30016901942152463,0.021584874160158758,0.007271448640068401,0.03717874316515864,0.06506206504378921,0.0019366815553391707
MCAR,0.5,S2,svm_linear_cal,1018,0.8028338225010774,0.3036831488439423,0.02138597613675578,0.006919198598528841,0.0303867388439803,0.06623028467231074,0.00197966205207811
MCAR,0.5,S2,svm_linear_cal,1019,0.8130468964210852,0.2934234906746,0.0213798105694403,0.005393803162692,0.014886957257302833,0.08604850665375827,0.0016429276111265296
MCAR,0.5,S2,svm_linear_cal,1020,0.7945802715393764,0.31292421502015,0.02125616052762154,0.00618730324387558,0.03245633242022991,0.03919442757251029,0.002353282301829208
MCAR,0.5,S2,xgb,1001,0.9144906728748751,0.38570528297460727,0.01953762248158452,0.0068479283447295996,0.007855256381327069,0.06835136979962031,0.0016914037930160352
MCAR,0.5,S2,xgb,1002,0.9120079115624848,0.37777116851724185,0.01952116005122656,0.00514094261561912,0.012281256630941914,0.0797618748043968,0.0014631782003953575
MCAR,0.5,S2,xgb,1003,0.9091907232119618,0.3771706898039112,0.019583350419998098,0.00552096147889358,0.016205402500855594,0.07726167326872459,0.0019049615304650132
MCAR,0.5,S2,xgb,1004,0.9079646469580327,0.3777632230162882,0.0195179674774408,0.00641351381419334,0.01589955250060574,0.0906936378870454,0.0008909081169014792
MCAR,0.5,S2,xgb,1005,0.9194580709099978,0.3953270265909031,0.0193303111940622,0.00516680218908792,0.012083125608224636,0.04232842085957786,0.0017357803920276824
MCAR,0.5,S2,xgb,1006,0.9181331347468955,0.3752648660811101,0.0195761382579803,0.0051078360906870405,0.013359359224669961,0.1330174561319687,0.0020583834092887158
MCAR,0.5,S2,xgb,1007,0.916802819976722,0.3818728784546087,0.01964684128761286,0.00678872160026982,0.012006835697004057,0.05911913147166056,0.0013883747682820553
MCAR,0.5,S2,xgb,1008,0.9143098873535788,0.3768622711541494,0.019392982497811278,0.00586847319754268,0.006830386427617189,0.08586937153722228,0.001334321247755549
MCAR,0.5,S2,xgb,1009,0.9218523040535096,0.37893972747486143,0.01954930238425728,0.0053937826407444,0.005282567981763405,0.07155318977915723,0.001618420482419389
MCAR,0.5,S2,xgb,1010,0.9142142573195811,0.38333847194232606,0.01949416138231748,0.00482480315770958,0.013557871858376943,0.07585475144956069,0.0011569309930412944
MCAR,0.5,S2,xgb,1011,0.9151943811091773,0.400912328326942,0.019154077768325763,0.0053543096378645,0.011690970075995684,0.051001472043140206,0.001459108442645787
MCAR,0.5,S2,xgb,1012,0.9154684648555603,0.37584313329170893,0.01963511183857914,0.006534137791262201,0.0076768649163162705,0.08064557238174447,0.0011940069192178065
MCAR,0.5,S2,xgb,1013,0.9233395615985442,0.3745634355960493,0.01952807568013662,0.004704011720791599,0.007409555442469446,0.0796916843653061,0.0015887094827607925
MCAR,0.5,S2,xgb,1014,0.9098341771342519,0.37787124203419864,0.01956221088767044,0.00607486089046586,0.01019772058247523,0.09902258401392897,0.0012563150082336167
MCAR,0.5,S2,xgb,1015,0.9100342628139085,0.37022496068542676,0.01986679658293718,0.0063150778466787,0.010870716634591795,0.06628212945125025,0.0018721887709019541
MCAR,0.5,S2,xgb,1016,0.904056148837352,0.37162838742830023,0.01959284059703344,0.005818992299617061,0.015642549887572917,0.07109415397834105,0.001302824465043344
MCAR,0.5,S2,xgb,1017,0.9140927862770555,0.3777768146108297,0.01973652578890316,0.0060352663204442,0.014436725539267097,0.05158539682337518,0.0014499134571684031
MCAR,0.5,S2,xgb,1018,0.9135351913138967,0.39548273828085695,0.01936195418238634,0.00573882755115912,0.013352743090461893,0.06299152816198568,0.0013208620445539743
MCAR,0.5,S2,xgb,1019,0.9077349778624505,0.37537781869821674,0.01965975426137444,0.0062301377203177,0.010107366031087162,0.08731091716426767,0.0012326946010859194
MCAR,0.5,S2,xgb,1020,0.9152926022242838,0.37368721216050343,0.01978567689657206,0.00747584822100672,0.007956926111074382,0.04527487231481898,0.0020208217658660528
MNAR,0.0,S1,extratrees,1001,0.950631457771739,0.5498173603706933,0.01743182644756068,0.01005447443267514,0.010618049452441882,0.06779271089074088,0.0013191843238038667
MNAR,0.0,S1,extratrees,1002,0.9493766327872983,0.5593793663543185,0.017154121013725022,0.009568073488916801,0.010788287771200732,0.08026651836415069,0.0009918395767168505
MNAR,0.0,S1,extratrees,1003,0.9506621592190425,0.5548100606606436,0.01715301491881982,0.010120746460117019,0.010567458307462052,0.05751442606596066,0.0007705462618236871
MNAR,0.0,S1,extratrees,1004,0.9509019326956581,0.557918365332788,0.01690911287275652,0.00887053597241042,0.012721626596560238,0.07583117755774844,0.0012027639283582316
MNAR,0.0,S1,extratrees,1005,0.9505889094573263,0.5659809859833173,0.01685595598081224,0.00870062890956956,0.018339749656808964,0.04753778408973968,0.0006386201600132554
MNAR,0.0,S1,extratrees,1006,0.9511864839365176,0.5584772749990248,0.01708734882307062,0.01021227105425416,0.011426065368480473,0.025048229865468202,0.0004374249750589407
MNAR,0.0,S1,extratrees,1007,0.9511014976699389,0.55327425992728,0.01709343871004916,0.01004124203707658,0.006781326278224597,0.016786146953400537,0.0003902397336559047
MNAR,0.0,S1,extratrees,1008,0.9473654330545891,0.5517946296413769,0.01698373698539962,0.00799117115477186,0.008629723767917137,0.05431778873841777,0.000802836147657046
MNAR,0.0,S1,extratrees,1009,0.9491833268833684,0.5525119462898336,0.01709595216183554,0.00856593526291488,0.007088299692143193,0.04465974287616099,0.000520507135060378
MNAR,0.0,S1,extratrees,1010,0.950210864239998,0.5602988303832657,0.01695451476179074,0.00902754086727224,0.016016850660681644,0.05655005578895787,0.0009253441197597111
MNAR,0.0,S1,extratrees,1011,0.9488540788806998,0.5602159371607858,0.0170045599085881,0.009644478296514939,0.007043049799322791,0.0167127960545503,0.0003737037444311209
MNAR,0.0,S1,extratrees,1012,0.9492225739758802,0.552319286627381,0.0171053065498661,0.0096149447098004,0.012956184992155126,0.06029334431931975,0.0008673750040004928
MNAR,0.0,S1,extratrees,1013,0.9493691907515707,0.5588003721715415,0.01706908516386496,0.01009302860815616,0.012608900909760478,0.06624633734131175,0.0011893066913974783
MNAR,0.0,S1,extratrees,1014,0.9490658053174712,0.554327172643731,0.017061864197646402,0.00932864716541348,0.01182324698089053,0.0674505955481302,0.0014225049794833813
MNAR,0.0,S1,extratrees,1015,0.9495521319797234,0.565958564344716,0.016815505842938,0.00824587331145584,0.011832934673914287,0.06462108937131625,0.0009092791893843094
MNAR,0.0,S1,extratrees,1016,0.9502716844260986,0.553005334423814,0.0171093299652618,0.0088806864400641,0.007838503731393545,0.0631026923914076,0.0011648575348665396
MNAR,0.0,S1,extratrees,1017,0.9498940874438857,0.5596633483716588,0.01687130422237716,0.00805847012624912,0.006675409002393577,0.03741311502127574,0.0006675912319623712
MNAR,0.0,S1,extratrees,1018,0.9471656230862493,0.5492856091183114,0.01734399464352048,0.00944921595182872,0.010964176471267906,0.03828567998373353,0.0008591224105367644
MNAR,0.0,S1,extratrees,1019,0.948670950505498,0.5491399591574874,0.017270848495653558,0.00985473959375376,0.008278323737739143,0.060467371386250704,0.0013921537825802648
MNAR,0.0,S1,extratrees,1020,0.9474478429970429,0.5501250723732003,0.01720949670570682,0.01000869006799672,0.01234120381178925,0.09364733136349705,0.0017348280253063565
MNAR,0.0,S1,lr_l2,1001,0.8907961848583457,0.43715405986104905,0.01839004786291496,0.00497152790853242,0.022139198110245138,0.07002802164620335,0.0013193711399354937
MNAR,0.0,S1,lr_l2,1002,0.8874355886557422,0.44690481981295005,0.0182611109018945,0.00545894235017238,0.02986537603859471,0.07334602054325476,0.0014973819105801082
MNAR,0.0,S1,lr_l2,1003,0.8928635930610366,0.4361456580416796,0.0184592309063569,0.00411262583750466,0.009281618625124506,0.06175468853681806,0.0015134084104572816
MNAR,0.0,S1,lr_l2,1004,0.8901973372073473,0.4486445232726295,0.01832386300687964,0.00460678778003564,0.02794325814361627,0.06434943784376912,0.0013237888182436584
MNAR,0.0,S1,lr_l2,1005,0.8923974895773163,0.4397624795137725,0.01831708600305828,0.00554889069455944,0.02920201995374909,0.0463660663176408,0.0011418335429634876
MNAR,0.0,S1,lr_l2,1006,0.8911561780766422,0.44082080913297494,0.01832733805414164,0.0049377642638567,0.01748497464655082,0.03519494513001787,0.0008133875059436724
MNAR,0.0,S1,lr_l2,1007,0.8877345122658846,0.4485463609191001,0.01826433381729482,0.0050341197104433605,0.0317617202837443,0.03317013429693008,0.0008149303420863595
MNAR,0.0,S1,lr_l2,1008,0.8931035280075266,0.4390928561242157,0.01849974204691628,0.0054299856874962,0.021697249492819235,0.05681694404104679,0.0011220641588511712
MNAR,0.0,S1,lr_l2,1009,0.8935806619815876,0.4417004782857898,0.01842783566880692,0.00555106584948066,0.011217083756715065,0.05964358117005529,0.0012539778126630843
MNAR,0.0,S1,lr_l2,1010,0.888591219749094,0.4385922548492179,0.01841656860654402,0.00715060419577764,0.03308214630368624,0.02746529116172795,0.0005194586297842606
MNAR,0.0,S1,lr_l2,1011,0.888413259456495,0.44057593367668113,0.018330318968500858,0.0059849120352833,0.016787021701524987,0.017347213377830788,0.0006373489839753406
MNAR,0.0,S1,lr_l2,1012,0.8924501987473044,0.4450756877482934,0.01837349286222238,0.00668569557572538,0.014933455534351199,0.07577194748039807,0.0015171518612674005
MNAR,0.0,S1,lr_l2,1013,0.8890311717408441,0.43542394126294653,0.01842105983932138,0.0058918292544894,0.01736967391468595,0.06600813970628609,0.001311949957781332
MNAR,0.0,S1,lr_l2,1014,0.8946384906467415,0.44710446008192245,0.01815242854070582,0.00544666813375234,0.015871962129023028,0.07105580652083801,0.0013602082946711155
MNAR,0.0,S1,lr_l2,1015,0.8890700685439228,0.4409995228746569,0.018513838162906242,0.0060888488915625,0.008205301099524158,0.039996236071214816,0.0006980169318596155
MNAR,0.0,S1,lr_l2,1016,0.8909570749590788,0.44425340383181994,0.018401151816544177,0.0062724161270513,0.02415940178623096,0.057711190934146665,0.0012732391559684853
MNAR,0.0,S1,lr_l2,1017,0.8907770806717059,0.44184013674952594,0.018445834714189,0.00597419490958324,0.015857291521784934,0.052346254876538455,0.0010966600745125625
MNAR,0.0,S1,lr_l2,1018,0.8883493961499358,0.44008484883066207,0.0183751657125776,0.0053466910007515,0.015741649604515275,0.05089238860735253,0.0011782565229197684
MNAR,0.0,S1,lr_l2,1019,0.8912858753733011,0.4416079121763404,0.01848389063198774,0.00547204067994146,0.0065265133137092785,0.03422608531186765,0.0008812581361088217
MNAR,0.0,S1,lr_l2,1020,0.8904863633120235,0.43763537831816385,0.018423637672372577,0.00485601705129402,0.022127616727523967,0.07527243472888194,0.0018819094946012842
MNAR,0.0,S1,rf,1001,0.9517452509750148,0.5562706509279572,0.0165712563626009,0.00742563195266326,0.01021091626807572,0.0560317403316661,0.0009754195516522096
MNAR,0.0,S1,rf,1002,0.9489684969807527,0.5657508695651099,0.016533972346281,0.00717095877584564,0.011296613375139597,0.07911566845429015,0.0011503500337366156
MNAR,0.0,S1,rf,1003,0.9511291524128351,0.5541434054751666,0.01668193256413732,0.00641464158116824,0.011709187388558091,0.04769687020457344,0.000772998293846485
MNAR,0.0,S1,rf,1004,0.9499304194797755,0.5566716378702126,0.016588951974770023,0.0089412357543491,0.014494566191156475,0.0870285420882058,0.0015498437772050607
MNAR,0.0,S1,rf,1005,0.9470307545515546,0.558925452785615,0.01657917891940846,0.00713656598285118,0.022363449608231452,0.04369467685739018,0.0005556389667247891
MNAR,0.0,S1,rf,1006,0.9475978766003536,0.5447350113694693,0.0169097036385184,0.00690464590261642,0.009538679402392275,0.030787330718719284,0.0004023480468992732
MNAR,0.0,S1,rf,1007,0.9521714226294495,0.5661418458364701,0.01642900829995616,0.00819724142061504,0.0027562270875625267,0.012020430117802523,0.00013725706340318955
MNAR,0.0,S1,rf,1008,0.9486893203306593,0.5610726435360336,0.016508870297095902,0.00604536918423646,0.009613676199746108,0.05115582443446922,0.0009433899473313007
MNAR,0.0,S1,rf,1009,0.9507452238138777,0.5566858892130078,0.016595081172689357,0.00642442886082908,0.00886192709656044,0.050571226452569916,0.0006802790676806793
MNAR,0.0,S1,rf,1010,0.9484764679106987,0.5591721223455082,0.01655001239922482,0.0077793432760668605,0.02197768165427346,0.0686727484620827,0.0011267310046467996
MNAR,0.0,S1,rf,1011,0.9490058435961627,0.563542766377133,0.01640214850717436,0.006891914943349581,0.009151467797186006,0.017792193809138344,0.00038706376517489886
MNAR,0.0,S1,rf,1012,0.9498715441156496,0.5608282560096038,0.016537404381290522,0.0071367832635526995,0.013696746688622502,0.05159902177587086,0.0009104746963045783
MNAR,0.0,S1,rf,1013,0.9507423072068086,0.5560514177470253,0.01661610618459108,0.00790307337542508,0.005563852965864204,0.0660368277521667,0.0012558528325720547
MNAR,0.0,S1,rf,1014,0.9525366068208732,0.5595275100571308,0.01651711414857246,0.0069563180544643,0.010842219905452649,0.059794285925202695,0.0011430241536162648
MNAR,0.0,S1,rf,1015,0.948794402911777,0.561740434572405,0.01652317048510294,0.006983239317776441,0.015281382424379084,0.06415426600024209,0.0010349543660901944
MNAR,0.0,S1,rf,1016,0.9499840381676451,0.5532809140588586,0.016659811343615598,0.006533908854631421,0.011409674406807244,0.06912604278830023,0.001191156518461166
MNAR,0.0,S1,rf,1017,0.9497513039350727,0.5648349833822949,0.0163943980813303,0.0063324370295206,0.007196387808548533,0.04842041973555551,0.0007887775348763688
MNAR,0.0,S1,rf,1018,0.948994936705305,0.5554498145537987,0.0166515735344538,0.0064743435977485195,0.010491613497372241,0.041838314039908266,0.0006769690796964158
MNAR,0.0,S1,rf,1019,0.9507031541306208,0.5595387053917785,0.01653199718411702,0.00781211378851792,0.0035218218134104055,0.0558325511298397,0.001062540808521875
MNAR,0.0,S1,rf,1020,0.9504970534726725,0.5548436987925682,0.01656786776726616,0.0065268137441500005,0.009566582023433481,0.09844063923821891,0.0017025140809804572
MNAR,0.0,S1,svm_linear_cal,1001,0.8815593581521428,0.44365200588173215,0.01831460423015642,0.00708384614221636,0.018055444130691146,0.08030573902761086,0.0016269533951127728
MNAR,0.0,S1,svm_linear_cal,1002,0.8768842654683204,0.45411150354481417,0.01829606295385472,0.0062183495930732795,0.03491974747614141,0.0826348869229391,0.0011453845665841682
MNAR,0.0,S1,svm_linear_cal,1003,0.8828698927910258,0.4469207654032412,0.018452879339217403,0.005047473357426301,0.017109201854562356,0.06416084106066547,0.00143774901158713
MNAR,0.0,S1,svm_linear_cal,1004,0.8824198985386407,0.45144625619521933,0.01839876743599862,0.00683693799394014,0.032937354632274214,0.07141880415447814,0.001330195460979999
MNAR,0.0,S1,svm_linear_cal,1005,0.8839129207452938,0.4528883957702673,0.018356987905867823,0.00690717446697668,0.026582668133431228,0.04340404616534173,0.0010425633545904974
MNAR,0.0,S1,svm_linear_cal,1006,0.8828468751661342,0.4513287761886325,0.018308010251993582,0.006329808170527899,0.020832121184773414,0.037094016235075675,0.0008390184707477758
MNAR,0.0,S1,svm_linear_cal,1007,0.8800741846684982,0.44952377617673,0.0183769272136976,0.0057990409453314,0.032771061971266356,0.03649466998362589,0.0009548663225398874
MNAR,0.0,S1,svm_linear_cal,1008,0.8842500253504639,0.4488633201028535,0.01856554003709076,0.006864714006780121,0.023978821771933997,0.05442926795545187,0.0010501819919164395
MNAR,0.0,S1,svm_linear_cal,1009,0.8843303065961952,0.45404015208691895,0.018496282518038098,0.00730828355790014,0.00908768623523844,0.043071687032203876,0.0010136744441823096
MNAR,0.0,S1,svm_linear_cal,1010,0.8802925079887567,0.4450677178183568,0.01849193354935464,0.007445394619835141,0.03679844426084592,0.030562377767149842,0.0006807303025667166
MNAR,0.0,S1,svm_linear_cal,1011,0.8773955479133718,0.4436589785235655,0.01827866641969654,0.00664044447709216,0.018427409821418175,0.01670040848916569,0.00039652858174547205
MNAR,0.0,S1,svm_linear_cal,1012,0.8841264762243168,0.4538050008189337,0.018461127531189742,0.00628562493059896,0.019679589441411596,0.06906972981521967,0.0011102409100345186
MNAR,0.0,S1,svm_linear_cal,1013,0.8778422674754648,0.44579612205658503,0.01834992564615976,0.006936060027584639,0.022580245042250223,0.07481309200215813,0.001266789448757685
MNAR,0.0,S1,svm_linear_cal,1014,0.88363486426616,0.4551373077176146,0.01833815186543262,0.00708335483838846,0.017881478591990057,0.0773672284075407,0.0014234174143259884
MNAR,0.0,S1,svm_linear_cal,1015,0.878268954161508,0.4377211893045427,0.01888383208577482,0.00647745429959744,0.012629506035373874,0.030784641610924535,0.0006547736929558514
MNAR,0.0,S1,svm_linear_cal,1016,0.8843971084446285,0.45035294984444346,0.01847364110753916,0.00706680799598156,0.024588386081079605,0.04667267714007589,0.0011423226820331733
MNAR,0.0,S1,svm_linear_cal,1017,0.8804035591741679,0.4471896667030273,0.018595406192394297,0.00695203013731672,0.017450326186642634,0.05076858700132179,0.001040966339300524
MNAR,0.0,S1,svm_linear_cal,1018,0.8760402220133019,0.4536299229988618,0.01828009087268058,0.0061101124667585,0.015753396373307353,0.05407791537335108,0.0013029556799053702
MNAR,0.0,S1,svm_linear_cal,1019,0.8846767615832993,0.45049719125484505,0.0183879020407133,0.00599602062836426,0.010102796943690779,0.036126646543044164,0.001041394996596236
MNAR,0.0,S1,svm_linear_cal,1020,0.8807441939792021,0.4458862066039222,0.0183606843642805,0.0068739728855037804,0.022304338250699007,0.07916685018476072,0.0018534515985402641
MNAR,0.0,S1,xgb,1001,0.9600384894535464,0.5842024011112866,0.015685167722403963,0.00738059998195692,0.009268695689335327,0.053868286423855834,0.0012155119507784972
MNAR,0.0,S1,xgb,1002,0.9550617483457096,0.5634138093460291,0.0161458425223827,0.0069866741278662,0.008169149356470586,0.07908785081493722,0.0017262821037198942
MNAR,0.0,S1,xgb,1003,0.9533960065247978,0.5609460385592272,0.0160674091428518,0.008290379730673661,0.008862438563930443,0.04937043516119374,0.0011883044098200464
MNAR,0.0,S1,xgb,1004,0.9555144604829993,0.5540993824343483,0.016144635900855,0.00783027651013498,0.012358631521581034,0.06070285582682573,0.0013222467404942595
MNAR,0.0,S1,xgb,1005,0.9579001868186763,0.5742799940221098,0.01591585781425232,0.0084414301205532,0.012101375077514367,0.03823584605530001,0.0008123506618930952
MNAR,0.0,S1,xgb,1006,0.957176169270849,0.5738820961505523,0.0159300852566957,0.00609061309554916,0.0085169159233361,0.03537316758772874,0.0007781449848243709
MNAR,0.0,S1,xgb,1007,0.9573386463856224,0.5714659788668562,0.016003664210438678,0.007306161888638319,0.0054046531570225214,0.03178745244517636,0.0005617301978442145
MNAR,0.0,S1,xgb,1008,0.9516985525752559,0.5597755354366691,0.01617240123450752,0.007674764919494639,0.008425287857132372,0.038339157009446435,0.0009125241653497258
MNAR,0.0,S1,xgb,1009,0.9581727656373541,0.5773928187628232,0.015869481861591282,0.007298946952306059,0.00917053770351259,0.050077398842317725,0.0008733437193478035
MNAR,0.0,S1,xgb,1010,0.9523843870763748,0.5705778051779341,0.01582240685820574,0.00674137173170482,0.024125250439087833,0.063064804413751,0.0014462017634782475
MNAR,0.0,S1,xgb,1011,0.9544375251639947,0.5771836333125859,0.01583817210048432,0.0071731747183383,0.0062280899738567305,0.022393309647203107,0.00040460451652322163
MNAR,0.0,S1,xgb,1012,0.9567830059632003,0.5779814686407766,0.01571226250380272,0.00581285084221314,0.009425711829732026,0.06015570871324998,0.0013981701923786538
MNAR,0.0,S1,xgb,1013,0.9564389419165785,0.554178534282477,0.016138713993132082,0.00664439111049238,0.003112728502967471,0.0430982274851015,0.0009733640950357141
MNAR,0.0,S1,xgb,1014,0.9544847984862613,0.5591339167052946,0.01613870915025468,0.00910914380979568,0.01365317908207923,0.09697149421365427,0.0020913200881331547
MNAR,0.0,S1,xgb,1015,0.9543621776080237,0.5790143433906465,0.01581012234091754,0.007396934885078241,0.012250613717699418,0.04134555383227054,0.0010550223195622647
MNAR,0.0,S1,xgb,1016,0.9544051784842607,0.5646282142797541,0.0160878343507647,0.008387424315441299,0.00564317017106533,0.049408001923183724,0.0012956794603538073
MNAR,0.0,S1,xgb,1017,0.9581064042925757,0.5862341142603955,0.01559020671993488,0.00602548586920718,0.009617808528861772,0.06188324391607795,0.0011097929334393211
MNAR,0.0,S1,xgb,1018,0.9559385272454024,0.5693847746001302,0.015938506834208922,0.00669414187713734,0.009283084002955414,0.027822513371097698,0.0007522130248159572
MNAR,0.0,S1,xgb,1019,0.960275807411079,0.5759214856933003,0.015814711526036203,0.00928319690678216,0.00610951874821554,0.04495645767528748,0.0012562148113635443
MNAR,0.0,S1,xgb,1020,0.9552839155340621,0.5695190915410929,0.01589177399873728,0.00768059360522374,0.010335995590000776,0.06043791809135634,0.0013138335565917613
MNAR,0.0,S2,extratrees,1001,0.9466189970212859,0.5261529601139092,0.01738529167666174,0.0099116115704423,0.005253076404267566,0.09233724949292037,0.0009807929421595096
MNAR,0.0,S2,extratrees,1002,0.9463984225757411,0.5264163202304025,0.01731340681856992,0.00956203956514846,0.006366024990000417,0.09661614317628435,0.0008684354552120797
MNAR,0.0,S2,extratrees,1003,0.9465881344391374,0.5359748655537693,0.01710214990190774,0.0092746156654403,0.006953519546131053,0.08837016903000325,0.000894685689247264
MNAR,0.0,S2,extratrees,1004,0.946926242797933,0.540886742722894,0.01712827958424486,0.00986745554755484,0.007512302667423657,0.08954043939546903,0.0009622217289212583
MNAR,0.0,S2,extratrees,1005,0.9513394351421212,0.536996409495575,0.017028432086313338,0.009412611664770639,0.005691182338018498,0.08311743466887288,0.000962701036900608
MNAR,0.0,S2,extratrees,1006,0.946788775962556,0.5371264304205077,0.0170947807682791,0.0101631847797732,0.002459162400065442,0.08607479102111892,0.0009556800993787964
MNAR,0.0,S2,extratrees,1007,0.9482111628179986,0.5280353584420283,0.01744094391770454,0.00990382197097832,0.003140937279593458,0.07625930702828493,0.001312558159575826
MNAR,0.0,S2,extratrees,1008,0.9440668311526206,0.540700653325365,0.01717152787770162,0.01001082944243094,0.00348748160312939,0.07939731537562111,0.0011685132139815043
MNAR,0.0,S2,extratrees,1009,0.9460479956891934,0.5310954329938702,0.01729292569310856,0.00934264915007106,0.004135119623840081,0.0866800087650596,0.0013075781819892154
MNAR,0.0,S2,extratrees,1010,0.948325868431585,0.5384594588439748,0.01709325129498184,0.00952608259444812,0.004147247441667256,0.08149274603300558,0.0009506874285017424
MNAR,0.0,S2,extratrees,1011,0.9481265139843508,0.5295176805847557,0.01732762957529502,0.0099791261119221,0.00498412448475581,0.08674665511748697,0.0009725399304782157
MNAR,0.0,S2,extratrees,1012,0.948171125140153,0.532066666235703,0.0171268207169034,0.008863411891142479,0.005022921585002548,0.08488440112638115,0.0010341945773442393
MNAR,0.0,S2,extratrees,1013,0.9514537354449086,0.534088596849996,0.01704127470177902,0.009642049656576359,0.0048284619274748305,0.07897729219584049,0.0009697902027751719
MNAR,0.0,S2,extratrees,1014,0.9476168954367372,0.531381019537436,0.017327774246783462,0.00956053891944684,0.0030005241816008043,0.07563463075307301,0.0011924963497665665
MNAR,0.0,S2,extratrees,1015,0.946373658502686,0.5248809235813668,0.01736283370006254,0.009785193246536419,0.007013681103686255,0.09834197716440794,0.0007327682956577059
MNAR,0.0,S2,extratrees,1016,0.9487013037975046,0.5364393779877712,0.0171689478481455,0.009355213812781659,0.0049453815069131135,0.0803693917604647,0.0010206819600229238
MNAR,0.0,S2,extratrees,1017,0.947004480979448,0.5364726986947763,0.017054721979134678,0.00981354004468266,0.005992066480177382,0.07804513200879687,0.0011433345828664647
MNAR,0.0,S2,extratrees,1018,0.9470726591717746,0.5288797645549274,0.01712871342923428,0.00914721357444248,0.005265578460457569,0.08450522204508909,0.0009788389417102776
MNAR,0.0,S2,extratrees,1019,0.9459810669273244,0.5266649391986975,0.01725156577554928,0.00943549822069502,0.006441936877654851,0.08661571119917703,0.0010972077797938942
MNAR,0.0,S2,extratrees,1020,0.948649380612202,0.5299149362416332,0.01712467404579716,0.0082453808754477,0.008320721962075549,0.08427060107371337,0.000951961399956018
MNAR,0.0,S2,lr_l2,1001,0.8916303605723035,0.4103072761040411,0.01917140741459388,0.00610457784821198,0.02461246149928256,0.0869111916312629,0.0013497971012575666
MNAR,0.0,S2,lr_l2,1002,0.8892286769658033,0.4188149330617401,0.018873913572698138,0.00682519086991846,0.02916321095249535,0.08191648179393674,0.0014230118263740376
MNAR,0.0,S2,lr_l2,1003,0.8905082706197897,0.41777382279523045,0.01901498520083634,0.0073124205714074604,0.029089605726465857,0.08511994773345655,0.0016268587597005582
MNAR,0.0,S2,lr_l2,1004,0.8897000052242034,0.41859721621579754,0.01916582557001504,0.00668664295025124,0.024047282624401718,0.08757610516659524,0.0014130931197111139
MNAR,0.0,S2,lr_l2,1005,0.8900560693802703,0.4218309437840471,0.018896485110616902,0.006311068013475719,0.024273029705594612,0.08984284126142934,0.0013728680230564443
MNAR,0.0,S2,lr_l2,1006,0.8902864949637687,0.4193797773505013,0.0188581344827277,0.00640386709374254,0.026296893336005978,0.0847174707944694,0.0014930060549392921
MNAR,0.0,S2,lr_l2,1007,0.891011826566869,0.4239627422915156,0.01900310635089238,0.0060517254199432,0.024374998001287073,0.07949266619355427,0.0015818074598900026
MNAR,0.0,S2,lr_l2,1008,0.889168813061959,0.4164630080334769,0.018893965714195583,0.006819899005001739,0.028501566807214433,0.09303704132070495,0.0016322571779757373
MNAR,0.0,S2,lr_l2,1009,0.8867402458077246,0.41782878482357777,0.0189601721376362,0.006865027773793,0.027073080187894668,0.0843433360269112,0.001531143778662032
MNAR,0.0,S2,lr_l2,1010,0.8864376172701405,0.4192020986545396,0.01889257819938176,0.00521609175062078,0.026319066934802113,0.0848953843848294,0.0015077165417180438
MNAR,0.0,S2,lr_l2,1011,0.8952369923169364,0.41537518102658544,0.018832397718803958,0.007318247971037239,0.023878189689012043,0.09327875579465407,0.0015031002618210124
MNAR,0.0,S2,lr_l2,1012,0.8898284793920295,0.4147890207034356,0.01892877022680518,0.00613385514988904,0.028221542674913863,0.08471396040274022,0.001551827030554219
MNAR,0.0,S2,lr_l2,1013,0.8909072232430246,0.4196088960733066,0.01903661165651478,0.00627676815018958,0.029299609088219866,0.09705298916081466,0.0014779823000966588
MNAR,0.0,S2,lr_l2,1014,0.891287745805325,0.431209943816434,0.018541925422061,0.00583656119496242,0.031029695038596972,0.0862960002148971,0.0017050380003839753
MNAR,0.0,S2,lr_l2,1015,0.8909806389412266,0.4245501170811076,0.0186959580345766,0.006808141777873459,0.0266089443707942,0.08581644043783312,0.0012571860480271692
MNAR,0.0,S2,lr_l2,1016,0.8913440115861364,0.4142395474716082,0.01891772359465862,0.0061562333727495,0.02883053412525223,0.08489829571642714,0.0013798497883904972
MNAR,0.0,S2,lr_l2,1017,0.8895518242834444,0.4164062859678605,0.01882384723951206,0.00526758493134802,0.022338321034188386,0.08485565336022893,0.0013149287021045424
MNAR,0.0,S2,lr_l2,1018,0.8876744717397287,0.42063103638791616,0.01890821498322596,0.00742149327834226,0.02650628424008096,0.08634670766863546,0.0015841588652177174
MNAR,0.0,S2,lr_l2,1019,0.8908749234391669,0.4305037514984359,0.01849546786431898,0.00662971651320874,0.026591359892833382,0.09338922958151326,0.00120652869402434
MNAR,0.0,S2,lr_l2,1020,0.8917136742388548,0.4241691452526107,0.01870104482301002,0.00663549949274414,0.023077012100881564,0.08967666721605358,0.0013712531257941577
MNAR,0.0,S2,rf,1001,0.9450522526322327,0.5352593666096365,0.01677438090050612,0.007087306048110161,0.0075606026554600565,0.08342504207518577,0.0009313596282014243
MNAR,0.0,S2,rf,1002,0.9493668972234133,0.5468071643018486,0.01669327020681368,0.007828314244445139,0.005085119718730481,0.07643716328678568,0.001017679677490328
MNAR,0.0,S2,rf,1003,0.9487448222789456,0.5467068954919867,0.016624653811603822,0.00783497527085628,0.004519174714148234,0.07448153708323331,0.0009612393974698905
MNAR,0.0,S2,rf,1004,0.9507868502472464,0.5562853758358273,0.016607380701247558,0.0084674403493006,0.006631923767927896,0.07790182578460354,0.0009182591121296305
MNAR,0.0,S2,rf,1005,0.9516789153913191,0.5444330393732876,0.016620723048702803,0.00687164146632976,0.006661063364482488,0.07267820397367697,0.0010274489090023181
MNAR,0.0,S2,rf,1006,0.9494840607215206,0.5463492867729902,0.01687305043106732,0.00936332379690348,0.0033727884173649428,0.06525147122156953,0.001094798103798662
MNAR,0.0,S2,rf,1007,0.9494855057516386,0.5530931579028086,0.01659743547523438,0.00782817123434738,0.0044551498396370095,0.06569365816778121,0.0009395193434438761
MNAR,0.0,S2,rf,1008,0.9474312804940148,0.5400327061436784,0.016891879755414417,0.00865233393500222,0.002024976979644889,0.08200221229115182,0.0010742187355011065
MNAR,0.0,S2,rf,1009,0.9499651733909303,0.5416031129632612,0.016745838916584203,0.00742469340870182,0.006716368644773286,0.08080621749001474,0.0010278757277331612
MNAR,0.0,S2,rf,1010,0.946493336631051,0.5411637399776581,0.01674728409280904,0.00701954040478754,0.005924825199989719,0.08038136504652814,0.000883512103078298
MNAR,0.0,S2,rf,1011,0.9477520504163504,0.5420289123375543,0.016867278253457497,0.00833422801087652,0.004599099224872572,0.06078872625313666,0.0011554038875948522
MNAR,0.0,S2,rf,1012,0.9461269174398155,0.5486476903467729,0.01662465212797222,0.00833810606659632,0.007287646269599819,0.07261062455853004,0.0008705595956917752
MNAR,0.0,S2,rf,1013,0.9499714903955647,0.5377891118473433,0.01690259228974466,0.007385716088632579,0.004358782744772166,0.07370986561866626,0.001173572042952064
MNAR,0.0,S2,rf,1014,0.9492537688399263,0.5450800563308198,0.01694866799320998,0.007720049309100199,0.004121727058118049,0.061086757977799534,0.0012293540485564048
MNAR,0.0,S2,rf,1015,0.9453643138816228,0.5468580929867812,0.016632559342436782,0.00794944147057408,0.010587867172013833,0.07704747647688809,0.000891131988906775
MNAR,0.0,S2,rf,1016,0.9478196487711539,0.5366814869879459,0.01710188899948322,0.00892438776469156,0.0047831426806280814,0.06890889046310923,0.001174650307049029
MNAR,0.0,S2,rf,1017,0.9513151350293333,0.5457249044323692,0.01660902736498496,0.0076121099016663194,0.0061470890571848355,0.07655450746134526,0.0010428209697283116
MNAR,0.0,S2,rf,1018,0.9490359347447315,0.5413115847911744,0.016747554811621303,0.007535450670472041,0.005751694700117817,0.07224293898327237,0.0009879155564048632
MNAR,0.0,S2,rf,1019,0.9493444817258727,0.5478964624780344,0.01661771336373986,0.00746088036580034,0.006698434304740459,0.07484825577001392,0.0008273587507708354
MNAR,0.0,S2,rf,1020,0.9499417211668906,0.5419374852065661,0.01671575654207144,0.00735480086991336,0.007101814014291641,0.0819255368817581,0.0008709156911809871
MNAR,0.0,S2,svm_linear_cal,1001,0.8800420676781411,0.4220021643401581,0.01914284354768568,0.0075327022301085594,0.029430332304903734,0.0848450016190229,0.0014001278425349387
MNAR,0.0,S2,svm_linear_cal,1002,0.8777676511339351,0.4294366021160377,0.01868866475815232,0.0076566416147195605,0.03222214311109593,0.07827964426174955,0.0013518788363801636
MNAR,0.0,S2,svm_linear_cal,1003,0.8834856246352183,0.4354043156210635,0.0188857467852786,0.0072526298018959195,0.03465749702689595,0.0822475641633583,0.0016352150740202727
MNAR,0.0,S2,svm_linear_cal,1004,0.879678755402125,0.4252780956778107,0.01912414314615486,0.00768772236771684,0.03003105462094395,0.08344581965446415,0.0014377450591481307
MNAR,0.0,S2,svm_linear_cal,1005,0.8823116164574133,0.4311191814350666,0.01889316159230352,0.00692563356017412,0.02767008746302009,0.08918906461159215,0.001223887332495003
MNAR,0.0,S2,svm_linear_cal,1006,0.8807443314561911,0.42873568134179296,0.018867832367649322,0.00587808027027964,0.0307971859853706,0.08161994907754745,0.0015244209715868165
MNAR,0.0,S2,svm_linear_cal,1007,0.8814202195893881,0.4269739656544875,0.01901338656043916,0.00631575090330664,0.027328889732700885,0.07438793893247085,0.0015401773039753507
MNAR,0.0,S2,svm_linear_cal,1008,0.8773781278811832,0.42829981151910823,0.01875563928459306,0.0073656384087042405,0.03444025986866965,0.08479661377496465,0.0014114677216403582
MNAR,0.0,S2,svm_linear_cal,1009,0.8766203774790661,0.42670897729297,0.01904396667754692,0.007154244108226421,0.03012624382879651,0.08418079839503141,0.0015477219761665729
MNAR,0.0,S2,svm_linear_cal,1010,0.8769531372533372,0.4288930288614787,0.01883386739562428,0.00595521494323564,0.032155474033922424,0.08291989161756558,0.0014613286335139624
MNAR,0.0,S2,svm_linear_cal,1011,0.8863434630456533,0.42656587257581435,0.01881560843105856,0.00692502596895486,0.02651538835010054,0.08903929952614252,0.0013775530318881073
MNAR,0.0,S2,svm_linear_cal,1012,0.8796923812808526,0.4299562122003936,0.018767398109330098,0.00721058383339714,0.03383549285042638,0.07958608857078436,0.001477490410001881
MNAR,0.0,S2,svm_linear_cal,1013,0.8813946862102512,0.4264342165657542,0.01918759815886048,0.006332059611454499,0.03471218844898744,0.09234566851744087,0.001641459576464111
MNAR,0.0,S2,svm_linear_cal,1014,0.8832577699136784,0.43649641079258295,0.01858490756922656,0.0077728857777149,0.03550523228372271,0.08031217127712291,0.0017537141051749323
MNAR,0.0,S2,svm_linear_cal,1015,0.879704062402779,0.43368078746739214,0.01854961242125984,0.00770970341236608,0.03236698194533862,0.07991629704969094,0.0012858069467956612
MNAR,0.0,S2,svm_linear_cal,1016,0.8811449124637818,0.423136156403662,0.0189688720789408,0.00673886006103606,0.03347302904060565,0.08698228483168659,0.0013992670493642874
MNAR,0.0,S2,svm_linear_cal,1017,0.879056461931139,0.4295550687793662,0.01878093530133804,0.00632585824290566,0.025659324618781613,0.08018841188926935,0.0014528142975391274
MNAR,0.0,S2,svm_linear_cal,1018,0.8772857913596953,0.43413781550182673,0.018673157492135002,0.007697424233055181,0.03195853567282581,0.08464171267790498,0.0016244366468054397
MNAR,0.0,S2,svm_linear_cal,1019,0.8796069176182986,0.4379100231686973,0.01848477155428922,0.006575463254438141,0.03323835101064136,0.08608976648510411,0.0011624425554123078
MNAR,0.0,S2,svm_linear_cal,1020,0.8823190415816905,0.4352301672217059,0.0186673254063974,0.0071407908206506995,0.027021951537954628,0.08537738486012518,0.0014017060407903533
MNAR,0.0,S2,xgb,1001,0.9575756732180458,0.5510209531284048,0.01618723012506956,0.0072078031408645184,0.0033052736384485536,0.08485408378451562,0.0005778814269019506
MNAR,0.0,S2,xgb,1002,0.9556778162288098,0.5585138043173068,0.015971211344003623,0.00811826209272484,0.0060322294378364555,0.09334349010689934,0.0004629144181417689
MNAR,0.0,S2,xgb,1003,0.9570175299972792,0.5665805514463338,0.0156647672876715,0.0061815774918657,0.004296721478438824,0.09219753250275153,0.0006756728668405184
MNAR,0.0,S2,xgb,1004,0.9554435685130205,0.5550263147093284,0.016064985096454577,0.00797617402809922,0.006774812609172071,0.09913859874796685,0.000742358918363487
MNAR,0.0,S2,xgb,1005,0.9574439560358007,0.5635259785605146,0.015978997759520962,0.00794717438323558,0.009345858639426451,0.08510274411482512,0.0010066107012089035
MNAR,0.0,S2,xgb,1006,0.9538152843972177,0.5721141515763414,0.01571456175297494,0.0063730520972903795,0.008763005420247131,0.08950982141468077,0.0007099684922580389
MNAR,0.0,S2,xgb,1007,0.957602446864475,0.5670140877283932,0.01588017847388978,0.006730783563400419,0.004194827725607434,0.08488108658430726,0.0006592080115833825
MNAR,0.0,S2,xgb,1008,0.9568999956244472,0.5603344951555866,0.01586380619555706,0.0073886552595442394,0.007541706810020969,0.07679720297175938,0.0007423986286566469
MNAR,0.0,S2,xgb,1009,0.9565586085605986,0.5690770411754604,0.01587225794792172,0.00750906627116938,0.00663827564879676,0.10055244273517343,0.0008667632506940434
MNAR,0.0,S2,xgb,1010,0.9585421807235592,0.5701350695879842,0.0156471766531467,0.0057623766414794,0.006210226446537183,0.08204194819026416,0.0006805213748592869
MNAR,0.0,S2,xgb,1011,0.9566203155412056,0.5673925899416499,0.01570358630269758,0.00693614311642278,0.008183581352663966,0.08433747560228573,0.0005893198494660694
MNAR,0.0,S2,xgb,1012,0.9527895192510186,0.5596565830355827,0.01600103788077826,0.00853906583137176,0.007738536096102457,0.08057193218535784,0.0008567641662545808
MNAR,0.0,S2,xgb,1013,0.9588901979371489,0.5597426820291005,0.01599175911396736,0.006876815727951879,0.005672043255676342,0.08676829262575857,0.000648912805827418
MNAR,0.0,S2,xgb,1014,0.95592632211658,0.5629403819576039,0.0158942965790629,0.007214479642928801,0.009218974173888497,0.08530056662259546,0.0006996264483435195
MNAR,0.0,S2,xgb,1015,0.9562690215866511,0.562943162768109,0.01580269969999786,0.005924541257925339,0.004519583655985279,0.10402371600014558,0.0006862912122641959
MNAR,0.0,S2,xgb,1016,0.9588392574046065,0.5687376496292704,0.015860463678836763,0.0076682114902916,0.005085074115981902,0.08849766718688235,0.0007280185246273985
MNAR,0.0,S2,xgb,1017,0.9585855573469606,0.5689135019271456,0.01591775361448522,0.00785158380801034,0.006975273572087143,0.08011689682576395,0.0010845706371278977
MNAR,0.0,S2,xgb,1018,0.9563580573387547,0.567944954341838,0.015895381011068778,0.007265029498939519,0.0038342464766124027,0.07021861587489042,0.0008672342083181432
MNAR,0.0,S2,xgb,1019,0.9581669660773142,0.5534323469646869,0.01608034037053582,0.0077057074492675,0.00621958245544964,0.10301235991146242,0.0007670081530248848
MNAR,0.0,S2,xgb,1020,0.9557001805864527,0.5569286141341275,0.01605222281068558,0.007553567562415981,0.005215424345107225,0.08646363089857381,0.0008003788247720714
MNAR,0.05,S1,extratrees,1001,0.9430702871897256,0.5114000634392469,0.01785285580304952,0.008606734107582701,0.014684187672570159,0.07348119641532638,0.0011808503674319544
MNAR,0.05,S1,extratrees,1002,0.9444572875532025,0.5222852588359002,0.0178873510099889,0.00927465818999362,0.011301533628651918,0.08079437293741648,0.0009044143925241238
MNAR,0.05,S1,extratrees,1003,0.9417778565664751,0.5006677221624696,0.0180455270063969,0.00856344579312824,0.015700748492328755,0.07356551078115765,0.0009537903982712046
MNAR,0.05,S1,extratrees,1004,0.9408487156957207,0.5105690983432917,0.017963217747227277,0.00887373964283404,0.01852940888260354,0.0885314121325427,0.0011488423249493846
MNAR,0.05,S1,extratrees,1005,0.9438592869658837,0.513059770082797,0.01796414271123828,0.008474626918479219,0.013825012081593101,0.04901414062701067,0.0005789833835579216
MNAR,0.05,S1,extratrees,1006,0.937794710727782,0.5011910697165447,0.01809597225842968,0.009348336390730998,0.0113790034082999,0.046873190577895046,0.0005782626268663377
MNAR,0.05,S1,extratrees,1007,0.9422830745236196,0.5068533754074803,0.01795329813901288,0.008697808380328801,0.006988641361647069,0.022891011328682983,0.0003401165007350563
MNAR,0.05,S1,extratrees,1008,0.9419449220809245,0.5014987319277131,0.01804903694184698,0.008053652875937161,0.008094630158990982,0.04436954554863871,0.0005463294630636656
MNAR,0.05,S1,extratrees,1009,0.9390854221074644,0.5074796455798888,0.01805817742748838,0.00856598410479204,0.013307025082051619,0.0456804908334317,0.0007625002403571249
MNAR,0.05,S1,extratrees,1010,0.9403184757514145,0.49804573660443713,0.01826512369858656,0.00989999954608942,0.01890086677507658,0.06838464899759474,0.0010433383420511827
MNAR,0.05,S1,extratrees,1011,0.9447456109675996,0.5098684968523856,0.017862735607175502,0.00898983318609412,0.006312910622230268,0.015496534751623374,0.0003108555421536901
MNAR,0.05,S1,extratrees,1012,0.9392078504445504,0.5044030907999462,0.01796797243286998,0.00794261063611348,0.01599220567200364,0.062394827189065694,0.0008229485518127434
MNAR,0.05,S1,extratrees,1013,0.9395907352080588,0.5006117063443349,0.01802251719162918,0.008503337421069,0.015671689551318837,0.07618630377860586,0.0011738601080201834
MNAR,0.05,S1,extratrees,1014,0.9418367711358837,0.5106636472951676,0.01788651215588724,0.00895701246692156,0.008906180993633998,0.06923657680564498,0.0010842984261456206
MNAR,0.05,S1,extratrees,1015,0.9371239407447416,0.5165521578361912,0.01785749251849392,0.00933460129617524,0.016574686580979783,0.05462930799103798,0.0007503923905419204
MNAR,0.05,S1,extratrees,1016,0.9354869928040461,0.4953472938276633,0.01812737714178912,0.008505004324730201,0.008262368226293485,0.0697512308317367,0.0010229815631003654
MNAR,0.05,S1,extratrees,1017,0.9442208692992455,0.519834793101136,0.0178298344125269,0.0090459968595701,0.008701027868173708,0.045270076823959886,0.0007214835924346144
MNAR,0.05,S1,extratrees,1018,0.9379207173415864,0.5007728979553981,0.01817226136500666,0.00797714639408772,0.004024317491954863,0.04901809719550673,0.0007440126167750897
MNAR,0.05,S1,extratrees,1019,0.9429813572498726,0.5013491407728432,0.01800735316079844,0.00854542324032384,0.006846603219022819,0.06698668305420212,0.001027378742996672
MNAR,0.05,S1,extratrees,1020,0.9409606038759935,0.5080006240300756,0.017972335880926598,0.00783701300982398,0.013485650600420567,0.08709376226654672,0.0012583979142156917
MNAR,0.05,S1,lr_l2,1001,0.869605069810833,0.374112963608933,0.0194532359839118,0.005641288837916559,0.019610434406705343,0.09976192219598894,0.0019831301669586115
MNAR,0.05,S1,lr_l2,1002,0.856571161144448,0.3840707008482843,0.01947398286454356,0.00432554520399018,0.03246159866166247,0.05642589446121428,0.001025206421284979
MNAR,0.05,S1,lr_l2,1003,0.8728806831152502,0.377617941257138,0.019630785806117563,0.00470543376904462,0.013630133154538874,0.06800109403070954,0.0013617081248635506
MNAR,0.05,S1,lr_l2,1004,0.8685398545287063,0.37876939735799453,0.01969185096023884,0.00560679731431132,0.02385737944641205,0.07881991593748891,0.0014670707704720874
MNAR,0.05,S1,lr_l2,1005,0.8645946245689278,0.3731571652402602,0.01972107586775352,0.0060891485350277,0.03746081142382387,0.041239615402008795,0.0010205032730295181
MNAR,0.05,S1,lr_l2,1006,0.8583224161581013,0.37804157084349915,0.01957105219166718,0.00463172471508212,0.01564981400152537,0.05279659086336108,0.0009930518134102246
MNAR,0.05,S1,lr_l2,1007,0.8626828923358207,0.38995250869993653,0.0192927907853571,0.0045155920783815,0.03368782992490837,0.030673513703581307,0.0007124661357521503
MNAR,0.05,S1,lr_l2,1008,0.877131692784241,0.37452789259931796,0.01965335796648034,0.00432359847390424,0.023648432063657365,0.036701987593995185,0.0007982978886202621
MNAR,0.05,S1,lr_l2,1009,0.8717172679190434,0.3828962785219435,0.01962099790418962,0.0051336669211591805,0.015491920117965645,0.052261697140389515,0.0010162966426965855
MNAR,0.05,S1,lr_l2,1010,0.8556475549682782,0.37040882672760445,0.019636197191943622,0.006262151721652761,0.0398794234272355,0.043181545037819936,0.0009110711806308244
MNAR,0.05,S1,lr_l2,1011,0.865978307429508,0.3855480908823977,0.01942333966350398,0.00470530305409132,0.020393219170320886,0.025614564957872402,0.0005490024229574793
MNAR,0.05,S1,lr_l2,1012,0.868421497967687,0.3780560526236847,0.01969732089289336,0.0053785494494044805,0.02587310655538754,0.06854224401874728,0.0014848970700567143
MNAR,0.05,S1,lr_l2,1013,0.8641410288532345,0.3765130348526467,0.01956084468276268,0.00494971674723742,0.023429455672005772,0.07069109378430122,0.0013252454485173613
MNAR,0.05,S1,lr_l2,1014,0.8704115787268705,0.3657731681651642,0.019884939217625658,0.0050479241256614,0.015372275010475021,0.05422251815990329,0.0009681666019943282
MNAR,0.05,S1,lr_l2,1015,0.8597255781227144,0.3778169427545298,0.0196338914576962,0.00461682231956292,0.009989477365522614,0.0462541863847413,0.0006757524926933208
MNAR,0.05,S1,lr_l2,1016,0.8644591977589071,0.3856599240315577,0.019667844086732562,0.00624335388092182,0.026858575273080873,0.06606071313905286,0.0014244846416157516
MNAR,0.05,S1,lr_l2,1017,0.8714399428822874,0.3752169242039076,0.01972292208316602,0.00474414324299806,0.012759526176539594,0.05213218092907661,0.0011134170998247464
MNAR,0.05,S1,lr_l2,1018,0.8725280117171728,0.3771673405722673,0.019705238791100622,0.0050646435206868606,0.01954462781080033,0.03997786419550221,0.0009466178757375007
MNAR,0.05,S1,lr_l2,1019,0.8635116490601499,0.3755664674858084,0.01958702648498506,0.0046984104010008,0.007631102104056924,0.03418002827581637,0.0008407606729543107
MNAR,0.05,S1,lr_l2,1020,0.8619639027356045,0.3741248046044043,0.0195184267935436,0.00449445107103366,0.025528819188300123,0.08653727021328046,0.001848485020093321
MNAR,0.05,S1,rf,1001,0.9401759440773276,0.49615835611327236,0.017691074435059122,0.00642268294563122,0.012221228712436983,0.06778109945585097,0.0011916448944912284
MNAR,0.05,S1,rf,1002,0.9373409939707138,0.5101985028863913,0.01769437566441154,0.006935524585160601,0.011434867876266788,0.07967938943704822,0.0011141769384976278
MNAR,0.05,S1,rf,1003,0.9372910519753134,0.4915944199292765,0.01783032965356974,0.00688117330851582,0.0211381673253969,0.06953946419860615,0.0011148456985097836
MNAR,0.05,S1,rf,1004,0.9372531534941322,0.49336467542235524,0.01792081598933658,0.00796811981226912,0.0168177958217368,0.09510046506871021,0.0014894628095735777
MNAR,0.05,S1,rf,1005,0.9383222109224993,0.5008515972830694,0.017744173253496,0.0063504112606389,0.014396414990679778,0.044127494098054935,0.00047885414277616125
MNAR,0.05,S1,rf,1006,0.937702423687593,0.49718431971124194,0.0178320139662356,0.007366245205335201,0.010271293301616885,0.05396920756622014,0.0007078317631877772
MNAR,0.05,S1,rf,1007,0.9382900561554276,0.5029313773127868,0.017705944130122758,0.006588083837122979,0.006524252857296042,0.020128110059046987,0.000287661491720201
MNAR,0.05,S1,rf,1008,0.9399904872080539,0.504393495566877,0.01769698463730848,0.007397030623529361,0.00516711796226526,0.05213357444755915,0.0007173175721413148
MNAR,0.05,S1,rf,1009,0.9398843834404849,0.5033196389705916,0.01767381917922134,0.00592957701519896,0.007813448824537005,0.04180368815592677,0.000556432464872293
MNAR,0.05,S1,rf,1010,0.9375635595876826,0.49094125579828374,0.01788845960702762,0.00726259396703786,0.018448290817060398,0.07245582885508663,0.0012687150286105182
MNAR,0.05,S1,rf,1011,0.9381821478644905,0.49591462948550885,0.0177425968452734,0.00615155527235834,0.008571124388158834,0.02340404268380767,0.00038166373002479796
MNAR,0.05,S1,rf,1012,0.9374552032849781,0.5011613534768717,0.01770692781096482,0.0060941433030555605,0.014758111223942544,0.0484518717287545,0.0008246257280011249
MNAR,0.05,S1,rf,1013,0.9356228837613948,0.48963443850175237,0.01787598153031486,0.0071120651607797,0.01117528181216717,0.06695720943588736,0.0012061840789536992
MNAR,0.05,S1,rf,1014,0.9424153133697126,0.5104169009141737,0.01753480569046454,0.00747080415397384,0.009957345650040595,0.06005269285586276,0.0010267878492406968
MNAR,0.05,S1,rf,1015,0.9348324966776485,0.5053581542312615,0.017609481494028863,0.00627358642274912,0.016061210269322803,0.054730599915207144,0.0008146544297151089
MNAR,0.05,S1,rf,1016,0.9344070735932307,0.4918303427671825,0.01779729189916942,0.00747750415912974,0.012528525726587638,0.06845178432976744,0.0011511091109952742
MNAR,0.05,S1,rf,1017,0.9420390135665693,0.508263753171074,0.017590439041531382,0.00598506752576114,0.0066723773458372704,0.06151325605656842,0.0009069834871872859
MNAR,0.05,S1,rf,1018,0.9386829093995719,0.5035818492687426,0.01768562471460056,0.00656736539161708,0.011085984078502543,0.05121774263722469,0.000730763268337243
MNAR,0.05,S1,rf,1019,0.9370351092569983,0.4896723386622169,0.01793421560985882,0.006236511330792579,0.004343889952802896,0.07587846967553687,0.0013241607738217114
MNAR,0.05,S1,rf,1020,0.9367432048363685,0.5004831579665232,0.017704989671469117,0.007367194348091461,0.014982797605069886,0.11316780071081266,0.001883565977534537
MNAR,0.05,S1,svm_linear_cal,1001,0.8538156206308809,0.3786392941574774,0.01948567282383016,0.00616267965980658,0.02124622595229109,0.10009338942663133,0.002044568472402498
MNAR,0.05,S1,svm_linear_cal,1002,0.8440457794950481,0.3859093514070159,0.01953323550203202,0.0054579388205206,0.03240882501405665,0.05519408771855701,0.0006785338370285687
MNAR,0.05,S1,svm_linear_cal,1003,0.8552698863538384,0.38010036558526167,0.01976514498552224,0.00521164618589968,0.020473972421619815,0.07336971635080468,0.0012799270065995268
MNAR,0.05,S1,svm_linear_cal,1004,0.854762893370782,0.3839948493592174,0.01982131767705262,0.0075230579774306595,0.024044422768875338,0.07877792739185284,0.0011818629521074253
MNAR,0.05,S1,svm_linear_cal,1005,0.8422722070042565,0.3853211893805625,0.01977191836717538,0.00636022147179906,0.04146463586161282,0.044893701210662995,0.0007800899197170109
MNAR,0.05,S1,svm_linear_cal,1006,0.8410315189756101,0.383442708232521,0.0195995722714488,0.00634806631858402,0.022546544795196324,0.0492392864499363,0.0009843637495757077
MNAR,0.05,S1,svm_linear_cal,1007,0.8465759105309445,0.38684986289173934,0.019481294572640757,0.004553817004629141,0.036691202706195164,0.040966053447303086,0.0008406501358330048
MNAR,0.05,S1,svm_linear_cal,1008,0.8592812605230448,0.37626966471150886,0.019824734697183138,0.0052383967261384595,0.02628110639382996,0.041066481389564875,0.0008570105820083034
MNAR,0.05,S1,svm_linear_cal,1009,0.8588995167251895,0.3859050027007707,0.01987189539624462,0.00649007969412012,0.019320832977303977,0.03445316817180685,0.0006897621015845552
MNAR,0.05,S1,svm_linear_cal,1010,0.8342307370631314,0.37627979757317626,0.019775887865115437,0.0061437674881591,0.04701596929675685,0.04053219770570386,0.0008279176045898769
MNAR,0.05,S1,svm_linear_cal,1011,0.8470205362930674,0.3837467883095736,0.01945974562683846,0.00630297046426616,0.026999539949199285,0.02045085242037864,0.0005705419060463779
MNAR,0.05,S1,svm_linear_cal,1012,0.8512002619234899,0.37708914865772153,0.01976444711954798,0.0056791928739378,0.03066843572647602,0.06968638627241922,0.0012047887869123437
MNAR,0.05,S1,svm_linear_cal,1013,0.8448038287810204,0.3867809781326371,0.019510531265902298,0.007018279501344179,0.03225671057952588,0.08212655392582549,0.0013497202594602447
MNAR,0.05,S1,svm_linear_cal,1014,0.8573941824912442,0.37891732455699134,0.019896619691533522,0.00591188388179076,0.016015030925162297,0.05676266704204719,0.0011183944019850264
MNAR,0.05,S1,svm_linear_cal,1015,0.8386070957380862,0.3707918551495036,0.020106390073323998,0.0051775197121506,0.012863412049501173,0.04087652510481748,0.0008644194189937425
MNAR,0.05,S1,svm_linear_cal,1016,0.848181476642839,0.3899068582423937,0.019783583238656262,0.00713777588852344,0.02667327684284784,0.059465058425361005,0.0012177171875777301
MNAR,0.05,S1,svm_linear_cal,1017,0.8557542224442317,0.3901192540520473,0.019923834529933758,0.00794803953307956,0.011612157141190346,0.04400330185580702,0.0009474037504482584
MNAR,0.05,S1,svm_linear_cal,1018,0.8574372656320893,0.3971728813231782,0.01955028572779738,0.0051354407078384,0.01922082676342759,0.03971105840960313,0.0010533284316380479
MNAR,0.05,S1,svm_linear_cal,1019,0.8450988071180969,0.384243039661593,0.01963735846170716,0.0056101454471523,0.012699346801177274,0.046249130830693826,0.001189866097439647
MNAR,0.05,S1,svm_linear_cal,1020,0.8438496556257444,0.38598547127173805,0.01951783072595792,0.00584814687587034,0.026170472791704386,0.08473788161670182,0.0017976170789332268
MNAR,0.05,S1,xgb,1001,0.9581400370385413,0.5878948134840267,0.01592510733753438,0.00998956551371354,0.012769213372310304,0.0569081995112984,0.001313782697445415
MNAR,0.05,S1,xgb,1002,0.9541983628337398,0.5750639482299102,0.01645879074931138,0.009655744670457881,0.006583146550303038,0.07949580674594232,0.0015345642656814753
MNAR,0.05,S1,xgb,1003,0.9492945842730862,0.5305518560053747,0.01691200695931906,0.00848290507947414,0.010512673954444085,0.060937530004667236,0.0012884235260045757
MNAR,0.05,S1,xgb,1004,0.9489721168987997,0.5576879272789508,0.01656513344496484,0.00993413271989976,0.019773551678524674,0.05205780735857543,0.00116733153705216
MNAR,0.05,S1,xgb,1005,0.9539409367424285,0.5601645484742004,0.01648535430431362,0.01067878225998692,0.01089548974412375,0.06256884482161548,0.0011521375446195523
MNAR,0.05,S1,xgb,1006,0.9512367187742891,0.5487826707308168,0.01666397433727972,0.01007315864691344,0.007247178017057807,0.03514137881246051,0.000933019840491946
MNAR,0.05,S1,xgb,1007,0.9561250691317735,0.5669425567347897,0.01638954039663072,0.0097179936936441,0.009505568915860445,0.05272875475382345,0.0009240289663113971
MNAR,0.05,S1,xgb,1008,0.9555718619612051,0.5482101325482562,0.016801187954843,0.01055882155673326,0.009947937881050023,0.056481522980341266,0.001218254584572533
MNAR,0.05,S1,xgb,1009,0.9554783162096626,0.5509367341823557,0.01669335514307018,0.008921548155000899,0.00857234339294123,0.04514352617152001,0.0009722996801162079
MNAR,0.05,S1,xgb,1010,0.949814507239298,0.5440342671464696,0.01672527287155386,0.008634609524992981,0.021883256084046798,0.07828245825318701,0.0019365356787334064
MNAR,0.05,S1,xgb,1011,0.949270712925642,0.5664106943509395,0.016309720650315218,0.01074029541437888,0.00895516547774106,0.04060836770760668,0.0007778205105877436
MNAR,0.05,S1,xgb,1012,0.9523299931907884,0.5654485391059029,0.016406540945172278,0.0090255579919644,0.006356553149585768,0.05913277215762578,0.0013008928960395697
MNAR,0.05,S1,xgb,1013,0.9539676868317448,0.5659816579410271,0.01652262974530454,0.0107947605547899,0.010541618217551146,0.027596000803973397,0.0007610755736098166
MNAR,0.05,S1,xgb,1014,0.951367032001101,0.5647186636945584,0.01629235278815024,0.00905719438884044,0.011010828707404819,0.07154794030018766,0.0013678001328078083
MNAR,0.05,S1,xgb,1015,0.9518768860867688,0.5848967030174042,0.015917291492223682,0.009975458466800799,0.012778512348745002,0.05469661471287015,0.001198905902785273
MNAR,0.05,S1,xgb,1016,0.9488563321118487,0.534826680336638,0.01691382899880406,0.01014461669831164,0.008971310785695637,0.07013562228164029,0.0015020074932740564
MNAR,0.05,S1,xgb,1017,0.9564666389318901,0.5718151654359409,0.016465925052761978,0.0099765697395988,0.010440760920184554,0.06304430166790825,0.0008347889476067305
MNAR,0.05,S1,xgb,1018,0.9532097885858368,0.5737728131111209,0.01619272008538242,0.00843420637495162,0.011200083954461686,0.03603651767191191,0.0008831734604852442
MNAR,0.05,S1,xgb,1019,0.957246000553212,0.5610046588290205,0.016602736152708457,0.01083860888654148,0.0021596329816192376,0.04190095629642574,0.0012943487021667872
MNAR,0.05,S1,xgb,1020,0.9531487242445292,0.560429501401023,0.01651196684688326,0.009605834579741181,0.008358681338784531,0.06927601486461844,0.0013263665808855986
MNAR,0.05,S2,extratrees,1001,0.9409107162385066,0.4855674969176674,0.017947539269660077,0.00888676408991402,0.008987969980044417,0.10401558396234159,0.0008203210768259557
MNAR,0.05,S2,extratrees,1002,0.9376833735374867,0.4825177932415376,0.018261850274479418,0.00880151047045262,0.00991733773312194,0.09495782677462682,0.0012461835546934243
MNAR,0.05,S2,extratrees,1003,0.9391054301089283,0.4729357639712717,0.0183066679690234,0.00910096691798818,0.010471454431033627,0.10416116190957238,0.0010199850044621556
MNAR,0.05,S2,extratrees,1004,0.9380950648810129,0.5000456193238386,0.01798589871756532,0.0087626358852771,0.006001991292701965,0.08731243503432486,0.0011042517510959418
MNAR,0.05,S2,extratrees,1005,0.9420490551095281,0.48442299593607974,0.01804216406709418,0.00919239452566128,0.004873191364270251,0.09920350885420924,0.0009260991826376506
MNAR,0.05,S2,extratrees,1006,0.9408866062378793,0.4786130438102652,0.01821876296802776,0.00980728443917336,0.0062690204120540724,0.09266054499808311,0.0010639735110979417
MNAR,0.05,S2,extratrees,1007,0.9382641869068031,0.4911868288841821,0.01815377820200708,0.00948455416669434,0.004411617237607438,0.06976339289095038,0.0013973033692326502
MNAR,0.05,S2,extratrees,1008,0.9388782115223553,0.4946786707955887,0.0179222770393268,0.009232657167723519,0.005074823413352888,0.10951513185231065,0.0010283349592268654
MNAR,0.05,S2,extratrees,1009,0.9413505366720714,0.48099086395892154,0.018164244625056062,0.00788405785591534,0.003983698473387311,0.08228967152197313,0.0011459978305749722
MNAR,0.05,S2,extratrees,1010,0.937892555097364,0.47640754668185936,0.018225986913012658,0.00899307030468416,0.006182617172726491,0.09878913814443668,0.0010171478617701647
MNAR,0.05,S2,extratrees,1011,0.9426117829077189,0.4762683623247703,0.018329337399783922,0.00921708682852852,0.006057448446470063,0.09784066086823044,0.0010540656706282659
MNAR,0.05,S2,extratrees,1012,0.9355298663088008,0.4679088107204265,0.01835806755464518,0.00954202529732672,0.004765573488132384,0.10494474072366468,0.0010596967098689448
MNAR,0.05,S2,extratrees,1013,0.9393718583814277,0.4789904254304683,0.018150644064894538,0.00878964238027234,0.009262946578483125,0.08759821862841621,0.0011008094175518955
MNAR,0.05,S2,extratrees,1014,0.9448087772746845,0.5034550153729141,0.01787182925381952,0.0090256118409198,0.0043678580282026916,0.09477267029499363,0.001111833754077332
MNAR,0.05,S2,extratrees,1015,0.9391738601908923,0.4755572158544651,0.01832224598346174,0.00833306668607258,0.009256512903285108,0.10101709573546694,0.0009248085001626961
MNAR,0.05,S2,extratrees,1016,0.9402583783843003,0.4870894478763752,0.018199138437842842,0.00858479429545718,0.010022640833993672,0.0871612375684131,0.0010963179198336043
MNAR,0.05,S2,extratrees,1017,0.9426037468705509,0.4942801023255017,0.018018474995492577,0.009973504387928761,0.00821029647146252,0.09046220099379834,0.0011720511617958726
MNAR,0.05,S2,extratrees,1018,0.9339556213587068,0.46497433139038397,0.01845455401856464,0.008039743313055962,0.009392077347521987,0.08322295702663166,0.001146469365684157
MNAR,0.05,S2,extratrees,1019,0.9390185610743114,0.4904573401119562,0.01800731972033574,0.008826601889838161,0.006469138497601527,0.0845567187668251,0.0010757286304005345
MNAR,0.05,S2,extratrees,1020,0.9386208841827296,0.47648113947222415,0.01822203940453124,0.00807791494047228,0.009343772951597664,0.10112583007206805,0.0010725152780082046
MNAR,0.05,S2,lr_l2,1001,0.8708755535311559,0.3603424850814972,0.020194722899437557,0.0056944517982205605,0.032419433205578906,0.07612303721631462,0.00148937001364774
MNAR,0.05,S2,lr_l2,1002,0.8626732591005517,0.3649439801982328,0.01987788460314498,0.007138247238543341,0.0273005453456037,0.06556506352211557,0.0017834478384438494
MNAR,0.05,S2,lr_l2,1003,0.8612851000483074,0.3679115445377471,0.02000105700161086,0.0069725498893534205,0.03009183973218776,0.07215045265291327,0.0015683057112101614
MNAR,0.05,S2,lr_l2,1004,0.867447468827128,0.3567610163294294,0.02027479691684336,0.00650314365840766,0.033292344453367574,0.07632110361866329,0.0011353148055970252
MNAR,0.05,S2,lr_l2,1005,0.8676076515609801,0.35954108899239084,0.01996594886294284,0.00570157408912484,0.026677165751864095,0.07917433475348272,0.0015026786782291522
MNAR,0.05,S2,lr_l2,1006,0.8649622936989345,0.3543380391811207,0.020125317039412498,0.00720822726414988,0.03393463069297804,0.07031839759246455,0.0016905577666900496
MNAR,0.05,S2,lr_l2,1007,0.8582945542851899,0.3630062965856791,0.0198665974778316,0.00470428445351968,0.021387015073580307,0.0786612357447097,0.0015666189991041177
MNAR,0.05,S2,lr_l2,1008,0.8675052506890651,0.37652401144174796,0.0196105760282028,0.00655683860840386,0.03781460069843265,0.10827953800868016,0.0018454204220759857
MNAR,0.05,S2,lr_l2,1009,0.8640796742611586,0.3658106945292954,0.020075644732514542,0.006826982191943461,0.02819210159354813,0.08247412087331407,0.0017486029703030594
MNAR,0.05,S2,lr_l2,1010,0.8645504202854444,0.3621532354129172,0.01991706670575104,0.0056652865975467,0.030283038715191595,0.08272112599312735,0.0013723050202253705
MNAR,0.05,S2,lr_l2,1011,0.8549644159702359,0.3575982221084343,0.020138188159211638,0.007701510459244799,0.034414129865562734,0.0930871400685388,0.0016298810297722954
MNAR,0.05,S2,lr_l2,1012,0.848881629390149,0.33768485719854324,0.02026600639573328,0.0046583051882835,0.02951532153619967,0.07094917112847676,0.0016242224050467885
MNAR,0.05,S2,lr_l2,1013,0.8642403581460648,0.35264274404741913,0.02012622679777826,0.0054643652339062005,0.036021311259955585,0.10267731649850001,0.0015120841014757867
MNAR,0.05,S2,lr_l2,1014,0.8761111267918157,0.37142584536814727,0.01961379685851678,0.00594228815564986,0.0214626252187184,0.08430865989531652,0.0017900684453291968
MNAR,0.05,S2,lr_l2,1015,0.8712699530593578,0.36311992441850605,0.02001522883597734,0.00662116907962646,0.030440935546111592,0.08529267465032778,0.0013202728893019612
MNAR,0.05,S2,lr_l2,1016,0.860563460480868,0.34416879486627694,0.0203293179212858,0.005106109944175241,0.034553889669344515,0.08555613743469605,0.0018562310847192146
MNAR,0.05,S2,lr_l2,1017,0.8589162988048219,0.3651660376725076,0.019797785584596078,0.00605867585384962,0.02322137344435366,0.08213275614220292,0.0013203167328980998
MNAR,0.05,S2,lr_l2,1018,0.8616587107861035,0.3409646178905231,0.020692128254778182,0.00651614294855386,0.025487462123846904,0.08723967426075147,0.001755214820453179
MNAR,0.05,S2,lr_l2,1019,0.8735724035746337,0.3893702634213244,0.019368569002680157,0.0051409107268945795,0.030249632448188585,0.07934278470907832,0.0009367424879891193
MNAR,0.05,S2,lr_l2,1020,0.8608646320443774,0.3533020639478589,0.0202223677687696,0.00634774535483692,0.023793372354437493,0.09819418097616534,0.0014756402477890482
MNAR,0.05,S2,rf,1001,0.9367269124149609,0.47884854128939924,0.01780853569766776,0.00612763744785266,0.0059477398905908585,0.08914711990116488,0.0007869956033415569
MNAR,0.05,S2,rf,1002,0.9341710516637525,0.48455461854172766,0.0178904049709112,0.00663360871855212,0.008039119371806333,0.0822670279984017,0.0011069510722626784
MNAR,0.05,S2,rf,1003,0.9343106274274238,0.478492894704289,0.01815544489770394,0.0078345820448276,0.007714800948688884,0.06692711568506121,0.0013625185301827942
MNAR,0.05,S2,rf,1004,0.9361546859727188,0.49852312066796217,0.01773797801885288,0.006803188095355241,0.0042958298143311235,0.06735931224444255,0.001053031414793653
MNAR,0.05,S2,rf,1005,0.9379587671849501,0.4753214896693735,0.01786846430464014,0.00574168425411972,0.009518285207068277,0.08441794815639998,0.0009249921901601811
MNAR,0.05,S2,rf,1006,0.9392073230287634,0.4867224437346211,0.0178744313338847,0.0074717249479215805,0.00554713307949751,0.07887026883267356,0.001010317451608849
MNAR,0.05,S2,rf,1007,0.9378423512196499,0.49746630157672184,0.0176754223991838,0.007514039660643621,0.005005410155590026,0.06089564271782941,0.0012052234123421466
MNAR,0.05,S2,rf,1008,0.935004378490239,0.49750932583692153,0.01765602327983544,0.008116358668104739,0.00788411824806214,0.10305729878362008,0.0009435512380390872
MNAR,0.05,S2,rf,1009,0.9374889165477847,0.4806156144178798,0.017851191894569098,0.006826675157932239,0.007010188049364201,0.07657768558849647,0.0010067987066935808
MNAR,0.05,S2,rf,1010,0.9375375812033079,0.4756580975412774,0.01794680693449488,0.0068966397772251995,0.0048986427547375025,0.07590122625026288,0.001045553282246928
MNAR,0.05,S2,rf,1011,0.9398366938497486,0.46681476378570225,0.01809281558768528,0.0064164463112669195,0.006057971809513382,0.08836093450359787,0.000873048122516857
MNAR,0.05,S2,rf,1012,0.9381524339237899,0.47390169371071744,0.017999192795708517,0.00669539281335608,0.002543076040730198,0.0860187939174571,0.0011300445890073036
MNAR,0.05,S2,rf,1013,0.9365589465777384,0.474351605239708,0.01798986479708066,0.006688437485869281,0.007601122137260355,0.07342656700333074,0.0009813293002849167
MNAR,0.05,S2,rf,1014,0.9424609051825881,0.5035097729918856,0.017598920644746018,0.0076595934879320204,0.004372887983305592,0.07716336841828242,0.001135551902169722
MNAR,0.05,S2,rf,1015,0.935282891560696,0.47570564265362947,0.01791532877493816,0.00552172600248266,0.00897425748371427,0.09323154523983511,0.0008125237724953361
MNAR,0.05,S2,rf,1016,0.9380817713496821,0.48757430588495837,0.01786918017937416,0.0068488424589558,0.008341581625410533,0.0775854289599956,0.0010309016029114355
MNAR,0.05,S2,rf,1017,0.939012383915526,0.48761560285424677,0.01795913965693812,0.0074120807357545395,0.006688936282633164,0.07704440218797927,0.0013737159357845256
MNAR,0.05,S2,rf,1018,0.9357116450978971,0.45654046544604726,0.018322435877205938,0.00598739367245996,0.007519831861164455,0.08470440267438457,0.00098463401800484
MNAR,0.05,S2,rf,1019,0.9397616071005578,0.49731337467246084,0.01763373208929658,0.00794075049372648,0.008052745657876965,0.07669295827051945,0.0008933645374992067
MNAR,0.05,S2,rf,1020,0.9376845407067964,0.48310013209022723,0.0179364080989832,0.007108617798987379,0.007013561381825349,0.08347143451937247,0.001049235143161417
MNAR,0.05,S2,svm_linear_cal,1001,0.8520153559117093,0.37303294550445243,0.02023972899204974,0.00605550431185714,0.03939610880171754,0.07418784934677933,0.001764462818731499
MNAR,0.05,S2,svm_linear_cal,1002,0.8476337109218199,0.37603427995950856,0.019713939949198837,0.0073111177380468005,0.029041340051317963,0.06594198996892092,0.001702616605381045
MNAR,0.05,S2,svm_linear_cal,1003,0.8454438689023211,0.3907769559113291,0.019758747720232638,0.00739558027945188,0.03953246718916746,0.07028332157185839,0.00199182642254607
MNAR,0.05,S2,svm_linear_cal,1004,0.8504888721518361,0.36011452319399034,0.02027443412333192,0.007062066435444439,0.034604961912555805,0.07740541081674716,0.0013591267072121987
MNAR,0.05,S2,svm_linear_cal,1005,0.8526935653520719,0.3655843013570316,0.02020233935545728,0.00707999293588508,0.03033648686616632,0.08582497891168855,0.0014256324913528363
MNAR,0.05,S2,svm_linear_cal,1006,0.8481976793235295,0.37321904392525435,0.02022577535606818,0.00672507964304798,0.04712973726372938,0.0653751534392498,0.0018422856833270143
MNAR,0.05,S2,svm_linear_cal,1007,0.8377618021516333,0.37182775606685226,0.019943531815771,0.00530787469088602,0.028112060226213792,0.062393831161844944,0.0017399786417306446
MNAR,0.05,S2,svm_linear_cal,1008,0.8487802559435368,0.38753895514649433,0.0196085914147145,0.00593351147100682,0.04506498342188393,0.10066278310816064,0.001589662921522093
MNAR,0.05,S2,svm_linear_cal,1009,0.8422455696309029,0.374812439035938,0.020198445799263002,0.007425680820386721,0.033872354533882,0.08756397842775655,0.0017964941846785527
MNAR,0.05,S2,svm_linear_cal,1010,0.8444865262552239,0.37239477784141184,0.01995213783037978,0.00530038875916098,0.0390976934867632,0.07820113972124099,0.0015364993919193951
MNAR,0.05,S2,svm_linear_cal,1011,0.8380217337507915,0.3636494124819019,0.02005117358311752,0.007163628506299499,0.04253930712705214,0.08466496047604341,0.001444683310717697
MNAR,0.05,S2,svm_linear_cal,1012,0.824831144947366,0.3480482989457393,0.0201896154349811,0.00679067374085566,0.034583708276844025,0.06837815867953329,0.0016906414648209093
MNAR,0.05,S2,svm_linear_cal,1013,0.8475543025722898,0.36447356993468477,0.02030295765349774,0.0061611906154174,0.04232911085502737,0.1032501563124577,0.0016929093649826706
MNAR,0.05,S2,svm_linear_cal,1014,0.8639867216139917,0.38239402400630323,0.0196844945830391,0.00788644029967244,0.02652743574758243,0.07663358907281762,0.002095756494304637
MNAR,0.05,S2,svm_linear_cal,1015,0.8543841436083056,0.3729648667355587,0.01986806276481224,0.00830120777371934,0.038082065494289934,0.07968319527965144,0.0015019483504111171
MNAR,0.05,S2,svm_linear_cal,1016,0.8435861744131523,0.35003580750568813,0.020549347574265058,0.0063249654122183195,0.03861619708166813,0.08295083853446872,0.0019156131908101405
MNAR,0.05,S2,svm_linear_cal,1017,0.8418851800666758,0.3725924344656496,0.019938518437507522,0.00679999430156774,0.030351030682578523,0.07954241556167854,0.001616330961106643
MNAR,0.05,S2,svm_linear_cal,1018,0.8429368146312151,0.3539482194821614,0.02029320315160538,0.0061792977163383405,0.029597310070821916,0.08531451805423615,0.0017728881161133193
MNAR,0.05,S2,svm_linear_cal,1019,0.8603845310066187,0.40553230797835954,0.01928199144470058,0.00743683686360552,0.03762924228758212,0.08196661911656192,0.001243363240452032
MNAR,0.05,S2,svm_linear_cal,1020,0.8407530097483644,0.36592634855074635,0.02024060551547964,0.00801801864553002,0.03161587356240859,0.09808341384419896,0.001771163183029896
MNAR,0.05,S2,xgb,1001,0.9545674715551703,0.5463729774122275,0.01660875789821144,0.00924472096840938,0.0031402275382127276,0.07128777190738263,0.0008492333963879895
MNAR,0.05,S2,xgb,1002,0.9510028885533226,0.5464364969628399,0.01658251024782652,0.01043038085776544,0.00638863004963432,0.09316150398083349,0.0006090689601393281
MNAR,0.05,S2,xgb,1003,0.9521786085349209,0.5653547269284553,0.01617541033774608,0.00832727695159244,0.008060558107773508,0.06881260619640497,0.0011089539942364256
MNAR,0.05,S2,xgb,1004,0.95198703690421,0.5509781143589242,0.01648726612329478,0.00864524657711006,0.008491300236319298,0.09074954986834051,0.000732388405095005
MNAR,0.05,S2,xgb,1005,0.9566254407304537,0.5510218248123,0.01634418014436956,0.00848826368375602,0.0038712741222053323,0.08965369850211549,0.0008730831463415038
MNAR,0.05,S2,xgb,1006,0.9490646639048052,0.5303319899476401,0.016586543247103642,0.00741899660285036,0.010900118511495725,0.10497151867666654,0.0006942215446837698
MNAR,0.05,S2,xgb,1007,0.9560596914622081,0.5770566869821379,0.01605146583169696,0.009297003621886481,0.0038486431075489863,0.062257478286603656,0.0009697636033734338
MNAR,0.05,S2,xgb,1008,0.9538464020529192,0.5598573610274491,0.016124786809086737,0.00947997752470254,0.009546971872803957,0.09963384446967138,0.000858904058808345
MNAR,0.05,S2,xgb,1009,0.9583348144513423,0.5547011620671746,0.016682825610041578,0.01058978976906424,0.006695478613278551,0.10094458437854183,0.0005893261787451642
MNAR,0.05,S2,xgb,1010,0.9518668119065026,0.5502736552789632,0.01644276715815064,0.008294589988505399,0.008868675216003522,0.08983373934753974,0.0005240966666503565
MNAR,0.05,S2,xgb,1011,0.9560484524245993,0.5487799025522836,0.01644173543900248,0.00765984945327296,0.013492303635112064,0.10441341747864889,0.0009855498111504021
MNAR,0.05,S2,xgb,1012,0.9488765661413829,0.5354981173879378,0.01694480963051314,0.00987206668386488,0.0061708412267240335,0.07524601986109207,0.0007910116169462143
MNAR,0.05,S2,xgb,1013,0.9560143701463474,0.5521162648028948,0.016522788815200258,0.00946321231888876,0.0053333907043378375,0.07611704939810622,0.0008991264391414064
MNAR,0.05,S2,xgb,1014,0.9517583949753637,0.5536917116916422,0.01648012362420552,0.00917047026759126,0.011448230182155291,0.10733540095777472,0.0004660335774320696
MNAR,0.05,S2,xgb,1015,0.9541327941853677,0.5440714526428998,0.01641531847417348,0.00861839766744,0.006546054759374542,0.0962878644338947,0.0003602522785725525
MNAR,0.05,S2,xgb,1016,0.9531598214039857,0.5477291938676094,0.01644186992198224,0.0087387730802488,0.008511216911940423,0.055206099902738094,0.0013832036821010486
MNAR,0.05,S2,xgb,1017,0.9584150483789031,0.5533891170463139,0.01644987538456914,0.00993220011459966,0.009065004526245252,0.09729125813954059,0.0006083612205226573
MNAR,0.05,S2,xgb,1018,0.9527864635100277,0.5300580011832619,0.0169435620307922,0.00986692084582488,0.00960856235091455,0.09590305383428674,0.0006120468046861271
MNAR,0.05,S2,xgb,1019,0.9586739445395909,0.5710057151826577,0.01590453963726754,0.00863203653124294,0.006415080531462209,0.09748496310222987,0.000890365776550409
MNAR,0.05,S2,xgb,1020,0.9531581280530494,0.5471802660181713,0.01670255288481708,0.010469356774872322,0.008262511550283697,0.08005690794172719,0.001303560837095591
MNAR,0.1,S1,extratrees,1001,0.9399138153518709,0.4763593584196185,0.01867695261683434,0.01006485145652474,0.0153553163352472,0.06060097792530835,0.000889644672413572
MNAR,0.1,S1,extratrees,1002,0.937536446857296,0.4929975781016237,0.0185889135706382,0.00939128429865744,0.013603826818630566,0.06886420624961116,0.0007287118464344659
MNAR,0.1,S1,extratrees,1003,0.9382161542656764,0.5007241929272354,0.01831252967740388,0.01003363171114762,0.011351510429156362,0.029428234612440655,0.0003865671657470281
MNAR,0.1,S1,extratrees,1004,0.9389459725383681,0.4913871626835154,0.018430062212048782,0.00987910101413492,0.014256781248210329,0.08521371824354906,0.0010575323087790313
MNAR,0.1,S1,extratrees,1005,0.9389131930916337,0.4926946749970943,0.0185702092194716,0.009783101288779659,0.014202753553913223,0.057712835967659866,0.0006736860945140093
MNAR,0.1,S1,extratrees,1006,0.934129557015193,0.4799759475924736,0.0187153372710425,0.00929598000942596,0.012506819555509774,0.0314142052673018,0.0003619084705958181
MNAR,0.1,S1,extratrees,1007,0.9363744997815268,0.4801338320701011,0.018533816654365858,0.00932577484610476,0.005530491548709129,0.019537233319058035,0.0003887300317431996
MNAR,0.1,S1,extratrees,1008,0.934018626564703,0.4852358223443131,0.01840089566843158,0.009840240757885,0.009292185263252997,0.05049647866840252,0.0008250051985390262
MNAR,0.1,S1,extratrees,1009,0.9345174360553742,0.48724794342539435,0.01853021609056258,0.00914546187379648,0.010139057614020803,0.05686931686161986,0.0004883954826507236
MNAR,0.1,S1,extratrees,1010,0.9419834547652028,0.4939404777810156,0.01832742261910958,0.00977662705159956,0.01652095302430599,0.06294657104909879,0.0009112271241615798
MNAR,0.1,S1,extratrees,1011,0.9371549920373802,0.4975944004456497,0.0182926021785457,0.00967613535514886,0.003789090549589951,0.038704248269626956,0.0006650863189029396
MNAR,0.1,S1,extratrees,1012,0.9351637080297479,0.4789247754477176,0.01854263569338436,0.00970133148914592,0.017296314188620023,0.04448638023779846,0.0007294088808805283
MNAR,0.1,S1,extratrees,1013,0.9402042937296986,0.49203413149670316,0.01847821311904038,0.01076786514472462,0.01220294398400115,0.07612044228702894,0.0010882938505844546
MNAR,0.1,S1,extratrees,1014,0.9411605870944912,0.47649072690546906,0.0185834931244548,0.00905563375535166,0.009676013912025518,0.0620289724497204,0.0009361092877240386
MNAR,0.1,S1,extratrees,1015,0.9379053540883978,0.47965902817472605,0.01850431051997494,0.00884407271597762,0.017474126558789972,0.04880689612143484,0.000748846308116298
MNAR,0.1,S1,extratrees,1016,0.9417700327129541,0.48731368109934187,0.01855886103677714,0.0091891193366707,0.012741541954499334,0.06351079815860203,0.0008634221313749799
MNAR,0.1,S1,extratrees,1017,0.9371395999100312,0.4999811169556043,0.018353846166209782,0.00854086033894586,0.005987666698661943,0.0366955544836178,0.0005021008133791854
MNAR,0.1,S1,extratrees,1018,0.9417675530879206,0.4791345266148278,0.018581554004894023,0.00896705506879224,0.011845616136101276,0.052700841220338454,0.0007303998284672415
MNAR,0.1,S1,extratrees,1019,0.9440423906845574,0.4941608448160043,0.018380228207469,0.01038926039044594,0.007505558806503215,0.048982518828747976,0.0008406690263626014
MNAR,0.1,S1,extratrees,1020,0.9395359631535543,0.47020702762437966,0.01863718623791996,0.008388730430301361,0.009931428416269952,0.08354689655594524,0.0011604053147894874
MNAR,0.1,S1,lr_l2,1001,0.8356243593769598,0.2822878352972813,0.02136020843872206,0.00440312198816278,0.02076816608509052,0.06998777006011178,0.0011776072289005994
MNAR,0.1,S1,lr_l2,1002,0.8317230634186144,0.32159217805561346,0.02060997757091736,0.00481672442655944,0.03975282346268863,0.061803781897653814,0.0008396911615988706
MNAR,0.1,S1,lr_l2,1003,0.8433757681846046,0.3165853499039439,0.02076561921043164,0.00457490413298558,0.021106296466133375,0.05056576825696974,0.0010932679538092497
MNAR,0.1,S1,lr_l2,1004,0.8384921073045379,0.32277022654348286,0.02073461271132346,0.00454547948393548,0.04155961636630338,0.05674435635306526,0.0009966738630493128
MNAR,0.1,S1,lr_l2,1005,0.8436864399370544,0.3238457820989773,0.02063584247594556,0.00506246739242208,0.04469385946265467,0.03235262898276092,0.0007280280184525596
MNAR,0.1,S1,lr_l2,1006,0.8509862381730005,0.3329167606921528,0.02039081734034594,0.0040169635623673195,0.012955380712440094,0.03468692832347445,0.0005917477468361593
MNAR,0.1,S1,lr_l2,1007,0.8314038371338024,0.33342708312825764,0.020406284318331462,0.00505246555520282,0.034869611891740905,0.022879598550719256,0.0006518292421251642
MNAR,0.1,S1,lr_l2,1008,0.8367835490976414,0.30215675409549186,0.021042378500053062,0.00503499929049446,0.03080098378023505,0.07526282079260181,0.0015614945871085843
MNAR,0.1,S1,lr_l2,1009,0.8431336769242105,0.33734879517613037,0.02026521152708596,0.0049691383987158205,0.025155964353249162,0.06936529021169513,0.001144690115006488
MNAR,0.1,S1,lr_l2,1010,0.8431394235392403,0.3245019093487289,0.02050547616542166,0.00601226024152964,0.039150290934268896,0.02693940265299441,0.000723832465246029
MNAR,0.1,S1,lr_l2,1011,0.8395951440441134,0.32651760499258353,0.020446035105871303,0.0046563077659535195,0.01759973508949926,0.03299639765803337,0.0007298787374686846
MNAR,0.1,S1,lr_l2,1012,0.8309089001958003,0.3231255329982321,0.02081100446838558,0.0070447871275828,0.01701195121739793,0.07200456669239916,0.001417728969472987
MNAR,0.1,S1,lr_l2,1013,0.8360441601392468,0.2904845751205231,0.021161421267088802,0.00530428919543754,0.026014249802529067,0.062368592554408,0.0010112745872876137
MNAR,0.1,S1,lr_l2,1014,0.8398720212794638,0.3352694423305994,0.02026266815230842,0.00542367595226878,0.014171608542647722,0.04504440531092751,0.0008556013404454129
MNAR,0.1,S1,lr_l2,1015,0.8287755779770711,0.3203471803860479,0.02062384760131524,0.00441692475227984,0.01753273056287273,0.03967412587911641,0.0008039623572125377
MNAR,0.1,S1,lr_l2,1016,0.8491185079636339,0.32196619191203735,0.020677582086205938,0.00533953903059022,0.02701757602749716,0.034341400534761174,0.0005481301274858908
MNAR,0.1,S1,lr_l2,1017,0.8389793120705822,0.3159510778944535,0.0207494970408736,0.0040197189813168605,0.028301957976919458,0.05538635109093461,0.001063763269381201
MNAR,0.1,S1,lr_l2,1018,0.837925764738612,0.3146281123786238,0.02075794510344224,0.0047763486584183595,0.017891513252944045,0.03419237397810853,0.0007574558467483498
MNAR,0.1,S1,lr_l2,1019,0.8478880705477012,0.3297034771103125,0.02050621218675068,0.0038986509321680797,0.018528178674287903,0.04144812453019994,0.0008886396310550358
MNAR,0.1,S1,lr_l2,1020,0.840120724008458,0.31615601252780384,0.02074720796150322,0.0042701177878488,0.017994924627051545,0.06985896444793019,0.0014500983298828475
MNAR,0.1,S1,rf,1001,0.9349303615418686,0.4551702839442487,0.01862801351257292,0.00755763661024166,0.017596994676669888,0.05720935695617327,0.0009722598555436398
MNAR,0.1,S1,rf,1002,0.9323273273017076,0.48107231375284815,0.01834146184240616,0.0075137131944592,0.011775624697982531,0.08401219379733646,0.0010976550506024527
MNAR,0.1,S1,rf,1003,0.9322865720082654,0.4888046109921825,0.0181471206036043,0.007880860617295279,0.01704085654095643,0.04979341881987693,0.000646029106423301
MNAR,0.1,S1,rf,1004,0.9320571249033259,0.46917214197348966,0.01826686777210868,0.00678098067879766,0.018283643702722292,0.09304258084826811,0.001356671188508395
MNAR,0.1,S1,rf,1005,0.9325378200706164,0.45985355898016617,0.01855634774133618,0.00740954639515768,0.013195078516826976,0.05517358830593405,0.000594775608220711
MNAR,0.1,S1,rf,1006,0.9269707875140554,0.466106192792436,0.018436360589341123,0.00678461981544796,0.012866836291519745,0.03810509801722496,0.0004809795174586963
MNAR,0.1,S1,rf,1007,0.9310551774053362,0.4651791092017084,0.018304198635431777,0.006678007761322881,0.007125511046377129,0.021500451765424897,0.00029523155321171626
MNAR,0.1,S1,rf,1008,0.9296592389854329,0.4829749005820525,0.01801973516499998,0.00744967713296438,0.008936112920138706,0.053312948213939074,0.0008637464563456934
MNAR,0.1,S1,rf,1009,0.9275042744665457,0.471962994378586,0.01841456768299918,0.006911800816731639,0.009761375581179626,0.06945240831163152,0.0008859610825109292
MNAR,0.1,S1,rf,1010,0.9316184665690261,0.48235089453833657,0.018092552066369443,0.007257789220480459,0.018187796516522147,0.05924427978196091,0.0009081620102710184
MNAR,0.1,S1,rf,1011,0.9316580051404504,0.46433362657560817,0.01833169378650852,0.0065965703257523794,0.011361682388152888,0.0531636333507849,0.0008625982367867018
MNAR,0.1,S1,rf,1012,0.9287443513072787,0.46044134956504496,0.01832842444639298,0.006949096161523319,0.019771095480879124,0.055417799931764454,0.0010323765988620183
MNAR,0.1,S1,rf,1013,0.9337164832519106,0.46658278555266897,0.01824470418990666,0.00866307964495858,0.012127365979240825,0.06975782481628537,0.0011301666904967355
MNAR,0.1,S1,rf,1014,0.9322285688292217,0.455266680697713,0.01848851623484522,0.0068884382146279,0.01300818930457005,0.06619670974276481,0.001158436815134262
MNAR,0.1,S1,rf,1015,0.9342862181992906,0.4660044069087764,0.01838197722069272,0.006709486124445741,0.0182604633279402,0.06500018853585099,0.0010798805083058497
MNAR,0.1,S1,rf,1016,0.9354771720470234,0.474144824933943,0.018304807310010322,0.00763695592763252,0.01533427766104023,0.0718583804199884,0.001112331782243859
MNAR,0.1,S1,rf,1017,0.9363243806585512,0.4899597289137209,0.01799914316872284,0.00700885257658324,0.014183205498699515,0.0660429596440702,0.0008343914691921533
MNAR,0.1,S1,rf,1018,0.9341773791932335,0.46731452438905957,0.01839743602555128,0.00605403238582516,0.01511286746680591,0.041926340921498016,0.0006655186756808772
MNAR,0.1,S1,rf,1019,0.9370704746369954,0.48496039763660426,0.018112096576640917,0.0075258024011334804,0.008647090062882648,0.05879143805119856,0.0008769627203534258
MNAR,0.1,S1,rf,1020,0.9358653209689306,0.46533888336721263,0.018437524818917576,0.007345650988730421,0.009239668573687593,0.08601657855943039,0.001348606406593605
MNAR,0.1,S1,svm_linear_cal,1001,0.8151305094350182,0.2851822693040712,0.021413845096153,0.006264660350702419,0.030122367585688363,0.06637982867568477,0.0010177881233075301
MNAR,0.1,S1,svm_linear_cal,1002,0.8099060692648429,0.3129508706715821,0.02093469295766468,0.00557777767883618,0.04422285181175489,0.0684800655087077,0.0008181561228309903
MNAR,0.1,S1,svm_linear_cal,1003,0.8255679166361979,0.32648854748380224,0.02068721815369712,0.0052917959079998396,0.029591559568925695,0.05531273239857511,0.0008420681216656289
MNAR,0.1,S1,svm_linear_cal,1004,0.8234096369309954,0.32882646210269506,0.02083181117539382,0.006551592891193581,0.05341128977340969,0.06589868788405749,0.0009430097649787642
MNAR,0.1,S1,svm_linear_cal,1005,0.8238685960363163,0.33916440686137417,0.02090682177799138,0.00647442687833102,0.04754007102257446,0.04479177581813008,0.0005381585107932614
MNAR,0.1,S1,svm_linear_cal,1006,0.8342479004792169,0.34746114020510427,0.02037245096732026,0.00602779014865536,0.01943018876934422,0.02971783406820257,0.0005532791887136575
MNAR,0.1,S1,svm_linear_cal,1007,0.8128962036804133,0.3376910346752294,0.0204941828253217,0.00637376667068066,0.04316725511980556,0.039629874517352635,0.0009482360220022329
MNAR,0.1,S1,svm_linear_cal,1008,0.8162721635283617,0.306897024278035,0.0212356765489814,0.00605237208469592,0.02573080636441597,0.06680466354416896,0.0015760264556129381
MNAR,0.1,S1,svm_linear_cal,1009,0.817820539155344,0.34495977709877934,0.020483760369461902,0.005850403462778079,0.03382435860239502,0.04925285061491988,0.0006974231439783015
MNAR,0.1,S1,svm_linear_cal,1010,0.8224443688366314,0.328175383920586,0.02078622760982678,0.00803339656623392,0.05294362067528398,0.039165013676097295,0.00081234327352328
MNAR,0.1,S1,svm_linear_cal,1011,0.8237244278922942,0.3390913624254697,0.0205845721259117,0.0066812609726593,0.01798494726495447,0.03250705758449293,0.0007028862328978004
MNAR,0.1,S1,svm_linear_cal,1012,0.8097528457342239,0.325963496945713,0.02091528759351276,0.00628776928717754,0.025861061032692447,0.07364165865153055,0.0009836243225068066
MNAR,0.1,S1,svm_linear_cal,1013,0.8115645524521096,0.2963778818378596,0.021226767057884722,0.005334964029798659,0.03681517138009731,0.07551090040361202,0.0010920486983820165
MNAR,0.1,S1,svm_linear_cal,1014,0.819660832136336,0.33910188212360054,0.020455931322672642,0.00515673347103928,0.014082242680732103,0.05026940503405424,0.0008656555028764667
MNAR,0.1,S1,svm_linear_cal,1015,0.8115905197395044,0.31966579822084984,0.021033413412363578,0.0052206696859984,0.028151999490600172,0.03977785789821776,0.0009644060526742115
MNAR,0.1,S1,svm_linear_cal,1016,0.8332743544138662,0.3331050890162931,0.02088547063740372,0.00576893358879838,0.023876516122759785,0.02359744773346276,0.00039611987351569983
MNAR,0.1,S1,svm_linear_cal,1017,0.8220343643306626,0.3272649536528368,0.02083506817660766,0.006064871385830341,0.035946092994294306,0.04792491836598663,0.000883456090215374
MNAR,0.1,S1,svm_linear_cal,1018,0.8178816946769814,0.3341941959095869,0.02062108017713278,0.0050912269705866795,0.012723007500927936,0.04181891295064386,0.0010340332716203202
MNAR,0.1,S1,svm_linear_cal,1019,0.8294831828317962,0.3427350706884182,0.02046845086421056,0.00467193103755936,0.024940518046668338,0.041549346240197196,0.0010458753631602449
MNAR,0.1,S1,svm_linear_cal,1020,0.8231077333765799,0.3238498248715994,0.020757321721694123,0.005924576387812559,0.024467495319028993,0.0674229877273556,0.0012472744553234409
MNAR,0.1,S1,xgb,1001,0.966855894301869,0.6765753633844114,0.01502399127930398,0.0117499111232339,0.004507106102268005,0.053679711628817725,0.0009500529282250036
MNAR,0.1,S1,xgb,1002,0.9646253692339781,0.6552236421296611,0.01545531656593076,0.01144383764064978,0.008953051749560582,0.06374278533982014,0.0009301156039919744
MNAR,0.1,S1,xgb,1003,0.9686839652516372,0.6917851740567763,0.014193399623036321,0.01063934734476758,0.009045626040645616,0.0271603328894561,0.0007539079865845491
MNAR,0.1,S1,xgb,1004,0.9628133613657127,0.6645157617726796,0.01463504787534472,0.01103696165590796,0.014297767022618296,0.040695080089029285,0.0013002307815060824
MNAR,0.1,S1,xgb,1005,0.9663148112454097,0.673725500907517,0.01528290770947928,0.01246518496990788,0.011000157972920928,0.03581217090548595,0.0007941060020393245
MNAR,0.1,S1,xgb,1006,0.9633532241239964,0.6328038661401716,0.01611439716070886,0.012539910682977601,0.0052630955671930605,0.037486241733114316,0.0005276837292498988
MNAR,0.1,S1,xgb,1007,0.9696678980314527,0.6942390353672317,0.01453195158392186,0.01117795217695674,0.005652937689118511,0.024443624538797074,0.0005486168906857358
MNAR,0.1,S1,xgb,1008,0.9655320807226916,0.6775112809609254,0.014784279279410778,0.01183758225166342,0.009914299453472653,0.07011762256465845,0.0018508302637642003
MNAR,0.1,S1,xgb,1009,0.9693000368121396,0.6791045854980811,0.014593525603413541,0.0109719580857216,0.00922810427284917,0.04394334925363076,0.0006026895103291705
MNAR,0.1,S1,xgb,1010,0.9721549047474527,0.7051279495850494,0.01399051938205952,0.0111091666590678,0.015273608422943943,0.09379203892253801,0.0020180813301334034
MNAR,0.1,S1,xgb,1011,0.9674968821048667,0.6931297709975526,0.014216426201164659,0.01084732347437858,0.004310365411569516,0.04111198855066461,0.001106181281380271
MNAR,0.1,S1,xgb,1012,0.9650102182429047,0.6646137391412622,0.0148401359096169,0.01150539715566928,0.006714010743220019,0.036825805477754894,0.0011264127238184282
MNAR,0.1,S1,xgb,1013,0.9748876632469937,0.6939187119160024,0.01496288590133186,0.0121594343392337,0.00425659737583169,0.01960301478735882,0.0009762302713332295
MNAR,0.1,S1,xgb,1014,0.9635576369550629,0.6917184437205829,0.0144519126042723,0.011182472017145981,0.012238703249267971,0.0700641735481483,0.001075854963552354
MNAR,0.1,S1,xgb,1015,0.9702184644862845,0.685363155792719,0.014855040051042979,0.01147468172534736,0.00849414345089825,0.04577976227615194,0.001167034684079285
MNAR,0.1,S1,xgb,1016,0.9621790166142139,0.6421236126084013,0.0152711750939488,0.01063046395632764,0.010144328491062234,0.07181804244273461,0.0012265228899376508
MNAR,0.1,S1,xgb,1017,0.9678252358032561,0.681334231262199,0.01458149217069144,0.01170520375059958,0.009174820358190236,0.07529623913099244,0.0011600201726274578
MNAR,0.1,S1,xgb,1018,0.9710308078370808,0.6839358174056317,0.01480461265891786,0.011220835702479781,0.0099748577273419,0.04628634009013842,0.0012499960421905633
MNAR,0.1,S1,xgb,1019,0.9776886234489741,0.7252110880284863,0.01382581274956458,0.01094163054520616,0.005831072048165716,0.03830904861474289,0.0010790569135147139
MNAR,0.1,S1,xgb,1020,0.967353678505324,0.6528141866727515,0.0152816975489258,0.01194737588177444,0.00607014681908146,0.07267953686556265,0.001910913268056843
MNAR,0.1,S2,extratrees,1001,0.936436161082858,0.4737803338119345,0.0184917648878797,0.01036110657291764,0.0069085066964244424,0.0873736478531882,0.0012843376134519208
MNAR,0.1,S2,extratrees,1002,0.9318950153733521,0.4620941688613483,0.01869944390777502,0.00955450214841434,0.014091296550843272,0.09915905189738436,0.0011572920271875568
MNAR,0.1,S2,extratrees,1003,0.9332260512126144,0.4718878592075848,0.01853509658816372,0.009449069451839941,0.01169420586063778,0.08612299260494483,0.0011854910383455506
MNAR,0.1,S2,extratrees,1004,0.9367973096370277,0.46232316269904994,0.0186539585418941,0.00904360775284792,0.008311374985153181,0.10048837039406774,0.0011255276186041708
MNAR,0.1,S2,extratrees,1005,0.938216094176289,0.46025916971021646,0.01866390849633568,0.00869394024274958,0.008034127655716176,0.08667121427157813,0.001260587443815049
MNAR,0.1,S2,extratrees,1006,0.9385100383077003,0.4658566208345338,0.018697221491699077,0.011989342010695282,0.00868543648192682,0.10129941277428235,0.0011928649401647207
MNAR,0.1,S2,extratrees,1007,0.9367768181410447,0.4788523693836176,0.01838142385938106,0.0101946719003802,0.00312200997098292,0.09957002940895847,0.0010630454912305626
MNAR,0.1,S2,extratrees,1008,0.932434920187232,0.46440839478106105,0.018674219406497262,0.010360161872317381,0.006147205066203279,0.09406134244832355,0.0012219696980717125
MNAR,0.1,S2,extratrees,1009,0.9328259064940904,0.4599728571075751,0.0188050643087922,0.01063990918402606,0.0057136993886167855,0.09589257626362056,0.0013694137038308036
MNAR,0.1,S2,extratrees,1010,0.9341581045716427,0.46748016985091373,0.01865820367182424,0.00964421076109868,0.014647678081464964,0.11813991815019877,0.00086716286690639
MNAR,0.1,S2,extratrees,1011,0.9371795174638444,0.48086078034797186,0.01850683790573126,0.01028927587913206,0.014467945200161902,0.09870847189474628,0.001158719525046921
MNAR,0.1,S2,extratrees,1012,0.9336788145505961,0.4504237318350214,0.0188577388455407,0.008395548855837359,0.007301153501355815,0.09980438049527848,0.0010732108729600905
MNAR,0.1,S2,extratrees,1013,0.9342880841024375,0.45915979050575084,0.01862359518241008,0.01029878230185234,0.009374068812103075,0.11052140150616886,0.0010654675966082158
MNAR,0.1,S2,extratrees,1014,0.9406265561009987,0.4601026933954757,0.01864832892946478,0.01074270477001102,0.008313516820830378,0.10444180403298459,0.0012974943053387432
MNAR,0.1,S2,extratrees,1015,0.934789558336319,0.4527175504886107,0.018777966359114377,0.00849624342634272,0.010257308764325478,0.11812513763999537,0.000918254491734725
MNAR,0.1,S2,extratrees,1016,0.9376449920099784,0.4613684309211467,0.01877192098814732,0.01020729013712734,0.014265501624100707,0.10926169018845235,0.0013559032760367912
MNAR,0.1,S2,extratrees,1017,0.93072113981667,0.4627154431918596,0.018593343278630096,0.00953485572074576,0.01148576116726275,0.09908703173154641,0.001151184512409835
MNAR,0.1,S2,extratrees,1018,0.9345065103975161,0.4582883685674804,0.01861473587300998,0.00912472648980482,0.006456698407316311,0.10361772830218437,0.0010830499581082433
MNAR,0.1,S2,extratrees,1019,0.93341217317214,0.45126551955335614,0.018840619437071236,0.0092550853819074,0.010813759379487116,0.1021180194506377,0.001184032788954319
MNAR,0.1,S2,extratrees,1020,0.9348707517277954,0.4624038109299411,0.0186244611061975,0.009439080804046821,0.009944454356540542,0.099622161641898,0.0010458356962476094
MNAR,0.1,S2,lr_l2,1001,0.8361283430847821,0.30271035655156,0.02114753593259364,0.00547712604363636,0.02863119221571604,0.04975751860880112,0.002122492009357284
MNAR,0.1,S2,lr_l2,1002,0.8348545884151483,0.28352299939068726,0.02135311581933472,0.005890246265085,0.03224439237876689,0.08473925470802823,0.0016237831830759628
MNAR,0.1,S2,lr_l2,1003,0.8455221530004483,0.3002191534475201,0.0211525628634274,0.00610705846512822,0.03358651868888602,0.07945121660624319,0.0017574021594403241
MNAR,0.1,S2,lr_l2,1004,0.8288869832718626,0.29066587571010416,0.02157213280524358,0.0060006062445379805,0.042940025488269785,0.09495269782463919,0.0012822065248368796
MNAR,0.1,S2,lr_l2,1005,0.8420450441160515,0.3069157103682584,0.020856926189158582,0.00508179676320852,0.01981633426039796,0.08390207393325644,0.0015487450584201659
MNAR,0.1,S2,lr_l2,1006,0.8448333928013161,0.30044975587704303,0.02114226734862388,0.006627071341099519,0.03835873038423294,0.0690497592056726,0.0016417482755407074
MNAR,0.1,S2,lr_l2,1007,0.832709374331953,0.31210190078230193,0.02091006393614364,0.00505083298966708,0.04086803520242061,0.0870209386158942,0.0014117690437155475
MNAR,0.1,S2,lr_l2,1008,0.8279271539737177,0.27847898982357133,0.021423858267658198,0.00699897472070002,0.039480380569759145,0.09439969152909407,0.0019459126518029388
MNAR,0.1,S2,lr_l2,1009,0.8354086442680572,0.304214678761549,0.021095460192087738,0.0059522283927815,0.028589685143464435,0.07937888852412268,0.0018422260060992157
MNAR,0.1,S2,lr_l2,1010,0.8405426695195695,0.29811096840088486,0.02121029641358892,0.00543502334362378,0.032480280002531316,0.08321526383012903,0.0016815145958712346
MNAR,0.1,S2,lr_l2,1011,0.8481111696389873,0.3022920257333495,0.02095312631047974,0.00624097508536404,0.03038232170949473,0.07448113880953429,0.0015655975364306793
MNAR,0.1,S2,lr_l2,1012,0.8316214924105891,0.29392382460130106,0.02103042336499002,0.00424353554159894,0.05893386014674563,0.09330910340254008,0.0013722046014921054
MNAR,0.1,S2,lr_l2,1013,0.8346067970254826,0.29617853909278063,0.02138085560410486,0.00669863672611456,0.03407905694376659,0.08409849190245276,0.001491098623085835
MNAR,0.1,S2,lr_l2,1014,0.8370000815330692,0.285630367110118,0.0214410765155236,0.00680738247607518,0.05226871995841871,0.1080732677809492,0.001833864681851526
MNAR,0.1,S2,lr_l2,1015,0.8259042624028419,0.2949136661997909,0.02098646044158236,0.006049574596592939,0.03589198974328291,0.0864577721370348,0.0008995164034836434
MNAR,0.1,S2,lr_l2,1016,0.8313286299246115,0.28342750248482973,0.021454278111351137,0.0053981351121643595,0.042813805771137414,0.08241076239898298,0.001734218640738429
MNAR,0.1,S2,lr_l2,1017,0.837274383353682,0.31378049504449634,0.02084418669285094,0.00528626179687512,0.0337992425142368,0.09602984143582331,0.0010175711883049395
MNAR,0.1,S2,lr_l2,1018,0.8316601807679455,0.3035692106642471,0.020965475444180842,0.00637265869090618,0.03259888153309261,0.09593534985700782,0.0015407559374423475
MNAR,0.1,S2,lr_l2,1019,0.825018264657903,0.3050368391818638,0.02081438558949946,0.0061541957831087995,0.038528010265553504,0.07594423796386432,0.0015576799698586636
MNAR,0.1,S2,lr_l2,1020,0.8497409352640976,0.3048713438090546,0.021215405488342422,0.0062158037509981,0.03746750628991615,0.09167156969438958,0.0014800928460357355
MNAR,0.1,S2,rf,1001,0.9313542970638986,0.4621744415316532,0.01829454209047448,0.00832038706404228,0.006370106857801992,0.08044510540946109,0.0010914053320455165
MNAR,0.1,S2,rf,1002,0.9262654019908391,0.4497727134585606,0.01853763847282442,0.00593063778385834,0.010073991278870684,0.07856896867720024,0.0011771451732559871
MNAR,0.1,S2,rf,1003,0.9274940763439343,0.4626914604775435,0.01827035201583726,0.00794720959671202,0.012305178753154001,0.0966010633096985,0.0009134854044578128
MNAR,0.1,S2,rf,1004,0.9319832790279889,0.46178958531145387,0.018186923750278118,0.008138324659859818,0.009127158296520754,0.10444270032293879,0.0008914450890071474
MNAR,0.1,S2,rf,1005,0.9352189173301033,0.46131406837493083,0.01826851921990748,0.00919770971664188,0.011621999373736258,0.07947623095553025,0.001181365419800553
MNAR,0.1,S2,rf,1006,0.9350510303070708,0.46556662221219935,0.0183923854599836,0.01024585236165136,0.009615984393056304,0.09637358489011377,0.0009420851783850379
MNAR,0.1,S2,rf,1007,0.9315213035201714,0.4629735639177013,0.0182835985335879,0.00762488533708156,0.007558133696528224,0.08764610153065348,0.001050162102564713
MNAR,0.1,S2,rf,1008,0.9304637926331789,0.47033712719380566,0.01834030999322748,0.00929882909436044,0.010800689186193873,0.08130983958951177,0.0011876926451953955
MNAR,0.1,S2,rf,1009,0.9306408703379985,0.46420811686563007,0.01834983289405834,0.00841588710391776,0.00688290035673869,0.09539869277602271,0.0013332959562738168
MNAR,0.1,S2,rf,1010,0.927060499184752,0.4705802035135517,0.01831823716075038,0.00874429977692252,0.01632890186277622,0.10452288960599868,0.0006247479213210568
MNAR,0.1,S2,rf,1011,0.932394626144086,0.47638535015063976,0.01802140231479796,0.0096589714033304,0.016590871395836294,0.09042272204075899,0.0009009628368696348
MNAR,0.1,S2,rf,1012,0.9236815149997911,0.43297355811733523,0.018816851519857538,0.006704717801768021,0.010592904983052173,0.08783880932308764,0.0009663872772752616
MNAR,0.1,S2,rf,1013,0.9291215670211084,0.4496485178745906,0.0185101978147101,0.00856230263901046,0.015225069446293343,0.11357166275281082,0.0007418442649378494
MNAR,0.1,S2,rf,1014,0.9319908543140007,0.44218627793013265,0.0186624110728252,0.00676451866911628,0.0071069138986293336,0.10238239918621521,0.0009987578172154623
MNAR,0.1,S2,rf,1015,0.9315411734292927,0.44791306903963973,0.018567477759263977,0.00676432506496048,0.013585574587255688,0.10666539402022426,0.0008289394251723572
MNAR,0.1,S2,rf,1016,0.934801637772831,0.45061643114531946,0.018489363658950857,0.0085721415130437,0.007308275780992727,0.09576407285689366,0.0011019558713295222
MNAR,0.1,S2,rf,1017,0.9277901850355796,0.45173012690068426,0.018322990260004203,0.0064308824889882195,0.00955368271928222,0.10511025222665353,0.0009615091468010713
MNAR,0.1,S2,rf,1018,0.931581853457917,0.4452604121841238,0.018462929237143738,0.00663712690310954,0.01098935208512095,0.10662574783213112,0.0009860547129375778
MNAR,0.1,S2,rf,1019,0.9274506569007255,0.44599461454755857,0.01860639236866072,0.00813043200744126,0.014624943206163442,0.0800780114484285,0.0010857576912351532
MNAR,0.1,S2,rf,1020,0.9303053550952566,0.45328309843364323,0.01854989122593992,0.006661194410306539,0.007400301817457178,0.08245265927592577,0.001075873755651224
MNAR,0.1,S2,svm_linear_cal,1001,0.8136887372664049,0.3099252465621701,0.021259968111952198,0.0056241476064782,0.03693371549566011,0.05070798068366255,0.002354122026464914
MNAR,0.1,S2,svm_linear_cal,1002,0.8085804920545637,0.3012561162147064,0.02120427240815746,0.00701562469890996,0.039232963509898196,0.07660906043824507,0.0018155194698146178
MNAR,0.1,S2,svm_linear_cal,1003,0.8226125259305752,0.3172765901097532,0.0210663181728701,0.00610633996810944,0.0369057709212427,0.0783977397134081,0.0019656874476800235
MNAR,0.1,S2,svm_linear_cal,1004,0.8069600807165308,0.30358485041324024,0.0214655225849339,0.0073140288758566,0.04984086728129716,0.0896140297442825,0.001741041876594459
MNAR,0.1,S2,svm_linear_cal,1005,0.826485312970578,0.3222232835817925,0.02097043442844202,0.00712125327231274,0.025699648744110477,0.08375373424570494,0.0015724578460404514
MNAR,0.1,S2,svm_linear_cal,1006,0.8321252183119912,0.30793541664122603,0.02136408635415132,0.00584011832308534,0.042577131959194776,0.07463698933865606,0.0017866652346448949
MNAR,0.1,S2,svm_linear_cal,1007,0.8130285123844543,0.3267512940077859,0.02093300393504282,0.00508571602632678,0.04720532603811268,0.09170555480307302,0.0014901164597422424
MNAR,0.1,S2,svm_linear_cal,1008,0.8057718988429263,0.29832445841015626,0.021249969594602,0.00604401154669588,0.050086576775980246,0.091955185213878,0.0018427221995526428
MNAR,0.1,S2,svm_linear_cal,1009,0.8199232014448663,0.318459380207113,0.02120805942566428,0.005147227348493899,0.033168600899809816,0.08448950195507543,0.0021060003690360337
MNAR,0.1,S2,svm_linear_cal,1010,0.8188078625259669,0.30997851722875225,0.0212622498990181,0.00539105288099862,0.03837459555406014,0.08412191177757335,0.0016596725897382977
MNAR,0.1,S2,svm_linear_cal,1011,0.8284144810343005,0.3202204948528103,0.020938876727581022,0.005737385820765601,0.03577230955541861,0.07396912984022692,0.0020552855162683384
MNAR,0.1,S2,svm_linear_cal,1012,0.8157223772488973,0.3040474111415351,0.0211277202435568,0.00701541194381036,0.06808178760135396,0.08981732178383038,0.0015506480265348541
MNAR,0.1,S2,svm_linear_cal,1013,0.8094476804312372,0.30931944539571454,0.02155106619844228,0.0063918795314631405,0.05177613031854057,0.09013154482548688,0.0017925901864413727
MNAR,0.1,S2,svm_linear_cal,1014,0.818965379221922,0.29585394024016914,0.0214543654638182,0.0074890233803533,0.06316212772694285,0.10722235531639536,0.0018649547716797477
MNAR,0.1,S2,svm_linear_cal,1015,0.8025968670109414,0.30988627137448466,0.020974337739794062,0.006716672138812679,0.03881160913056066,0.08968269047439689,0.0012155242949987671
MNAR,0.1,S2,svm_linear_cal,1016,0.8083587750546737,0.29732768783390184,0.0215279363140828,0.00653735933721542,0.050135474028803674,0.08297941927300541,0.0019220442563508858
MNAR,0.1,S2,svm_linear_cal,1017,0.8157811950590881,0.3206816252485979,0.021128159194514662,0.00698934749052454,0.03480716796213338,0.09433837331871667,0.001307723346033274
MNAR,0.1,S2,svm_linear_cal,1018,0.8072924525738493,0.31005523352462555,0.0208737869877621,0.00596335821970378,0.03625240437177994,0.10111423934600597,0.0014291961038366092
MNAR,0.1,S2,svm_linear_cal,1019,0.7992030177989672,0.31087651849176706,0.02101608349082474,0.006465535588632759,0.035604036429004844,0.07760151886161494,0.0018631250177683597
MNAR,0.1,S2,svm_linear_cal,1020,0.8327465194459617,0.31483088237999896,0.02108366004535738,0.0060806768349731,0.0467618797588291,0.09583416343689508,0.0016228711189304175
MNAR,0.1,S2,xgb,1001,0.9690168728038572,0.6812641359384755,0.01474929284304374,0.01106405854880008,0.009893878709066519,0.05588185344611684,0.0014646728333257161
MNAR,0.1,S2,xgb,1002,0.9631980565963085,0.6460725249192497,0.01489142701029772,0.010910694232833801,0.008505134563823836,0.0789845456337729,0.0010874597387788914
MNAR,0.1,S2,xgb,1003,0.9672660048684785,0.6836035236875488,0.014335749484598601,0.01097964546249422,0.010476426994490645,0.083616651113937,0.0006461759474775086
MNAR,0.1,S2,xgb,1004,0.9669971395398965,0.6691719230806824,0.0149160267785191,0.01174590709502986,0.012542750654964591,0.0701710992819182,0.0011018698330487067
MNAR,0.1,S2,xgb,1005,0.9694440521962615,0.6704817420760054,0.01463231891393654,0.01123232946485312,0.0018172974853111782,0.0385083102474601,0.0015756556240793893
MNAR,0.1,S2,xgb,1006,0.9669994624293808,0.65232015011863,0.01508191153407092,0.01109366954963718,0.010086338095141388,0.08893997278599725,0.001105179466731301
MNAR,0.1,S2,xgb,1007,0.9715045864792264,0.68462513445347,0.014384688436984979,0.01086122258777332,0.008091246137665334,0.059485554093749955,0.0010475607395531933
MNAR,0.1,S2,xgb,1008,0.9672114288541172,0.6865626054765988,0.014451382309198341,0.011083143834361339,0.008963453453642288,0.04972136926457051,0.0018538734688679827
MNAR,0.1,S2,xgb,1009,0.9652513030140295,0.669670205029329,0.0147024024277925,0.010452494611677781,0.007594767280055268,0.059441290919643314,0.0011853104930360057
MNAR,0.1,S2,xgb,1010,0.968842838846701,0.6626568248790566,0.015071996301412541,0.011754364099539321,0.007857892171875706,0.06579507209538873,0.0011587372287034867
MNAR,0.1,S2,xgb,1011,0.9684357963731504,0.6795933966276395,0.01421510633081192,0.01086130431023328,0.0068889325180130365,0.04880063111209518,0.0012438255647760123
MNAR,0.1,S2,xgb,1012,0.9657632523223381,0.6594696577944577,0.01491602137684816,0.01100949887756468,0.010806585953971638,0.10615888156374416,0.0004690892363096392
MNAR,0.1,S2,xgb,1013,0.9639801667738288,0.6645614633616471,0.014478692039847318,0.01022861880875382,0.007907465588970488,0.06400492485759597,0.0008661992476983787
MNAR,0.1,S2,xgb,1014,0.9693691273978147,0.6958095143857921,0.01432485878467554,0.01114069701104164,0.008405613410620268,0.06403548551936879,0.0007216818751783062
MNAR,0.1,S2,xgb,1015,0.9687644460381233,0.6578022145417309,0.015194662660360281,0.011955366989573581,0.005987012238661431,0.092274126607038,0.0006095157541550843
MNAR,0.1,S2,xgb,1016,0.9656474539907004,0.6519644576807491,0.015121483430266319,0.011354113488164619,0.00782709063735733,0.06358411672901539,0.0015273412875274229
MNAR,0.1,S2,xgb,1017,0.9694198412288426,0.6591674165826573,0.014805580861866419,0.011527151258038881,0.00497679603910104,0.09237867663115386,0.001013411607489989
MNAR,0.1,S2,xgb,1018,0.970123776312831,0.6709213100374003,0.01455841772258278,0.01099435008548716,0.01018230266183206,0.08524978248705056,0.0005993104329816225
MNAR,0.1,S2,xgb,1019,0.9666253405188778,0.6661532058203536,0.014838123135268642,0.01152330032082614,0.006898638218700493,0.07755069553085146,0.0012413894819465372
MNAR,0.1,S2,xgb,1020,0.9694653849270388,0.698280320463034,0.01436047609895462,0.01130233282355444,0.0065461405485421455,0.07090249294288585,0.0015008546463474474
MNAR,0.2,S1,extratrees,1001,0.9679673217250212,0.6142984058406752,0.01769260602249358,0.0200231739065979,0.007822190577915108,0.05795366797277039,0.0008153434243599499
MNAR,0.2,S1,extratrees,1002,0.957971736591459,0.6074503211648007,0.0176319259239229,0.01866769015534736,0.01370076618420431,0.06350754740500945,0.0006164544698668373
MNAR,0.2,S1,extratrees,1003,0.958090108742655,0.593551320736009,0.017692849515883256,0.01836601935640344,0.013640480048604207,0.029272110576801093,0.0003281409720256037
MNAR,0.2,S1,extratrees,1004,0.9660684712371973,0.6241520661990344,0.01747048456903572,0.019288787561114303,0.009249073831084335,0.07540138845680266,0.0007516084317060021
MNAR,0.2,S1,extratrees,1005,0.9623658363786717,0.6014559536128813,0.01803433210699856,0.019098670725324278,0.01741950816392393,0.053594262804466414,0.0007664778821281011
MNAR,0.2,S1,extratrees,1006,0.964648579750625,0.6204419126275319,0.017541326410501303,0.0193772137559702,0.015387977856376403,0.02471826067708546,0.0002238656366869913
MNAR,0.2,S1,extratrees,1007,0.9607009989334543,0.6226458470621993,0.01755348362709446,0.0194566039454717,0.014395406430617345,0.02748053254588342,0.00049882200618308
MNAR,0.2,S1,extratrees,1008,0.9553893567775479,0.5946296051812131,0.01769987954822224,0.01760256628115548,0.01148057699512668,0.06225256437379024,0.0006782793577389778
MNAR,0.2,S1,extratrees,1009,0.9606175049062491,0.6087734883699392,0.01758923273218794,0.019591060153922018,0.012442984414157773,0.041328445561249934,0.00048302849156301147
MNAR,0.2,S1,extratrees,1010,0.9648876390787136,0.5863641238196526,0.01799113658214192,0.01835733567033484,0.014276826722996166,0.07998813405139707,0.0010096188094939067
MNAR,0.2,S1,extratrees,1011,0.9667598325248402,0.6074519392841761,0.01783085193376338,0.02162183486220024,0.00682718239020059,0.05471333734112591,0.0005165120675280177
MNAR,0.2,S1,extratrees,1012,0.957331757379151,0.6023516308145049,0.01761002697899968,0.01853705325687648,0.006606313531436096,0.05271423381796411,0.00048028650860769395
MNAR,0.2,S1,extratrees,1013,0.961758387731234,0.5677512269314803,0.018028923031090723,0.01753559691698662,0.010952779059809677,0.07173889084249879,0.0009821235653472591
MNAR,0.2,S1,extratrees,1014,0.9593400430005697,0.6104905042394284,0.01752664649054492,0.0187505949655635,0.016522422038073928,0.08313484261294252,0.0011408493735962403
MNAR,0.2,S1,extratrees,1015,0.9618179106551589,0.600535052502303,0.017655430150686317,0.01897975795545306,0.00849886424639544,0.05021450547215786,0.0005277478489238011
MNAR,0.2,S1,extratrees,1016,0.9600472922990155,0.5971571335011384,0.01786509793582508,0.01763337494184384,0.012878444798716948,0.04118824971435633,0.0007119958122393639
MNAR,0.2,S1,extratrees,1017,0.9579931617199074,0.5962501311696841,0.017781511126039477,0.019005358471899443,0.010910556791284474,0.061465245183972284,0.0009435329374224272
MNAR,0.2,S1,extratrees,1018,0.9591107754358783,0.5872012633929562,0.01794305998477626,0.019269903087719538,0.012313894994051952,0.05882466583687288,0.0005071287680957571
MNAR,0.2,S1,extratrees,1019,0.9606265469361442,0.5770192174664845,0.01804105073661038,0.01920922899623224,0.008312682706459485,0.07734485299018838,0.0008317628761101758
MNAR,0.2,S1,extratrees,1020,0.9635637746074647,0.6001784669613244,0.01752285489001824,0.01822504006216314,0.01312758903730508,0.08271348757836886,0.001031918003513554
MNAR,0.2,S1,lr_l2,1001,0.773564542798302,0.19980792222416918,0.022684879741947977,0.00393273851417854,0.022348457263345063,0.05718685743078099,0.0009402859213554935
MNAR,0.2,S1,lr_l2,1002,0.7761556816789698,0.21208588048697927,0.022672833976606983,0.0050463736352996,0.025467476062824138,0.043174866830878206,0.0002440960902179983
MNAR,0.2,S1,lr_l2,1003,0.7774663253166405,0.20559635924007033,0.0225611764530948,0.0025029199268552004,0.02194642659484789,0.051964509320921635,0.0009501281467111113
MNAR,0.2,S1,lr_l2,1004,0.7811018129301688,0.20833336077830694,0.02265532349242184,0.0035945089341434997,0.018888905483046666,0.04869063541895289,0.0005954798105086171
MNAR,0.2,S1,lr_l2,1005,0.7710442421129837,0.16143624057197198,0.02326725154282334,0.00287607559635978,0.0394513063239973,0.016571740734414163,0.0003069923413718841
MNAR,0.2,S1,lr_l2,1006,0.7790450510964295,0.19880335229127427,0.022704445501917442,0.00381915163644104,0.03686243833034788,0.03009968887885328,0.0004660435820036141
MNAR,0.2,S1,lr_l2,1007,0.7759633217686892,0.21256685596167904,0.02247271718100394,0.0030818183962611,0.032724613522267736,0.016091500034341698,0.000523693170890458
MNAR,0.2,S1,lr_l2,1008,0.7738336417430272,0.22082729789016434,0.02230656073259922,0.0036355092431344404,0.01904682067714196,0.04438352419546685,0.000729029498739178
MNAR,0.2,S1,lr_l2,1009,0.7905096108550156,0.22907053817536438,0.02210523763701164,0.00327538230245358,0.02299335850314744,0.049766176460879726,0.0007711261312575179
MNAR,0.2,S1,lr_l2,1010,0.7755936501774194,0.1874808046216463,0.02306571214116058,0.0033830103234332594,0.06045358274164493,0.028313606102380342,0.0005456341041740961
MNAR,0.2,S1,lr_l2,1011,0.7563364718730501,0.18963766715126568,0.022856490382076163,0.0036138112005312598,0.04000002987252154,0.047330489104542135,0.0007182799938060633
MNAR,0.2,S1,lr_l2,1012,0.7693362919411649,0.19102866649569075,0.02304690089776108,0.00464205722745302,0.014983472131478028,0.03403496197010956,0.0005954535627618757
MNAR,0.2,S1,lr_l2,1013,0.7576040858070703,0.18155238209467287,0.023155988063331183,0.00558749539075942,0.04533815861961458,0.05681262913476638,0.001043665494172685
MNAR,0.2,S1,lr_l2,1014,0.7787758140606024,0.23246250416516112,0.022097541022424817,0.00436857828396632,0.04084587134087887,0.06989966856958135,0.0012361192157347844
MNAR,0.2,S1,lr_l2,1015,0.7662717924650114,0.21387260569891198,0.02232361755263716,0.00360592616690754,0.015889325469740333,0.03445149535436784,0.0005489533262343713
MNAR,0.2,S1,lr_l2,1016,0.7715323422169387,0.17803224908974216,0.02305900264833662,0.00444057058495994,0.03175393298860425,0.04956437983288959,0.0008453014416652937
MNAR,0.2,S1,lr_l2,1017,0.7884357933885524,0.20141373796306,0.0225966098966759,0.0033564276508493405,0.020612053851171434,0.054564719913351926,0.0010251899960921863
MNAR,0.2,S1,lr_l2,1018,0.758579715974953,0.1846783479796911,0.02297310058216338,0.00405882697615338,0.020004719527380626,0.04679071195650251,0.0009543603320662746
MNAR,0.2,S1,lr_l2,1019,0.7690786170407075,0.20571540748333272,0.022384898179237438,0.0044338723059535795,0.032305458527854734,0.05054634127595649,0.0010009291249588428
MNAR,0.2,S1,lr_l2,1020,0.7751745031845119,0.21374539321243682,0.0224805297485575,0.00404869291368528,0.04006193069110382,0.05377006922586298,0.001053727122394886
MNAR,0.2,S1,rf,1001,0.9745229135132594,0.6533562864436175,0.01600838143531232,0.0176910291597417,0.005649336843736287,0.050287251193570505,0.0009102126456978623
MNAR,0.2,S1,rf,1002,0.9658216144183873,0.6339053552387008,0.016198699070894503,0.01644261265308834,0.014107072071306768,0.07920966184498905,0.000948211540451811
MNAR,0.2,S1,rf,1003,0.9649969622242998,0.6304966359888231,0.01629933783541406,0.0165578666819376,0.0092665790308936,0.038927847600686,0.000649410872501105
MNAR,0.2,S1,rf,1004,0.9690327501378251,0.6536412095144467,0.01596206062701136,0.0175963703240714,0.010233286077764416,0.0761184105264056,0.0008527984844567794
MNAR,0.2,S1,rf,1005,0.9646490591505117,0.6149819870946398,0.01667939740868486,0.0162139938599061,0.016836935016662793,0.07996060470758984,0.0010596369738707027
MNAR,0.2,S1,rf,1006,0.9703606949970063,0.6738183112617551,0.01576523319464946,0.01746002238169764,0.00952293112883243,0.04913903334575847,0.0003461648088763295
MNAR,0.2,S1,rf,1007,0.9636565072233749,0.6519236302369118,0.016187383100469736,0.01651381310912144,0.009457353747604286,0.04670348559416279,0.0005838413044150034
MNAR,0.2,S1,rf,1008,0.964351869592398,0.632482532549549,0.01620745675549868,0.01645192313510498,0.013450464181061697,0.04763023589686849,0.000623521576084434
MNAR,0.2,S1,rf,1009,0.9677077361254168,0.6533760712500304,0.01585956911575246,0.01807667112430112,0.008246387812305961,0.08504528673299203,0.0008358058727725277
MNAR,0.2,S1,rf,1010,0.9689405405914373,0.6182825385093038,0.01649360918440984,0.0160640268919896,0.014334274725440594,0.08452724715768799,0.0012089994368693487
MNAR,0.2,S1,rf,1011,0.9699843035174938,0.6243288408312334,0.016422698791361382,0.01805265119579714,0.008778153144737254,0.04285525365114612,0.00044451414810486704
MNAR,0.2,S1,rf,1012,0.9655779745805042,0.629730805129267,0.01616631879116866,0.016496915877357122,0.005365879978533127,0.057769250892350646,0.000432222461935149
MNAR,0.2,S1,rf,1013,0.9652488388411331,0.6134754615528448,0.01655452721633104,0.01558472555728412,0.007716281310648222,0.06351381695797248,0.0009203787245867916
MNAR,0.2,S1,rf,1014,0.9674866568161263,0.6422261911643558,0.016015387074736882,0.017195569044395058,0.013527456139081703,0.07438311922776059,0.0012731364998045244
MNAR,0.2,S1,rf,1015,0.9622163473200078,0.6099054130354565,0.016487615266326937,0.01542323619610414,0.006468649176053299,0.06332253375057739,0.0008682951067430506
MNAR,0.2,S1,rf,1016,0.9641790011092206,0.6126118827645091,0.01655490412590132,0.01507599641919724,0.01163613688856953,0.03750021980395911,0.0008209211877652288
MNAR,0.2,S1,rf,1017,0.9631140243570598,0.6230899931576073,0.01639727292567856,0.01671193367547944,0.006357131232452875,0.07368282763252,0.0010535217289036184
MNAR,0.2,S1,rf,1018,0.9672799626718549,0.6107134971929938,0.01654265818944734,0.01742335491328346,0.005726823110915459,0.03150584363942247,0.000444300173184977
MNAR,0.2,S1,rf,1019,0.9673286327186652,0.6085281023711389,0.016626511996735822,0.01623932096962556,0.0046215933553305855,0.08179783728573431,0.0010240377899416624
MNAR,0.2,S1,rf,1020,0.9606895539360719,0.6190305726065826,0.01624319343427614,0.015535161166376179,0.015232764177404478,0.10030741761516015,0.0014771218265486206
MNAR,0.2,S1,svm_linear_cal,1001,0.7592624564323768,0.20784973000955964,0.0230170642492075,0.00485748638290626,0.025915216178970246,0.0626673933234641,0.0007302148907020154
MNAR,0.2,S1,svm_linear_cal,1002,0.7505972170218607,0.22229846455539876,0.02264436767003006,0.00330893370292454,0.022742319882805163,0.047136354949948604,0.0005074870396967827
MNAR,0.2,S1,svm_linear_cal,1003,0.7662988770614011,0.21044080510957924,0.02303516162975294,0.00504218656171036,0.024251130235072686,0.041592591277369424,0.0005727863959886785
MNAR,0.2,S1,svm_linear_cal,1004,0.7638763761760515,0.20858219429095398,0.02297664556901138,0.00365949766355706,0.02888753564873579,0.050814594304553644,0.0004571981205767595
MNAR,0.2,S1,svm_linear_cal,1005,0.7453484375392286,0.1700608254882239,0.023476888268202323,0.00211604738474366,0.04277932479154111,0.020315310625365235,0.0003159547538204548
MNAR,0.2,S1,svm_linear_cal,1006,0.7639042734094368,0.20668955195935856,0.02278389997162794,0.0029224084998185,0.04527003302489203,0.027024280887039426,0.00020084010112723385
MNAR,0.2,S1,svm_linear_cal,1007,0.7572393072666989,0.21078415079652935,0.022734564133850922,0.00483610392118998,0.030693456018427552,0.025539227367659317,0.0007856051241195798
MNAR,0.2,S1,svm_linear_cal,1008,0.7564401346443198,0.21933764361414038,0.02283131375383074,0.00399519378291904,0.02431171999722399,0.04065640346055174,0.0006503813223858967
MNAR,0.2,S1,svm_linear_cal,1009,0.7716995251862172,0.2318574651391055,0.02262011207673656,0.00372183002779986,0.023585511145367874,0.05133382115485022,0.0006229155347315471
MNAR,0.2,S1,svm_linear_cal,1010,0.7561798341897868,0.19875375678184812,0.02329799830630088,0.0034147486802443604,0.06977289461195717,0.03414454418792065,0.0007631188418673921
MNAR,0.2,S1,svm_linear_cal,1011,0.7329352076799172,0.19555992671817007,0.02310441678800256,0.0038762764718284,0.03863738968709079,0.04059703204754722,0.00037248779747200045
MNAR,0.2,S1,svm_linear_cal,1012,0.7504356711831734,0.2045851468613597,0.02319026842661728,0.0037412675471492998,0.02338241016846697,0.030230754091843098,0.00023878921863959484
MNAR,0.2,S1,svm_linear_cal,1013,0.728624291248692,0.19523808509020768,0.02328503947637238,0.00327615181354554,0.05936129985199322,0.07042623349072771,0.0007517496002676652
MNAR,0.2,S1,svm_linear_cal,1014,0.7610159733903298,0.24184370737010222,0.0225726144123375,0.0053533631236643,0.04607128042420049,0.07416870478589643,0.0008495203841121054
MNAR,0.2,S1,svm_linear_cal,1015,0.7422865115979531,0.22223258360724407,0.02278471471687204,0.0041271127703396,0.014607617013181978,0.02817608948318786,0.0006228717433865098
MNAR,0.2,S1,svm_linear_cal,1016,0.7573287826731567,0.17493432150094657,0.02334739278155702,0.0022340628447706,0.02815102730213695,0.042756368515014714,0.0005913504138822185
MNAR,0.2,S1,svm_linear_cal,1017,0.7726162993277144,0.20865833607260487,0.02297267056792068,0.0039063136584911,0.02173537526063346,0.044408005287105874,0.0005193579913300604
MNAR,0.2,S1,svm_linear_cal,1018,0.732814651015893,0.1889727985295928,0.0230795712513394,0.00349030148519454,0.03032995097906336,0.04437017486613584,0.0007095131946201314
MNAR,0.2,S1,svm_linear_cal,1019,0.7549303160438994,0.21183408584658253,0.0226267802569197,0.00341524744577808,0.0356843958307186,0.05153386223658741,0.0008510192345986513
MNAR,0.2,S1,svm_linear_cal,1020,0.7517125164029541,0.21979953534272517,0.022860884439878697,0.0035811631300384,0.047365010883447696,0.05700227297714154,0.0007684785161482244
MNAR,0.2,S1,xgb,1001,0.9877208276407762,0.8263151744267413,0.01145344525575634,0.00997456578863654,0.004644408715341768,0.0437744281572678,0.0010782431106015446
MNAR,0.2,S1,xgb,1002,0.9850397186336819,0.828933272823089,0.01079375557601448,0.0093160016300132,0.0075517994058821114,0.04503431968469209,0.0013195736633832367
MNAR,0.2,S1,xgb,1003,0.9860949922394733,0.8227030908236532,0.01132436282932754,0.00959486816769378,0.00492103509966654,0.04691754594762683,0.001250445362048747
MNAR,0.2,S1,xgb,1004,0.9884412448654066,0.8505649899344295,0.01084605548530812,0.00967847299363032,0.004296450959695787,0.018537125906951803,0.0011256162474364718
MNAR,0.2,S1,xgb,1005,0.9861446401043586,0.8321433590030853,0.01140322722494598,0.01027158588730762,0.007924831037942552,0.028418318671719525,0.0011877299065109468
MNAR,0.2,S1,xgb,1006,0.9904729598373028,0.8652940688241539,0.0101152433082461,0.00934431023410888,0.004071593320444315,0.03519464710121783,0.0007150963949613601
MNAR,0.2,S1,xgb,1007,0.9912409605983339,0.8654536567999113,0.01045135464519258,0.00954634060058412,0.0040758842830642406,0.0360924187902545,0.0015739241658640206
MNAR,0.2,S1,xgb,1008,0.9885327425980283,0.8384638080568445,0.01091541498899456,0.00976609048200448,0.004858759220721378,0.03520683749423646,0.00070072895539566
MNAR,0.2,S1,xgb,1009,0.9873917856138726,0.8381812321383995,0.010680635645985561,0.00937027619549654,0.003960713451784419,0.027562877628563954,0.0008717086205534525
MNAR,0.2,S1,xgb,1010,0.9903562528328258,0.8481436968930034,0.01127584390342228,0.01047526705375498,0.0055567717116594565,0.0661374090891592,0.002564868172099125
MNAR,0.2,S1,xgb,1011,0.9879387802898412,0.8343412330027282,0.011134510673582499,0.00985350445920132,0.001602259671870308,0.01933990189730847,0.0006497274048396801
MNAR,0.2,S1,xgb,1012,0.9866596213506874,0.8377311755044602,0.0106598779559135,0.00870734337845064,0.002334710100502043,0.01594903158142544,0.0006467201828083779
MNAR,0.2,S1,xgb,1013,0.9895795115558681,0.8614058961751638,0.010460360534489099,0.0094108752890741,0.005344257066990128,0.013228047415029946,0.0008375731049873126
MNAR,0.2,S1,xgb,1014,0.9881582644510857,0.8459662018573983,0.0107491541653871,0.00958690908686964,0.007228937516520767,0.07705872968531133,0.0021804006519660487
MNAR,0.2,S1,xgb,1015,0.9871998857397678,0.827949810067284,0.0112804444506764,0.010241903862262999,0.002336497535592838,0.030115963825392656,0.0010451131088970095
MNAR,0.2,S1,xgb,1016,0.9886978364836055,0.843363471307722,0.011265218257904,0.01038105588812668,0.004048918965189242,0.042914968638579645,0.0012669290584391081
MNAR,0.2,S1,xgb,1017,0.9847983091364231,0.8107677261458412,0.01134077496826644,0.0093599783835792,0.0029072323492234874,0.021904940543552777,0.0009208379172416103
MNAR,0.2,S1,xgb,1018,0.9914432083997486,0.8587298637843299,0.010501844063401159,0.0095756207605034,0.0018604243197085342,0.023286191350864047,0.0009426646318298794
MNAR,0.2,S1,xgb,1019,0.991576576709097,0.840476135814957,0.01090861633419986,0.009296340656929001,0.0024433445587274936,0.0361916541773772,0.0011285048954878226
MNAR,0.2,S1,xgb,1020,0.9824494912083057,0.8250077167300377,0.01110259573906656,0.0096851500640878,0.00770165227921612,0.027122947039563836,0.0007856959230458141
MNAR,0.2,S2,extratrees,1001,0.9552752103330618,0.5662102741038406,0.018105095901832,0.018451123152451,0.011949433826478478,0.07726495493171633,0.0014963595207136532
MNAR,0.2,S2,extratrees,1002,0.95796620175054,0.5939722263880454,0.01792768074305292,0.01858155563051976,0.009859733947055844,0.08054375956089004,0.0015478719156723673
MNAR,0.2,S2,extratrees,1003,0.9584901955962059,0.6193279800348372,0.01746769210768098,0.0204205215678483,0.01223298395552402,0.0767269863429863,0.0016076956705126375
MNAR,0.2,S2,extratrees,1004,0.9615094706885348,0.5732300634935742,0.01781609162895478,0.0186152155709114,0.014202061307223492,0.12355957514724707,0.0010874661691706784
MNAR,0.2,S2,extratrees,1005,0.9600466320672743,0.5605410426841779,0.01809430995344926,0.0182152922852896,0.009480794685011675,0.0944327242752614,0.0014215594898378478
MNAR,0.2,S2,extratrees,1006,0.9567036012640914,0.5970160015909094,0.01793246654456316,0.02074554190777918,0.005251762691815534,0.07128952320197407,0.0016688385575283806
MNAR,0.2,S2,extratrees,1007,0.965406141212334,0.6061462264996902,0.0174922665595083,0.01982921600131142,0.0074700906004029535,0.08762667404529607,0.0013300966029579592
MNAR,0.2,S2,extratrees,1008,0.9574624832596006,0.5810203616768146,0.0178849954636274,0.01854937010995646,0.012166906984411783,0.15805109194471897,0.0013173486562722205
MNAR,0.2,S2,extratrees,1009,0.9595221722862434,0.5770252657233428,0.01802788514863308,0.01940330361993196,0.006414636028196549,0.05284943950817296,0.0016606702321305703
MNAR,0.2,S2,extratrees,1010,0.9562834299736889,0.5707169692990275,0.0179290724772322,0.0190589877324227,0.012580813789310495,0.0953918058303803,0.0011831694215825041
MNAR,0.2,S2,extratrees,1011,0.9547751590395155,0.5794162946517113,0.01786526637955866,0.019162318278969078,0.00753037803360788,0.1082436773320452,0.0012318036371589019
MNAR,0.2,S2,extratrees,1012,0.9602315738239448,0.5906799954722045,0.01780704769835992,0.0194090227101284,0.004574800651121792,0.08658403287049068,0.0016539779018876365
MNAR,0.2,S2,extratrees,1013,0.9630233254161474,0.5624167014234904,0.0178172097454818,0.02024813106269022,0.012795712660557578,0.12539658750400334,0.0008788451999526615
MNAR,0.2,S2,extratrees,1014,0.9579043195106884,0.6048791567418762,0.017754794377957062,0.01937321917927944,0.004150764798314049,0.09276027288916064,0.0012309761368219834
MNAR,0.2,S2,extratrees,1015,0.9583593689775247,0.5836776907148751,0.0178054625007395,0.01848281554227038,0.0068054250920706475,0.07815335089016887,0.0015963817045023744
MNAR,0.2,S2,extratrees,1016,0.9559779407585005,0.611469722782114,0.0177030773496167,0.01942484514255302,0.014134870383282108,0.0768789692284964,0.0015187570957956025
MNAR,0.2,S2,extratrees,1017,0.9601987762596605,0.5860371634959017,0.01784394651750238,0.018140451540161962,0.004767624476291264,0.09656624408764149,0.0012341728336779216
MNAR,0.2,S2,extratrees,1018,0.9583672214680756,0.595188092941304,0.01771717678902304,0.0196491219268026,0.010403444159576726,0.06962435879855162,0.0016236594493962175
MNAR,0.2,S2,extratrees,1019,0.9602390021258346,0.5923713008044027,0.01791026604241572,0.02023420830543182,0.008713855540560209,0.08798328003178829,0.0014507827372661005
MNAR,0.2,S2,extratrees,1020,0.9640618979050044,0.6082926541215468,0.01762942660563238,0.0212771524735507,0.01342452323919937,0.1189852586447916,0.001386272208159824
MNAR,0.2,S2,lr_l2,1001,0.7594903072739901,0.18352698413212765,0.02312123397050462,0.0059700919075837,0.03026902230289398,0.06640771676020712,0.001928459053822857
MNAR,0.2,S2,lr_l2,1002,0.747305270012282,0.19213656186400155,0.02287938415578058,0.00508520233729252,0.05100688087184217,0.07200557316918872,0.0020336913747866186
MNAR,0.2,S2,lr_l2,1003,0.7780939629499348,0.20766827513598113,0.02272830340161722,0.00671079245700746,0.054596217680025934,0.06217121375983045,0.0020141803867293165
MNAR,0.2,S2,lr_l2,1004,0.774725845770329,0.19284839475391996,0.02323577169421276,0.0056369074024304,0.042722955303426326,0.06658320384741653,0.0023447750566729635
MNAR,0.2,S2,lr_l2,1005,0.7726666283565965,0.18568356037005895,0.022937430665397118,0.00449787418235182,0.028656137843338158,0.06453055029394146,0.0019065453865884587
MNAR,0.2,S2,lr_l2,1006,0.7668419894285545,0.17545865653332987,0.023088981697528637,0.0051489323082985,0.04148744035025969,0.06479641992760812,0.0020208495329409
MNAR,0.2,S2,lr_l2,1007,0.7572818915888583,0.20017162274126185,0.02262190813468442,0.0038621336961186603,0.04319743115536903,0.07362505040631988,0.00167842372932384
MNAR,0.2,S2,lr_l2,1008,0.7777634709157125,0.17854055511959777,0.02338700072080894,0.00615052421104712,0.045492998265964694,0.07561807970393948,0.0023506985106983513
MNAR,0.2,S2,lr_l2,1009,0.7701118404983373,0.18609266676856856,0.0229574370660548,0.00401919798461992,0.03353167136591193,0.08990669802700924,0.0020026244113284302
MNAR,0.2,S2,lr_l2,1010,0.7577730049150475,0.1930316744101998,0.02317574754290338,0.0057373713324405,0.04419623840368689,0.06614278003612437,0.0017961323988454217
MNAR,0.2,S2,lr_l2,1011,0.7743151084268096,0.17858368032529132,0.02319984837030112,0.00731733905387872,0.03337691906587919,0.07682203562528181,0.001996266164776382
MNAR,0.2,S2,lr_l2,1012,0.7638433070658255,0.18636440643056623,0.02308733494677096,0.00448724818768544,0.034281904485537903,0.05585574763993297,0.002571172127459298
MNAR,0.2,S2,lr_l2,1013,0.7713116740613778,0.19631387914238563,0.02307993972659454,0.00577174648887684,0.0460855171969467,0.0829134125729354,0.0015977397147079585
MNAR,0.2,S2,lr_l2,1014,0.7493314467465461,0.1891132156734813,0.02314118725592762,0.00492208641213478,0.029874053833996276,0.08202870073453286,0.001481798862066407
MNAR,0.2,S2,lr_l2,1015,0.7550568369791659,0.1849501428305142,0.02293967843376868,0.006339617014275501,0.022304771121823653,0.0443804150231649,0.0019131216499202546
MNAR,0.2,S2,lr_l2,1016,0.781067599966417,0.19419548042307305,0.02279619374544408,0.005458654978990141,0.023211986508672504,0.07301130305486296,0.0018031462141650074
MNAR,0.2,S2,lr_l2,1017,0.7654536728438733,0.19166867430226775,0.0228665980308691,0.00466856562270678,0.038647941605198306,0.08548353089479425,0.0016740549620955602
MNAR,0.2,S2,lr_l2,1018,0.7761173724006037,0.19231897987694618,0.022912990126207698,0.00469100337787236,0.02964051622884344,0.0674690755148951,0.0018470843183665566
MNAR,0.2,S2,lr_l2,1019,0.7814202246776175,0.20742174112461392,0.02257057346198946,0.00515345536105972,0.03819294753559894,0.06959396940714507,0.0014578683887967107
MNAR,0.2,S2,lr_l2,1020,0.7722053671387415,0.18946974659866758,0.022999929753413462,0.00461822394747178,0.036551028197230585,0.07102492799278746,0.0019377484416951871
MNAR,0.2,S2,rf,1001,0.9591359870010082,0.5795941214460337,0.01688692590494374,0.016539813823135442,0.0157297155884325,0.11736864782831395,0.0009399113442470435
MNAR,0.2,S2,rf,1002,0.9620201873848788,0.6112301852053861,0.016670992891275722,0.01602622020590056,0.007286951582504013,0.07016876478045664,0.0012477134746256113
MNAR,0.2,S2,rf,1003,0.966647221774012,0.6469810223225082,0.01594299679141316,0.017595672093001318,0.0080018510744086,0.08953131159305029,0.0013499314415227935
MNAR,0.2,S2,rf,1004,0.9642146357282575,0.6171397113314141,0.01637326465982146,0.01603701846406016,0.012404908991245515,0.10281093928528232,0.0008129510387293854
MNAR,0.2,S2,rf,1005,0.9643566478159962,0.5836696976197656,0.01671614283915032,0.01605013192655768,0.007707518381656277,0.08830240795168658,0.0012847266058694635
MNAR,0.2,S2,rf,1006,0.9633103526990693,0.6382449405364897,0.01637185283820682,0.01758899212033348,0.005619185173135823,0.06587916490718805,0.0012062460706851292
MNAR,0.2,S2,rf,1007,0.9688136627667727,0.6566111584228793,0.01581648145717926,0.01745992830622836,0.006622693605280504,0.06448724054927399,0.0011588053647080996
MNAR,0.2,S2,rf,1008,0.9600534951838622,0.6082534515319364,0.016478210468575737,0.01546691363029774,0.012629096901826833,0.15428074697480212,0.0013196289534919666
MNAR,0.2,S2,rf,1009,0.9668334693926515,0.6496403319754809,0.016129389373537077,0.01814309465965562,0.006151458796588246,0.06037692627923563,0.001431103341570436
MNAR,0.2,S2,rf,1010,0.962424303912047,0.6029181290684485,0.01659220519461226,0.016816303258221123,0.011622034408815938,0.09086307816559933,0.0009495707590019788
MNAR,0.2,S2,rf,1011,0.9664898873633835,0.6143921112960207,0.016325502302867,0.01625050655483208,0.004479327732542081,0.10436589353902181,0.0009390135342500815
MNAR,0.2,S2,rf,1012,0.9652710400416356,0.615358885379824,0.0164297885542223,0.01626451482342054,0.006647510383026959,0.07612935535931085,0.0016497411280537843
MNAR,0.2,S2,rf,1013,0.9667957333618915,0.6092976824991665,0.01629099348832236,0.01651690031174382,0.011763317294469064,0.10045813316468884,0.0006161548231037558
MNAR,0.2,S2,rf,1014,0.965422883943938,0.6316825354415759,0.01626754135372738,0.0172371622071352,0.004679067426173064,0.07334512800410874,0.0009721395603371004
MNAR,0.2,S2,rf,1015,0.960956535675475,0.607222020677086,0.016544921849436338,0.01564247879319012,0.007738885908819039,0.094254687840821,0.0012847063799559422
MNAR,0.2,S2,rf,1016,0.9593031338220044,0.652777440997259,0.01611674624576908,0.01755712312890758,0.012302670593928958,0.0673551194564819,0.001441983352075675
MNAR,0.2,S2,rf,1017,0.959170343071152,0.5999198535382737,0.01661071351998414,0.01484471848409542,0.008904970639409641,0.10863825270401169,0.0014934036256668824
MNAR,0.2,S2,rf,1018,0.959848089396251,0.6276391260262666,0.0162548500443622,0.01654556388230004,0.015586756654415375,0.07231525469862032,0.0011826998147240842
MNAR,0.2,S2,rf,1019,0.9609947984043614,0.6119172038310605,0.01655548133207124,0.01739170588842362,0.009092214748702797,0.07173201255450704,0.0012084205603258222
MNAR,0.2,S2,rf,1020,0.972146560660988,0.6658970496691313,0.015930103554220598,0.01811805736242882,0.009052644342595215,0.09945480093191099,0.001163550112899032
MNAR,0.2,S2,svm_linear_cal,1001,0.7348051864852463,0.19389937937103457,0.02337768835820796,0.00555347339080204,0.03648505475263969,0.06352506760395368,0.0024699110870301825
MNAR,0.2,S2,svm_linear_cal,1002,0.7312434836191541,0.19599123796548595,0.023128200290235802,0.00602931898877284,0.058721409993113066,0.06328754712046762,0.002234709796672685
MNAR,0.2,S2,svm_linear_cal,1003,0.7662095751692479,0.22348133330885772,0.02272218084832548,0.0071047787508184,0.05606039693152433,0.0630445228217106,0.0022702731541943935
MNAR,0.2,S2,svm_linear_cal,1004,0.7612910735000336,0.20967202133512144,0.02340821398686668,0.00683052566299724,0.0538038257637229,0.06394845616070118,0.0028232759575056656
MNAR,0.2,S2,svm_linear_cal,1005,0.7551397692801729,0.19697611759259467,0.02296516899658706,0.00363354617488544,0.030973902468171912,0.06150679581533125,0.00218726509164216
MNAR,0.2,S2,svm_linear_cal,1006,0.7510881720855243,0.18305904717760188,0.02338374721729268,0.004376724494079181,0.04034884909277451,0.0732507213083702,0.0021649148366641585
MNAR,0.2,S2,svm_linear_cal,1007,0.7398632837091815,0.21318961115744414,0.022863188175515862,0.0039837022232591,0.04412821315513113,0.07056258799544972,0.002079399286473912
MNAR,0.2,S2,svm_linear_cal,1008,0.7635852679934836,0.19082794664943104,0.0235837494386646,0.00553931131312334,0.050443959684214654,0.07847838648560065,0.0025700026837941065
MNAR,0.2,S2,svm_linear_cal,1009,0.7535710552078909,0.18790627208225702,0.02339224779278032,0.00435071751537956,0.031179444546832216,0.08991280733824634,0.002322535261386107
MNAR,0.2,S2,svm_linear_cal,1010,0.7405616307627494,0.20244238298005354,0.0232023203903971,0.00495296935374572,0.05219343149919912,0.06715219465283054,0.0022849733756468375
MNAR,0.2,S2,svm_linear_cal,1011,0.7590972531926673,0.190102450144559,0.02330242102264158,0.00516421233466942,0.03944926889396029,0.07224617455104748,0.0020688460479155184
MNAR,0.2,S2,svm_linear_cal,1012,0.7385302416238771,0.18719651070087048,0.02353676070252032,0.00463886922449262,0.03903687399302741,0.05097096467709015,0.0028589882810723163
MNAR,0.2,S2,svm_linear_cal,1013,0.7530872011433877,0.20310427879614074,0.02330006676931288,0.00508548613626544,0.04696809016935885,0.08089102840581186,0.0020699697984868206
MNAR,0.2,S2,svm_linear_cal,1014,0.7333346717899107,0.20049087978234503,0.02317126875130532,0.0056864403904592,0.03170835752626691,0.07654357457241683,0.0020831524113060526
MNAR,0.2,S2,svm_linear_cal,1015,0.7330615581500419,0.1999630687483584,0.02306731875263404,0.00769982424361052,0.03156190997705077,0.05183527815522939,0.0023783020295887174
MNAR,0.2,S2,svm_linear_cal,1016,0.7674876793046032,0.19300548601957448,0.02310956374499534,0.00547257977206386,0.02581271749195012,0.06992152587130984,0.0021476769977033685
MNAR,0.2,S2,svm_linear_cal,1017,0.7449439301431326,0.19983377545477704,0.023232925921105402,0.00429643643393874,0.048222999614401914,0.09052287321752912,0.001959949869542425
MNAR,0.2,S2,svm_linear_cal,1018,0.7558055556092612,0.2041574710650637,0.022839643042631662,0.0038540059663145798,0.024574089598441692,0.06089028377466114,0.002079202327549435
MNAR,0.2,S2,svm_linear_cal,1019,0.7616041834885945,0.21984549071910311,0.02283815964538196,0.00553664735837038,0.0485768580817306,0.07768841696377654,0.0020509474432682424
MNAR,0.2,S2,svm_linear_cal,1020,0.7471640806334372,0.20054978452533473,0.02323243353612774,0.0056952971562743,0.029490398969459788,0.07385786332994512,0.002493217279039975
MNAR,0.2,S2,xgb,1001,0.9849043195393115,0.819680392089686,0.01133954003453248,0.01018893363371738,0.007743672491425525,0.0588677661100028,0.0005927878310114558
MNAR,0.2,S2,xgb,1002,0.9849235292019378,0.807790294614293,0.012214855663478321,0.010342338668250258,0.01078241092430649,0.05257075499509591,0.0021987221306461902
MNAR,0.2,S2,xgb,1003,0.989287801775772,0.8508588413374648,0.01039570011198516,0.00913702367418452,0.003572657885886281,0.024125214785644226,0.001060340264774575
MNAR,0.2,S2,xgb,1004,0.9889673824592304,0.8310617879912222,0.01106825768947596,0.009929450349711799,0.0023371771088632775,0.03229486245467076,0.0007878852579966639
MNAR,0.2,S2,xgb,1005,0.9883454579592709,0.8392928859061618,0.010863721184432459,0.00953872698716052,0.007319380591994418,0.03395893234683493,0.0017003891383854035
MNAR,0.2,S2,xgb,1006,0.9869176953638721,0.8439701540598333,0.0109012493863701,0.00975667838551246,0.0060305912351265156,0.03964181566742267,0.001233531127367701
MNAR,0.2,S2,xgb,1007,0.9863101658716685,0.8157104747394521,0.01103570833802218,0.00937279688291574,0.004958283226857701,0.03933976015023939,0.0011484021378177825
MNAR,0.2,S2,xgb,1008,0.9866621920289186,0.8134886898660938,0.01124211642891164,0.00972406129278552,0.002364406696116587,0.08231650283457934,0.0017023472991329021
MNAR,0.2,S2,xgb,1009,0.9894213559013757,0.8495954720693394,0.010564103536307759,0.00939249228418748,0.0018786378171704444,0.020941643804872425,0.0022177242503039216
MNAR,0.2,S2,xgb,1010,0.9876101982576848,0.8217687676176085,0.01152322776615618,0.01017492314820008,0.007068620381482411,0.05970418572607623,0.0009109026949471655
MNAR,0.2,S2,xgb,1011,0.9905165302220894,0.8566395762485278,0.01046560518443582,0.00918564808533904,0.005565828281716719,0.049643344046797794,0.0010623015894967874
MNAR,0.2,S2,xgb,1012,0.9894815318653256,0.8482082004162089,0.01064794287085526,0.00926264309498332,0.004128913290872831,0.04251891118706029,0.00158577707145937
MNAR,0.2,S2,xgb,1013,0.9887488376773972,0.8381431129318851,0.01076864190399642,0.00963377891432868,0.007225516846406295,0.0908193325227744,0.0007278488211655476
MNAR,0.2,S2,xgb,1014,0.9858184636984515,0.8206897654862899,0.011292949877679299,0.01000032215717238,0.004898047500715341,0.05076644376686877,0.0009358151180317601
MNAR,0.2,S2,xgb,1015,0.9876299984059769,0.8165424979085465,0.01135641485452648,0.009580419478756841,0.00275469905410818,0.03373972666610397,0.0016541334190718607
MNAR,0.2,S2,xgb,1016,0.9901873055670686,0.8616372931849015,0.009848546050488901,0.008904940047117779,0.0031520080382493715,0.04256120540638263,0.0015209954579995914
MNAR,0.2,S2,xgb,1017,0.9855407560287777,0.8361160787941424,0.01068560183048244,0.00940919015351492,0.005350771562292102,0.055195700992333174,0.00187391361828146
MNAR,0.2,S2,xgb,1018,0.9859065168616293,0.8590313991542606,0.010032422840595221,0.00891483619840716,0.008295556163079124,0.03227325668816135,0.0018618737152841626
MNAR,0.2,S2,xgb,1019,0.9859932622870708,0.8462013677778295,0.01058159247040744,0.00917374526316108,0.003989768796527257,0.027166231438192263,0.0012246211599025974
MNAR,0.2,S2,xgb,1020,0.9874493229688236,0.8329438800949107,0.010475108958780701,0.008925408574624741,0.006889514640255466,0.08514920122880909,0.001287323425680337
MNAR,0.3,S1,extratrees,1001,0.9926037940892278,0.8911517687619497,0.01198877071178702,0.0247748282545906,0.0026600697106067273,0.014603364061377543,0.0006565944757455735
MNAR,0.3,S1,extratrees,1002,0.9871663258648287,0.8627048839818086,0.01362217651857374,0.02397827344827496,0.00934997532789021,0.07978040330565965,0.004002830696822698
MNAR,0.3,S1,extratrees,1003,0.9847407635211498,0.8117205130583527,0.01411915053126106,0.02160168245962944,0.005178324687163253,0.0851326756003269,0.0035097463298889783
MNAR,0.3,S1,extratrees,1004,0.9875557583545916,0.842440712016846,0.01387419809738436,0.02321183780402018,0.00787396309629697,0.10337666761958103,0.0038838584908495585
MNAR,0.3,S1,extratrees,1005,0.9854346719730799,0.842410002457488,0.013748268503018617,0.02212441970227122,0.015934279426621088,0.1195647716994989,0.004021297818775059
MNAR,0.3,S1,extratrees,1006,0.9855540284350116,0.8315996243497672,0.014000684602724661,0.021951701271141523,0.008170438097041996,0.07800063389169377,0.004102319314536766
MNAR,0.3,S1,extratrees,1007,0.9866779926068311,0.8799845094154541,0.01224700468557348,0.0245846335437614,0.009818289668022478,0.023853015721951414,0.0005082038217569031
MNAR,0.3,S1,extratrees,1008,0.9896794992941927,0.8950452995090998,0.01162131456867764,0.02448117253976126,0.008595801182436295,0.02917756047040528,0.0009626730653335474
MNAR,0.3,S1,extratrees,1009,0.9872549142024287,0.866898895258242,0.01253447200519286,0.02419171563713544,0.011189298006963227,0.03501076939408916,0.0007809794730682276
MNAR,0.3,S1,extratrees,1010,0.9930110870315467,0.8797842785096975,0.01222157108477,0.025520610546904375,0.0030629238370821488,0.0541974861522694,0.0010613292584362574
MNAR,0.3,S1,extratrees,1011,0.9828313111027416,0.8385931699143236,0.01405266178416314,0.023030259081956418,0.006775403399244908,0.09931646523824371,0.004030626839532855
MNAR,0.3,S1,extratrees,1012,0.9839541740232148,0.8080765830953865,0.01401003474002808,0.019992700259392298,0.00712486652152603,0.12361806441902841,0.0040458489750957215
MNAR,0.3,S1,extratrees,1013,0.9889052849893474,0.7996115250242943,0.013956790723979939,0.0223819711497358,0.008181602593790053,0.10660896174150163,0.004184791838755637
MNAR,0.3,S1,extratrees,1014,0.9856965289832831,0.862670371646575,0.013411352246015678,0.02238599839799086,0.0070219172056306825,0.09038371078560144,0.004050506264327048
MNAR,0.3,S1,extratrees,1015,0.9923614536612927,0.8804079856255088,0.01168174614762086,0.025755714877660364,0.006156172115444044,0.04687861784938642,0.00041746656319301964
MNAR,0.3,S1,extratrees,1016,0.9880999803034489,0.8280123536923089,0.01405809156858332,0.0213618409218229,0.008486407755213258,0.12592486268967884,0.0036056046654154524
MNAR,0.3,S1,extratrees,1017,0.9790377936340601,0.8212677496272456,0.0142380271229405,0.021108363356158018,0.0170761899355525,0.08625645749082217,0.003280689725324338
MNAR,0.3,S1,extratrees,1018,0.9934341011232881,0.8926013868979545,0.01186702835809142,0.02455905759118738,0.0027408287438582275,0.025400872238789476,0.0009122092980216319
MNAR,0.3,S1,extratrees,1019,0.9908811580409145,0.8495046821165309,0.0139279495394307,0.023613308561361897,0.004708774212353357,0.07503656784781959,0.0033955141792178724
MNAR,0.3,S1,extratrees,1020,0.9934514198516087,0.8930836021663046,0.0117792146444056,0.02548560073243074,0.003627136624438615,0.01673456935083027,0.00057784363877681
MNAR,0.3,S1,lr_l2,1001,0.6784570112478979,0.08629268951310788,0.02415794554417534,0.00211449267069164,0.031056337878195655,0.018853249261486092,0.0003902238432441267
MNAR,0.3,S1,lr_l2,1002,0.6859673231721054,0.10172207860664995,0.024059996242983762,0.00171543190446928,0.02279026168660096,0.01783970823162702,0.0003110736374547847
MNAR,0.3,S1,lr_l2,1003,0.6763890759684144,0.08741260879340082,0.024313746270778258,0.0016678441740464798,0.02767202054004014,0.03125910785599798,0.0005386505944425119
MNAR,0.3,S1,lr_l2,1004,0.6866338695365217,0.08635001522318539,0.02435928625562152,0.0015390730635003,0.031707836056817686,0.024811616074209144,0.00038509330141321614
MNAR,0.3,S1,lr_l2,1005,0.694164701878462,0.09414813163009002,0.024091818867285057,0.00199054723019404,0.02091937440231033,0.019502990039519826,0.0001919569027642722
MNAR,0.3,S1,lr_l2,1006,0.6939562688074721,0.08836664440109154,0.024408103552549958,0.0018471702838755801,0.024683047586162087,0.023123999811766265,0.0005608054687219187
MNAR,0.3,S1,lr_l2,1007,0.6879308664792076,0.09490462074207032,0.02421400416347478,0.00152722472832824,0.0541200901370013,0.039770543329261915,0.000698155614169586
MNAR,0.3,S1,lr_l2,1008,0.6951483989383351,0.11961845654939698,0.0238044092518889,0.00196773318061346,0.023385376947974726,0.02997720400624566,0.0002041038229540397
MNAR,0.3,S1,lr_l2,1009,0.6877961232944175,0.08549957302635058,0.024378017040079282,0.00170214364322188,0.04746349810032351,0.012875540032121381,0.00019364251341235893
MNAR,0.3,S1,lr_l2,1010,0.680235407427195,0.08065605470816188,0.02433167745160858,0.0016763515724790997,0.012630740031400398,0.009638724323508048,0.00033932403512692937
MNAR,0.3,S1,lr_l2,1011,0.6787898055132733,0.09065453836905524,0.0242085523473256,0.0017868152389732199,0.05280425355953515,0.01115054778048716,0.00025310153141187565
MNAR,0.3,S1,lr_l2,1012,0.6866063498539531,0.10634677012672192,0.02419551009318526,0.00281546938831764,0.02286541694631698,0.020051243269138395,0.0004867324303751977
MNAR,0.3,S1,lr_l2,1013,0.6501452276449631,0.06703836179980945,0.02460531383945856,0.0023825517610478403,0.05209062974279023,0.027094285509092285,0.00032704593175965433
MNAR,0.3,S1,lr_l2,1014,0.663050222881407,0.09518192318093031,0.0240865644806482,0.00199474121812832,0.0035954403889574688,0.038228989800407086,0.0007334574126074183
MNAR,0.3,S1,lr_l2,1015,0.6847417084058527,0.09846657364936748,0.02402359100007258,0.00155970865897872,0.033878090729763936,0.02204428914073915,0.000583095787184596
MNAR,0.3,S1,lr_l2,1016,0.6656228737834737,0.08235836466931121,0.02430890908821284,0.00136021492840116,0.030541594509208066,0.023678110156431263,0.0003907653376142307
MNAR,0.3,S1,lr_l2,1017,0.6866066553518186,0.10044827071169486,0.02399616869941866,0.0019351199745897998,0.020133697320655952,0.039150567832879554,0.0006743947739393926
MNAR,0.3,S1,lr_l2,1018,0.6720321682894662,0.08657995193150274,0.0242058413578987,0.0014369081166748401,0.029932621665482058,0.015561628987707212,0.00016723655207186478
MNAR,0.3,S1,lr_l2,1019,0.6840262933166117,0.09286042646078733,0.024215374918178777,0.0025773268383556197,0.018529029121957065,0.03643580803991571,0.0006770128053990951
MNAR,0.3,S1,lr_l2,1020,0.6890861518981095,0.08753069781910736,0.02429694256763966,0.00133283587305148,0.01511290504322609,0.021837143261630585,0.00038200287818206184
MNAR,0.3,S1,rf,1001,0.9944427240711533,0.8318617113179967,0.01295778860275978,0.02340008766217756,0.001624059824589466,0.05208418660240052,0.0014141539522011118
MNAR,0.3,S1,rf,1002,0.9930014905154423,0.8405575978176909,0.01295909146406328,0.02285119560703574,0.002388999826363608,0.06404773545227,0.0014992242947368586
MNAR,0.3,S1,rf,1003,0.9899096266611644,0.8238109929060036,0.01251510335334094,0.02277578865496812,0.00406712972899146,0.08629502465029726,0.001814106102230405
MNAR,0.3,S1,rf,1004,0.9939939221309793,0.8293586295197782,0.01270286187894932,0.023712173744143618,0.003570738104313552,0.10994736514868489,0.0025806739005615645
MNAR,0.3,S1,rf,1005,0.9888228594047754,0.8912353463522505,0.011477778428601459,0.02212099041130334,0.01646223535424662,0.026660725358341644,0.0010830779847119819
MNAR,0.3,S1,rf,1006,0.9915847887613983,0.8329564534044946,0.013253981394916719,0.023537941062263958,0.004233671768426848,0.03573159932447378,0.0008261224830281698
MNAR,0.3,S1,rf,1007,0.9926360520220813,0.8958067172594311,0.01143564993050586,0.02275140231537582,0.003150040564915694,0.03278611135378631,0.0013629852829385308
MNAR,0.3,S1,rf,1008,0.9922657514841722,0.870218821501374,0.011571812333651541,0.022465246656021058,0.005059360790473867,0.09359044828768727,0.002238610589300585
MNAR,0.3,S1,rf,1009,0.9925652609426722,0.812715123519587,0.01317717968721242,0.02202217375217998,0.0026069201319880103,0.0655963960353261,0.0018200790307803933
MNAR,0.3,S1,rf,1010,0.9950817637720843,0.8810546487193051,0.0118826373011766,0.02264054736348736,0.0014533216839793454,0.036640077235399485,0.001476746035954236
MNAR,0.3,S1,rf,1011,0.9910219827607414,0.8918121125757716,0.01141867126722724,0.02138860238595986,0.00448019479515207,0.03572460319088575,0.00094357816266708
MNAR,0.3,S1,rf,1012,0.9938184955498743,0.8485032165438117,0.01241934110657562,0.02236537807717498,0.0025424648200664548,0.05701162822900582,0.001712345793021938
MNAR,0.3,S1,rf,1013,0.9916299663384942,0.8369930322496938,0.01228673693660462,0.02192256890086508,0.0028569721925333306,0.056083921808460675,0.0008433825433151714
MNAR,0.3,S1,rf,1014,0.9880703103217773,0.8968874993125955,0.0111278947736646,0.0225892754254316,0.00768994487729078,0.05037055720585606,0.0014705151806820899
MNAR,0.3,S1,rf,1015,0.993299053918362,0.8543763222248206,0.01305139024826862,0.02393454399033796,0.0027425179370510725,0.034551314782655634,0.0008764527838707011
MNAR,0.3,S1,rf,1016,0.993618833063621,0.8737436882095189,0.01177045712645108,0.02187786244288388,0.003314108201891657,0.06234305605175375,0.001077264494459238
MNAR,0.3,S1,rf,1017,0.989128718389375,0.848048827529251,0.0124221019985789,0.02119141668456298,0.007461313486406336,0.017162256630611918,0.00134338326378714
MNAR,0.3,S1,rf,1018,0.993038778016475,0.8588838268939119,0.01242719580824994,0.0230354397486765,0.002981642280252516,0.06642633251562838,0.001235577325928525
MNAR,0.3,S1,rf,1019,0.9948787942179385,0.8662943556691548,0.01204342724366042,0.02343488685796798,0.0029415115928879436,0.09476978838953463,0.0015871499483716318
MNAR,0.3,S1,rf,1020,0.9946686203607321,0.8852642984214979,0.01152505065219278,0.02254021648725848,0.0020182248403771952,0.03653533462369713,0.0014091707857430574
MNAR,0.3,S1,svm_linear_cal,1001,0.6690043491414933,0.09127121857888883,0.02442554275107948,0.0007859216535672363,0.03538644676449793,0.019277409924790018,0.0003861586408983208
MNAR,0.3,S1,svm_linear_cal,1002,0.6700660574570928,0.10199343574847974,0.02445280458064212,0.0007413913640828,0.025606285016138496,0.018409900197043756,0.00032572719985610155
MNAR,0.3,S1,svm_linear_cal,1003,0.662734908175349,0.0894201940498082,0.02443083117438212,0.000634525201706,0.03436045032433932,0.02226842713131129,0.00025755715466349387
MNAR,0.3,S1,svm_linear_cal,1004,0.6774319786325103,0.08790884841403031,0.02453275278355892,0.000540008812418817,0.032645301895385496,0.019657530470159088,0.0003505034828512438
MNAR,0.3,S1,svm_linear_cal,1005,0.6899088792000939,0.10059600898844068,0.02449751181219114,0.0005662625122478373,0.015312021832697463,0.017417040213158375,0.00020948320337060337
MNAR,0.3,S1,svm_linear_cal,1006,0.6847672545533039,0.09174796144693842,0.024505483845245042,0.0008256075850816399,0.02860737121391367,0.021172393111426775,0.0001821049395352045
MNAR,0.3,S1,svm_linear_cal,1007,0.6815755786728765,0.1032212310602179,0.0244632373833486,0.0005336162882870537,0.06255315941802365,0.04687602217767062,0.0004038079132449774
MNAR,0.3,S1,svm_linear_cal,1008,0.6969832684725878,0.12370036158906017,0.02429414839363378,0.0010297988878037998,0.037496148004757555,0.03647589695607357,0.00027549001704385123
MNAR,0.3,S1,svm_linear_cal,1009,0.6791485826432352,0.08464335907011204,0.02455066396920592,0.00039179933185687994,0.042345892695904365,0.017841582309979353,0.00017262486563946402
MNAR,0.3,S1,svm_linear_cal,1010,0.6736308119576867,0.07949902503219389,0.02455013076475118,0.0006434815661693799,0.010229451281671171,0.00857737307997507,0.00024104639317844455
MNAR,0.3,S1,svm_linear_cal,1011,0.6711277954025987,0.08896103187000684,0.02450430426388328,0.0007127255673665168,0.06464173200141948,0.006004502555764725,0.00027999010756431616
MNAR,0.3,S1,svm_linear_cal,1012,0.6808843697861597,0.10663971961669327,0.02438197830001686,0.0008439341708304,0.023012960472162086,0.015538338959426789,0.000271186476594881
MNAR,0.3,S1,svm_linear_cal,1013,0.6434682109915149,0.07038358009640092,0.02464086077744378,0.00040495356459847664,0.0648028825823194,0.02846340197931652,0.0002082198508353336
MNAR,0.3,S1,svm_linear_cal,1014,0.6513556115641554,0.09726007935158,0.02448025117124248,0.0007210826603465072,0.024163825077279183,0.04888143806317087,0.0003197177779245153
MNAR,0.3,S1,svm_linear_cal,1015,0.6771656599178149,0.09778801037729122,0.0244725594529082,0.0007332190975322913,0.03949143316325804,0.01809158215980194,0.00027481379516731757
MNAR,0.3,S1,svm_linear_cal,1016,0.654260637126519,0.08320668657338226,0.02445809726296444,0.0009022044904798485,0.03226120636266486,0.024078471757181388,0.0004829280162951411
MNAR,0.3,S1,svm_linear_cal,1017,0.6755654949880274,0.10114663184765778,0.02430592458709212,0.0011131990115048,0.024564433676795634,0.03940214586634727,0.000397628515983866
MNAR,0.3,S1,svm_linear_cal,1018,0.6604307830147558,0.08894518944481436,0.024527006305618583,0.00065102512839916,0.03009726732675304,0.011213725923748892,0.00014962831067696323
MNAR,0.3,S1,svm_linear_cal,1019,0.673103827043896,0.09800657148086948,0.024465106895293402,0.0011407663772743,0.015443510937515736,0.0465699482568156,0.00023017909775812086
MNAR,0.3,S1,svm_linear_cal,1020,0.6787122174985155,0.09838469407983327,0.02453740384272558,0.000503769207558,0.02135632142955574,0.0279868007981776,0.00023405820537632298
MNAR,0.3,S1,xgb,1001,0.9949365600616658,0.8507899621485698,0.00887117376551028,0.006820120455956801,0.0013881525825668638,0.03602022010095428,0.0009686210976561077
MNAR,0.3,S1,xgb,1002,0.9951662841590931,0.8702516040581884,0.00861791968345636,0.00638051839538548,0.0015241552812516397,0.024230378955644043,0.0010467796330669037
MNAR,0.3,S1,xgb,1003,0.9948506914528862,0.8648704469007722,0.00829947637394066,0.00564280023374416,0.001311816191105611,0.041162664539832076,0.0013985127490923864
MNAR,0.3,S1,xgb,1004,0.9948463874499283,0.8675196142086488,0.009011271968483881,0.00695015354766894,0.002870495685499582,0.0559430187021458,0.00181416278331278
MNAR,0.3,S1,xgb,1005,0.9952692766462514,0.8810062436838528,0.00829534288495774,0.00675533689397016,0.001323431661379603,0.03716276935435236,0.0008924515640856133
MNAR,0.3,S1,xgb,1006,0.9944465261057358,0.8643021483610187,0.00904200756922358,0.006279091183767139,0.0027892391772566835,0.03510299516634108,0.0009448552247746884
MNAR,0.3,S1,xgb,1007,0.9937485282540607,0.8710890641893071,0.00849424414336676,0.00580892397661166,0.0013694622018706887,0.0345381289566751,0.0008891320884594001
MNAR,0.3,S1,xgb,1008,0.9951251074530152,0.87740721852998,0.00800669509917494,0.00524580296967298,0.0018212607266274896,0.046892767982100465,0.0009984692146860386
MNAR,0.3,S1,xgb,1009,0.9938692352075977,0.8347369798979217,0.00969090536236758,0.007390144929316,0.0018123040146470364,0.05648517717573017,0.0010549027196491197
MNAR,0.3,S1,xgb,1010,0.9961884093324512,0.8978204962368205,0.00811312803998584,0.00666549576840002,0.0007865098431473144,0.01616559597384686,0.0012396165440529266
MNAR,0.3,S1,xgb,1011,0.9932495079648762,0.8641049642090657,0.008775441534817161,0.0071932426788853,0.003788543978403261,0.032122369857843384,0.0006239120820367458
MNAR,0.3,S1,xgb,1012,0.9942696550270901,0.8720826731915752,0.008242975454777441,0.00584886831306808,0.0026022958134172434,0.013107365357315071,0.0005138275881686061
MNAR,0.3,S1,xgb,1013,0.9938315286702434,0.8761161588046141,0.008131557889282682,0.00550657223650724,0.0022120353025589404,0.025035871218928633,0.0013806458770703738
MNAR,0.3,S1,xgb,1014,0.9940270858029857,0.8430479281450862,0.00872461618855592,0.006405759063464819,0.0019154754626288558,0.04187527628910541,0.0011608017817996581
MNAR,0.3,S1,xgb,1015,0.9946795319756496,0.8761811363423881,0.00840064352378244,0.00603455853675256,0.002030751456118636,0.03379507634962837,0.0007472618804974716
MNAR,0.3,S1,xgb,1016,0.9941732764134132,0.8540893308753427,0.00887414300814266,0.0059729649755169,0.00207107093336193,0.05812723311957931,0.0014392789979065753
MNAR,0.3,S1,xgb,1017,0.994277425344728,0.8730073420632664,0.0085933168418705,0.00608716735210932,0.004092257238309981,0.0450014282357123,0.0012641847469343319
MNAR,0.3,S1,xgb,1018,0.9935113057464313,0.8742043263696541,0.00840897848829622,0.00645599739291902,0.0028330860426737325,0.042527632188789626,0.0010877955944734404
MNAR,0.3,S1,xgb,1019,0.9941453632859945,0.8694969486082165,0.00870063500478856,0.00619092395129762,0.002375895604292098,0.03638261323228254,0.0011456243094167297
MNAR,0.3,S1,xgb,1020,0.9947839129598519,0.8800358180770129,0.0079073793254792,0.00540370330173528,0.0017127442574986441,0.017914653748839243,0.000748456597001086
MNAR,0.3,S2,extratrees,1001,0.9855912218882823,0.8423373891040334,0.01264684727279414,0.02438865761540788,0.009169641371648524,0.04701612815281038,0.0017916300833440933
MNAR,0.3,S2,extratrees,1002,0.9901520005885498,0.8887363219169435,0.01185515247106168,0.0252721698481083,0.0076613446522072895,0.03057243597514727,0.0014944161252962325
MNAR,0.3,S2,extratrees,1003,0.9884337605080932,0.8807719031442091,0.01170446709148284,0.02503668123006552,0.00693251151925438,0.021250062687855217,0.0013081504918892564
MNAR,0.3,S2,extratrees,1004,0.9892424299256446,0.8165427902118836,0.01353749618738696,0.02173329395128764,0.004959358352267053,0.11006110169800627,0.004670769868527407
MNAR,0.3,S2,extratrees,1005,0.9932091139081626,0.8924529720200584,0.01142929362818192,0.02510179136721788,0.006566204583699741,0.062151519642319374,0.0009639512188978144
MNAR,0.3,S2,extratrees,1006,0.9924016114428401,0.8553435694975644,0.012110773289319901,0.024664155802595723,0.002376772384565959,0.07052781166393379,0.0007219124398090134
MNAR,0.3,S2,extratrees,1007,0.9939125052862628,0.8759480597119793,0.01191177459782776,0.0267574290226546,0.004097465803136197,0.039603401853271776,0.0014436776110652771
MNAR,0.3,S2,extratrees,1008,0.9881289954437393,0.8660738931213677,0.01216953734959806,0.0240960114910419,0.005900597490127032,0.015619372369047731,0.0014769154207638956
MNAR,0.3,S2,extratrees,1009,0.9919070965655049,0.8431251569331583,0.01429342410882782,0.0220449235256855,0.0024758256575623775,0.06792771528418705,0.005155481115483638
MNAR,0.3,S2,extratrees,1010,0.9862759559749238,0.8816351382256169,0.0119487944734328,0.025417223799944738,0.008078331825929005,0.017584355987193382,0.0015604805167721194
MNAR,0.3,S2,extratrees,1011,0.9860340584560389,0.8438242285292438,0.01496385222145458,0.0215252341905254,0.007594640224489461,0.03650444291243508,0.005198347233383738
MNAR,0.3,S2,extratrees,1012,0.989195373859134,0.8859907413570418,0.012215858942865901,0.02560552851968832,0.0033290524086840444,0.02297955244837402,0.0017734056554004742
MNAR,0.3,S2,extratrees,1013,0.9875605991296904,0.8837141562363845,0.0123813377941127,0.02621896326147518,0.008328732370349621,0.040626785569730005,0.0017124558671137871
MNAR,0.3,S2,extratrees,1014,0.9893428029725655,0.8520940953626062,0.01247428270049904,0.02449426821967002,0.007349919317820475,0.04493348654747579,0.0013386186795308942
MNAR,0.3,S2,extratrees,1015,0.9866266331547584,0.8615863038674959,0.01272068797697598,0.02569595307860952,0.011195868096260298,0.03743096203719303,0.0017913261584243565
MNAR,0.3,S2,extratrees,1016,0.9888025537143929,0.8924795681693217,0.01226215298168128,0.02576962058517816,0.00654666593799583,0.028905884908452386,0.0020816784024340353
MNAR,0.3,S2,extratrees,1017,0.9906205091530399,0.87228030319495,0.01248668490157046,0.02581320241989916,0.007843892353267266,0.035885844762540454,0.0012983170666966662
MNAR,0.3,S2,extratrees,1018,0.987223095422336,0.8465355818315488,0.014123479177861581,0.021339350965142563,0.008155031443833827,0.10692595064057943,0.005488281526071256
MNAR,0.3,S2,extratrees,1019,0.9942922921144317,0.8994849323968417,0.01179223166881262,0.02567463975225942,0.0032354428770273217,0.03901767617368987,0.0010825348133582853
MNAR,0.3,S2,extratrees,1020,0.9922906323759937,0.8292086416756209,0.01363402642385284,0.02402756100186346,0.006451584926037546,0.1384181245635781,0.004341279998093734
MNAR,0.3,S2,lr_l2,1001,0.6760107670501361,0.08414607222082651,0.02438455566542816,0.00519122437432494,0.040652282205573737,0.036867395238110494,0.002877506828062743
MNAR,0.3,S2,lr_l2,1002,0.681655244895577,0.10496409491237546,0.024017243955417822,0.00479019563075228,0.022734551110850435,0.05372771165471697,0.0023500984104354947
MNAR,0.3,S2,lr_l2,1003,0.660333801399729,0.08672516349298791,0.02435859638376526,0.0065432125361805,0.030762053121735487,0.03681581316942454,0.0025561304529161423
MNAR,0.3,S2,lr_l2,1004,0.684047443570974,0.10203923475447374,0.024294138741394737,0.0055333901924031394,0.04226291691074441,0.07030864540600487,0.002114963102766907
MNAR,0.3,S2,lr_l2,1005,0.6716004053676107,0.08386409943003448,0.02415246358360158,0.0032520172162454203,0.016820331997957075,0.025347092568596064,0.002741150402549183
MNAR,0.3,S2,lr_l2,1006,0.6704221922686635,0.09623280748033047,0.0241777880720736,0.003843802757133,0.0503908333395729,0.04350021361890486,0.0025338039765000755
MNAR,0.3,S2,lr_l2,1007,0.6889821811155207,0.10240075647430871,0.02412090152738654,0.00378375770569602,0.037276064081868385,0.028141453328186142,0.0027402192109427436
MNAR,0.3,S2,lr_l2,1008,0.6550321885898673,0.08227308105347024,0.02431467295922956,0.004820164697220899,0.0418513879355521,0.04466829559320594,0.0023246266632055246
MNAR,0.3,S2,lr_l2,1009,0.6611867603611163,0.08011917099794555,0.02460225730907334,0.00341423707298178,0.020649211322476522,0.026244016999829093,0.0028732230229440775
MNAR,0.3,S2,lr_l2,1010,0.6799438380859156,0.10193527670805476,0.02416412034217654,0.00495579037298492,0.035935892986680325,0.032337456383626735,0.0024946445756411566
MNAR,0.3,S2,lr_l2,1011,0.6495804381969639,0.0725912110025942,0.0245261242295102,0.00641796283963912,0.03913774172934031,0.021515382824077865,0.0025348683776521253
MNAR,0.3,S2,lr_l2,1012,0.6709990838467462,0.08764862785804697,0.024405227264398498,0.00321255619690452,0.031034447179992708,0.030662975067426688,0.0026678773619078777
MNAR,0.3,S2,lr_l2,1013,0.68761349659008,0.08909749067244455,0.02460524529445318,0.00543475584237754,0.025616900692142494,0.04424533193691077,0.0025224486080691238
MNAR,0.3,S2,lr_l2,1014,0.6769173448859809,0.09015626472931748,0.0243939630995009,0.00377281549779716,0.028605243569817872,0.01552496335057125,0.002407072037421097
MNAR,0.3,S2,lr_l2,1015,0.6942557706645351,0.091222012870967,0.02419607828369468,0.0054375651376061,0.01943287701860095,0.04862579200752284,0.0024248548598080322
MNAR,0.3,S2,lr_l2,1016,0.6930234705890844,0.09083721502143588,0.02430565832726848,0.0050450987447421,0.03234772779495539,0.01927471061983313,0.002782911338020248
MNAR,0.3,S2,lr_l2,1017,0.6515574695458172,0.08970433307294468,0.0243326138226226,0.00448319468896278,0.05616143068574084,0.03843565734818645,0.0026585380349280216
MNAR,0.3,S2,lr_l2,1018,0.691963136154208,0.09347083389980013,0.024425822934522858,0.00347298541273506,0.027492409469822572,0.0284314304345504,0.0027727912387992314
MNAR,0.3,S2,lr_l2,1019,0.6810010193158418,0.08866737367931576,0.02450537347810848,0.00423250855855498,0.03217626952267903,0.029222981077911502,0.00273998006012377
MNAR,0.3,S2,lr_l2,1020,0.6815959824822262,0.09233578533730277,0.024486560390471916,0.00431777245366824,0.04727223404493064,0.022957984884040744,0.0026759209534671195
MNAR,0.3,S2,rf,1001,0.9929355881650013,0.8236494291092844,0.012787566272568978,0.02293997132401942,0.0038547047515504937,0.08311512900045002,0.0014037814693949996
MNAR,0.3,S2,rf,1002,0.9935133926100385,0.8638812964050693,0.01185917611277994,0.02253764068628908,0.0032714620717514474,0.04435527059004525,0.0014065977836081132
MNAR,0.3,S2,rf,1003,0.992590177585156,0.8359801360646081,0.01223494436196232,0.023381354373548678,0.003933715263130909,0.0611067084268893,0.0012928126179653325
MNAR,0.3,S2,rf,1004,0.9942739966236015,0.8628427008319999,0.0113263246153452,0.02250566280647598,0.0026925896288536063,0.044962262769226165,0.0021662853678779386
MNAR,0.3,S2,rf,1005,0.9959284366475625,0.8903398166826386,0.01098663693219866,0.02267200007752688,0.0025016357560117128,0.07941144755282495,0.001360059365186014
MNAR,0.3,S2,rf,1006,0.9944112637947555,0.86280285816343,0.01143755867294984,0.02172938981483044,0.0020005679794332936,0.0571191998159831,0.0015077867253551634
MNAR,0.3,S2,rf,1007,0.9958449731907233,0.8654828280670179,0.01210193281113712,0.02484694541725132,0.000654692723652516,0.06080455773804099,0.0015638434752049837
MNAR,0.3,S2,rf,1008,0.9926263889377619,0.8528421576902939,0.01218014608124066,0.02160448653587742,0.0030772345734184302,0.041300466753923945,0.0023218114962182024
MNAR,0.3,S2,rf,1009,0.9931295033738431,0.8601528072105481,0.01194828774964964,0.0224157053779197,0.003832681130059331,0.015713577734434835,0.0020187242083157006
MNAR,0.3,S2,rf,1010,0.9916024904642091,0.8820089287224547,0.0111265646588597,0.02212588158094684,0.0023303412647136088,0.03916883198594561,0.002054009368381234
MNAR,0.3,S2,rf,1011,0.9916720880998804,0.8182125479820275,0.0132042706031583,0.02224520915743396,0.0014611525332466368,0.029348827666310653,0.0018480740845964265
MNAR,0.3,S2,rf,1012,0.9912082199785234,0.8782032815233493,0.01185458946112926,0.02306060129912656,0.004694534698757691,0.0646215628896056,0.0025897498121236822
MNAR,0.3,S2,rf,1013,0.9893229843457625,0.8396694132757407,0.012536233780276098,0.023003845381572702,0.009464710363474366,0.08569585176929002,0.00260739890230668
MNAR,0.3,S2,rf,1014,0.9932300861176133,0.867240309926139,0.01198328084910084,0.021851018172972362,0.0037126883608218524,0.043630973208888424,0.00175290562250433
MNAR,0.3,S2,rf,1015,0.9915362900238966,0.8669705515214596,0.01182442076692418,0.02199565502365522,0.0031565899143246776,0.04053440972243605,0.0020739566521085617
MNAR,0.3,S2,rf,1016,0.9941235857105986,0.855129550871663,0.01261292691314408,0.0240974348082319,0.002635175014823364,0.0666475462796648,0.0023651316534794376
MNAR,0.3,S2,rf,1017,0.9918584377758025,0.8178419227968954,0.013013933487436841,0.023773710194512722,0.0027522671011564735,0.03051221748585482,0.0022644317647616923
MNAR,0.3,S2,rf,1018,0.9926028529862405,0.8538445109646513,0.012703504404735699,0.02294181565587908,0.0027944641697676244,0.05592487048516703,0.0023373803475480602
MNAR,0.3,S2,rf,1019,0.9948914278618881,0.8540591797982378,0.011939740347149641,0.02316939029062296,0.0026387476575378743,0.0818917070106699,0.001308482170600283
MNAR,0.3,S2,rf,1020,0.9957140947153388,0.8673821661166654,0.01185141019993248,0.02310118706761196,0.0018231712125689559,0.06691308896477098,0.0020680103159237666
MNAR,0.3,S2,svm_linear_cal,1001,0.6627150388766443,0.08732682182596518,0.02460885979605474,0.00452443514160654,0.038091912257977055,0.03163341656068863,0.0028893754435433813
MNAR,0.3,S2,svm_linear_cal,1002,0.6733478511480175,0.11072723920794843,0.0245255811379813,0.0041792358543054796,0.026156063284730354,0.06155057907334673,0.0027931987504085363
MNAR,0.3,S2,svm_linear_cal,1003,0.6512007314157163,0.09142360837819971,0.02449786171047678,0.0058477718988499405,0.04673667061257472,0.0408852766534867,0.002799322160373799
MNAR,0.3,S2,svm_linear_cal,1004,0.672107036037034,0.10247389191938824,0.02446939099840918,0.0045708966332722,0.046246213075127024,0.06810318173958571,0.0027568488210171975
MNAR,0.3,S2,svm_linear_cal,1005,0.6494248572040494,0.08812754902120716,0.02436307513680376,0.0030804939313661397,0.026339453907804698,0.02882423738417068,0.0028746504615853935
MNAR,0.3,S2,svm_linear_cal,1006,0.6558659877347431,0.1062986441512104,0.02454277547762172,0.00346033117583764,0.05742311989137967,0.05349026915304391,0.0028218068543712544
MNAR,0.3,S2,svm_linear_cal,1007,0.6797356807522983,0.10390580021185754,0.02452059832841114,0.00313291914881724,0.04291576729046844,0.028013291751278143,0.002921016189204019
MNAR,0.3,S2,svm_linear_cal,1008,0.6460888578028434,0.0899775812185491,0.024556777500438297,0.0038316007451772204,0.05134322628283003,0.04036860325904179,0.002779037887372969
MNAR,0.3,S2,svm_linear_cal,1009,0.6573565351648917,0.09208085093022787,0.024591992546545,0.002733999978885,0.019242074984680974,0.035861229241533135,0.0028076446003723913
MNAR,0.3,S2,svm_linear_cal,1010,0.6761931999051779,0.09828488433781477,0.0246280972135348,0.0041721332178528995,0.024609262799816834,0.026388465401012664,0.002915137760003791
MNAR,0.3,S2,svm_linear_cal,1011,0.6372254475081729,0.0740997675952664,0.0245796943786862,0.00479604149526556,0.040803242549548153,0.02143196258328823,0.002814360833816567
MNAR,0.3,S2,svm_linear_cal,1012,0.6567260487059567,0.09000368045676914,0.02445367977488156,0.00323474425324752,0.03648776556982218,0.028964194513086024,0.002850741618387667
MNAR,0.3,S2,svm_linear_cal,1013,0.6777178718410225,0.08224623477689946,0.024655398362454582,0.0046962415810177195,0.02760250065262234,0.03391052590550443,0.0028668046824551307
MNAR,0.3,S2,svm_linear_cal,1014,0.6718575051246306,0.09560513664033558,0.024503837819542417,0.00303191562577928,0.02900360538069838,0.021476525245807693,0.0028700665709624627
MNAR,0.3,S2,svm_linear_cal,1015,0.6877146082390988,0.09765887294055908,0.0246767396523241,0.00521639410945378,0.01840905532899102,0.05427081751930615,0.002892268282534746
MNAR,0.3,S2,svm_linear_cal,1016,0.6780347238712594,0.09399517227602038,0.02445653373937792,0.00413139517817078,0.025908168059736277,0.022771754173291213,0.0030025925106774588
MNAR,0.3,S2,svm_linear_cal,1017,0.6315795077954238,0.09224133411442482,0.024611620790374038,0.004121939750960859,0.06478393673241269,0.04044418672262666,0.002887971224029871
MNAR,0.3,S2,svm_linear_cal,1018,0.680613804527848,0.10012798422147962,0.024489647746739802,0.00232392580575776,0.028201435719291786,0.03521997381084049,0.002824799733455874
MNAR,0.3,S2,svm_linear_cal,1019,0.6761637223812035,0.09459396210589989,0.024650259734770037,0.00352567566616946,0.03281399342856437,0.03159093337678042,0.002860693973341413
MNAR,0.3,S2,svm_linear_cal,1020,0.6230431856078915,0.07902870052983248,0.024576296745882,0.0038629936925030596,0.13882165868619317,0.03530105011620969,0.002990019928341847
MNAR,0.3,S2,xgb,1001,0.9931834591268899,0.8190338040476993,0.00964196287095542,0.007750328816364241,0.002536807513403781,0.05939838193606955,0.0012200846200643943
MNAR,0.3,S2,xgb,1002,0.995696810628225,0.895376131501495,0.0078049579635262,0.0051869599205459,0.0013333225193931674,0.020203847155618983,0.0012472310687179126
MNAR,0.3,S2,xgb,1003,0.9938161870894117,0.8631174929426416,0.008516682218760199,0.0054024915112869595,0.003073790874745998,0.05175208614220312,0.001695493832633031
MNAR,0.3,S2,xgb,1004,0.9940193876520498,0.8482131005541602,0.00858660880476232,0.006325784448654901,0.0026348681960782308,0.04778930957482736,0.0015150435387413293
MNAR,0.3,S2,xgb,1005,0.9956009517846098,0.8974252966775014,0.0076153516769408595,0.00627717662767128,0.003296850074599223,0.05820754290653612,0.0016311111954945587
MNAR,0.3,S2,xgb,1006,0.9937346930564267,0.852651001872845,0.00861541321501132,0.00590220151527742,0.0024224454705443683,0.03878164832773199,0.0006036915776888594
MNAR,0.3,S2,xgb,1007,0.9964194476050661,0.8946451435485063,0.00764762498438354,0.00560440814301904,0.001291240718879462,0.023350298875677283,0.0012278510711045138
MNAR,0.3,S2,xgb,1008,0.9938603096356917,0.8503161216421496,0.00918066985905166,0.00652391569726726,0.0015764459131210311,0.035770412331005114,0.0010011436877683914
MNAR,0.3,S2,xgb,1009,0.9943752660844852,0.871008279382284,0.008339150249957999,0.0055434896881893,0.0019359266911257763,0.030275436523405672,0.0015238453002315204
MNAR,0.3,S2,xgb,1010,0.9951212877395967,0.8752063766933056,0.00837479289621108,0.0060254831029984395,0.002363813251942619,0.04355328990187445,0.00187331430419525
MNAR,0.3,S2,xgb,1011,0.992357766720404,0.8350942567970406,0.00954819135367864,0.00640939968819452,0.0018956996167489534,0.0346236867372335,0.0016421807921990403
MNAR,0.3,S2,xgb,1012,0.9937715293135359,0.8654947842527593,0.008780407998710821,0.00671217655802564,0.0032503151029667186,0.027167552589772385,0.0019568789826670636
MNAR,0.3,S2,xgb,1013,0.9957134505402261,0.886441641429691,0.00791803011670702,0.00635573798192514,0.0019871801775594926,0.036747350708618405,0.0013469858832441685
MNAR,0.3,S2,xgb,1014,0.9939213680819984,0.8471556111752448,0.00942528694868084,0.00687810677419228,0.0016202280144316285,0.024593578970892784,0.0012344103741890775
MNAR,0.3,S2,xgb,1015,0.993991842474766,0.8539542140385624,0.009237198065966321,0.00619134618381224,0.0028673354994838535,0.03897129495283035,0.001547797788720634
MNAR,0.3,S2,xgb,1016,0.9951844285875587,0.8637471034475139,0.00903879674151534,0.00641392318081044,0.0019802754659330947,0.04195232060413896,0.0024643304824442176
MNAR,0.3,S2,xgb,1017,0.9940115214247237,0.8662928413271217,0.008713783510029261,0.00717104700513784,0.003822973135800606,0.013420623848993871,0.00132211119132932
MNAR,0.3,S2,xgb,1018,0.9925727215242279,0.8448807848959762,0.009067799709737239,0.00698484272971546,0.00398022693211436,0.046482748658732594,0.0018201957694221741
MNAR,0.3,S2,xgb,1019,0.9940011864430405,0.8750217107629762,0.0082600575871765,0.00575545980975148,0.0019668956080064717,0.027947781254259868,0.0008052805004761378
MNAR,0.3,S2,xgb,1020,0.9952033242738467,0.8627049451144643,0.008588551636785239,0.00633759161953816,0.0016461187706636607,0.048900169532695666,0.001941730715784507
MNAR,0.4,S1,extratrees,1001,0.9982376711795709,0.911365935565765,0.01810790018080266,0.03760909376358496,0.00021654578617123256,0.01962293031525738,0.00022588133366439737
MNAR,0.4,S1,extratrees,1002,0.9972384501082303,0.86139517531554,0.01822793219237192,0.0373061322611339,0.0007653071928866812,0.043495637506936316,0.00011890475249923562
MNAR,0.4,S1,extratrees,1003,0.9970913901642968,0.8640300901964227,0.01812352057518818,0.036705277200634476,0.0007807104145327976,0.03788320581276276,0.0001758850580582547
MNAR,0.4,S1,extratrees,1004,0.9981896105702528,0.9250565503351991,0.0180494189634783,0.03710710609958446,0.0008229560467790768,0.03901724612015318,0.00025251782507046573
MNAR,0.4,S1,extratrees,1005,0.9950799468996758,0.8677371649214353,0.01551011800972354,0.031578295945697,0.00520644571105045,0.0635640657337717,0.0058781219933770855
MNAR,0.4,S1,extratrees,1006,0.9978277693173734,0.9018991612299759,0.01802967166636444,0.0372214571021684,0.0009088834159743117,0.03856740604123151,0.0002674762481760203
MNAR,0.4,S1,extratrees,1007,0.9973188295385735,0.8689659328008608,0.01823973684713738,0.0372068034258514,0.0006994134561785915,0.037192829830956224,0.00035607389559049726
MNAR,0.4,S1,extratrees,1008,0.9968330821982562,0.8455525907666166,0.018420903166691222,0.037309163326108855,0.0004998855067520661,0.04520388694816456,0.0001426743487375684
MNAR,0.4,S1,extratrees,1009,0.9969523742633821,0.8455826285256389,0.01830851823615132,0.03746389211436792,0.0010558606421692694,0.06278743967868972,0.00039413736321764647
MNAR,0.4,S1,extratrees,1010,0.9967775703647973,0.8607668660562455,0.01815687575896374,0.035822942938064636,0.0007067080556578982,0.04020647659114628,0.000484064012132056
MNAR,0.4,S1,extratrees,1011,0.9970107526377052,0.8502268187753371,0.01827568713146242,0.03702486559957978,0.0005176061872731075,0.03048690615583224,0.00024156876507237758
MNAR,0.4,S1,extratrees,1012,0.9971911725319723,0.8661867218534175,0.01802623039219334,0.0366055517079112,0.0011126240837232328,0.05279193818183578,0.00021940544323340876
MNAR,0.4,S1,extratrees,1013,0.9972753069121227,0.8627054349460433,0.01817577897776042,0.03657369898959632,0.0005218024386107616,0.03500023387930461,0.0003093971551906797
MNAR,0.4,S1,extratrees,1014,0.9975442411224634,0.8897191193166337,0.01816384869580026,0.037333429095711856,0.0006964067085445801,0.02723612577944378,0.0004560213585211359
MNAR,0.4,S1,extratrees,1015,0.9967936778976526,0.8666969878440007,0.01835698130986024,0.03668825297116996,0.0008419395142455699,0.030611845204757987,0.00031860312373777397
MNAR,0.4,S1,extratrees,1016,0.9978727328418341,0.8944341080596004,0.018064318036626382,0.0376194187820356,0.00019540281086149775,0.014063846730964594,0.0002486357352712424
MNAR,0.4,S1,extratrees,1017,0.9967505024675309,0.846939878449346,0.01816119080281396,0.03691567160797764,0.0005188824894857793,0.02418033251129611,0.00012762313723057428
MNAR,0.4,S1,extratrees,1018,0.9972071181326754,0.8693648925518087,0.0181706210157466,0.03681909179570904,0.0007377514672281083,0.035388341464923374,0.0003094214892775754
MNAR,0.4,S1,extratrees,1019,0.99739436478438,0.8702849108576236,0.01826564839875256,0.0368934522009135,0.00044292020904109283,0.030411134695657288,0.0004001792654580322
MNAR,0.4,S1,extratrees,1020,0.9970502098041496,0.8579020898833791,0.01817048461618338,0.0368213636275791,0.0011068424929201513,0.05536140842195295,0.00035889475388919105
MNAR,0.4,S1,lr_l2,1001,0.6763862577173635,0.04163884248891646,0.02469589129574788,0.00054181255405688,0.040267782101966,0.0054166185991309235,0.00025191038843597836
MNAR,0.4,S1,lr_l2,1002,0.6889308523366344,0.04570793915688868,0.02465123366982104,0.0006519670976441,0.028112907698296254,0.008493975321976563,0.00019634099951376175
MNAR,0.4,S1,lr_l2,1003,0.6559955048619411,0.0411755912136047,0.02485364051972838,0.00118271549672418,0.029410395024072226,0.008051484833761635,0.00031391571783250124
MNAR,0.4,S1,lr_l2,1004,0.6786845998079352,0.0452863845052298,0.02461894250775856,0.00060486734948454,0.01608181105284657,0.006249973735226438,0.00024395539505521108
MNAR,0.4,S1,lr_l2,1005,0.6945286246108382,0.05041570111382234,0.02462670959300416,0.0007120717286940596,0.020225061894298065,0.010928497499180814,0.00012259232688140086
MNAR,0.4,S1,lr_l2,1006,0.6867441411507594,0.04306996659990888,0.02471428122567988,0.00103818991597162,0.024168118536663098,0.005233861144152492,0.0002768239537633191
MNAR,0.4,S1,lr_l2,1007,0.6729858536719202,0.04425298155725542,0.02460972669273312,0.0005651132109562201,0.03200742357929756,0.009258307973498942,0.00017363384497888864
MNAR,0.4,S1,lr_l2,1008,0.6133965619745178,0.040257784750858845,0.02467365470874552,0.00074998226907092,0.17489089347952083,0.013022887102326755,0.00014445238105736165
MNAR,0.4,S1,lr_l2,1009,0.6862878229741343,0.04535670823480002,0.0246757567258922,0.0007573690097440399,0.023977282481034166,0.0067377017209190385,0.00020737240246121598
MNAR,0.4,S1,lr_l2,1010,0.6702297098577239,0.04264392913924422,0.02466046249968318,0.00064714693625012,0.020347199455728247,0.006869043044042287,0.00030935008290548024
MNAR,0.4,S1,lr_l2,1011,0.6799316202999691,0.04324280458697488,0.02468494320506082,0.0006053857369128399,0.015346949314510687,0.005479362636865656,0.00013906946242193258
MNAR,0.4,S1,lr_l2,1012,0.6832116410665938,0.04360224426762594,0.024674963775246438,0.00037649874106379834,0.01373818121778131,0.00501823094225118,0.0002061397841529688
MNAR,0.4,S1,lr_l2,1013,0.6629627179715012,0.0438675955213765,0.02470797308500522,0.0007228907402096601,0.013929917779686553,0.012827025876361486,0.0002539410918133004
MNAR,0.4,S1,lr_l2,1014,0.6073276936098332,0.03529766836152328,0.024777979825580318,0.00086562090710292,0.1542688029114811,0.009283891367324545,0.0002031610780281776
MNAR,0.4,S1,lr_l2,1015,0.6773482109552391,0.04536977175379648,0.02464911225389722,0.00081160772202184,0.01686128078168309,0.00506583059146944,0.00015429630247726679
MNAR,0.4,S1,lr_l2,1016,0.6781998781314081,0.042753072768285896,0.02468314416517996,0.00065630885849624,0.009731185600031826,0.002753424853156433,0.0001983525481390352
MNAR,0.4,S1,lr_l2,1017,0.6819865074220814,0.045356320441694804,0.02464210524332936,0.0007153541697486399,0.015817556138230986,0.007935563687545095,0.0001284730041890755
MNAR,0.4,S1,lr_l2,1018,0.6916514028576666,0.04640887309382587,0.0246421262848842,0.00053045193182486,0.011097465672281726,0.006231270748645051,0.00013865562905584426
MNAR,0.4,S1,lr_l2,1019,0.5898492275007367,0.04896043269789716,0.024606860096531,0.00067578075883754,0.1815820912670735,0.02732137261347908,0.00025631486136175596
MNAR,0.4,S1,lr_l2,1020,0.6049142799458943,0.0392247666956371,0.0247435401402963,0.0009462018004818799,0.14379991934652434,0.013209492769077054,0.0002743434247397013
MNAR,0.4,S1,rf,1001,0.9991475379455608,0.9445283779989598,0.00485220525736906,0.014797738938362021,0.00041553085544928574,0.030309027304236034,0.0005765879205528625
MNAR,0.4,S1,rf,1002,0.9982673238751826,0.8972488638067017,0.00581757161279022,0.013478773935812798,0.000679992170270506,0.04673908535844078,0.0006754871210196319
MNAR,0.4,S1,rf,1003,0.9985335021458358,0.910084918381715,0.00545374270475528,0.01376684678840702,0.0005162680283174192,0.041144839484460786,0.0005876624445320514
MNAR,0.4,S1,rf,1004,0.999016428871774,0.9511730702085408,0.00525388931986768,0.014479253865768,0.0006204007206108846,0.03330664000900348,0.0008700486347740611
MNAR,0.4,S1,rf,1005,0.9982865868203616,0.901815288278193,0.00586640097735824,0.01372652674146376,0.0009589540625974835,0.06152257964273774,0.0010576150975460188
MNAR,0.4,S1,rf,1006,0.9987310249627699,0.934508679254409,0.00538996292707514,0.013267703566147041,0.00042786508450577806,0.028027085934898506,0.0005299317307015914
MNAR,0.4,S1,rf,1007,0.9983457024830544,0.9026659115044374,0.00584021944875424,0.013984188946234922,0.0005592740082835823,0.036489086781700875,0.0006813903242901016
MNAR,0.4,S1,rf,1008,0.9980326391460501,0.8813401223146948,0.00617988781686918,0.01335111338783992,0.0006570340628559132,0.05697089528798215,0.0003261222947224644
MNAR,0.4,S1,rf,1009,0.9982521507167114,0.8983803667961048,0.00577902591385394,0.013964684951450961,0.0012082792005665064,0.07011056363332621,0.0013957725310526498
MNAR,0.4,S1,rf,1010,0.9982926391150517,0.9014075846229496,0.00589136941465614,0.01397332892426302,0.00039723671104376047,0.03391336191190636,0.0005538402560406959
MNAR,0.4,S1,rf,1011,0.9982574233882866,0.896943787069074,0.005671272102154,0.013432953015044899,0.0004602960583093606,0.027343752102476793,0.0007567970245893271
MNAR,0.4,S1,rf,1012,0.9985112601627593,0.905206762180965,0.005620472453535899,0.01415960177855968,0.0006960644808497482,0.045071570529788184,0.0006885643633642337
MNAR,0.4,S1,rf,1013,0.9985031787038352,0.9123954360143192,0.005776114051821881,0.01391136354470864,0.00036221045018131184,0.029261881662816267,0.0004302604517763889
MNAR,0.4,S1,rf,1014,0.9986575745986146,0.9297315761284285,0.0054976050383495,0.01460536279703808,0.0002794548396070198,0.012605825068579744,0.00044877585792266905
MNAR,0.4,S1,rf,1015,0.9981337523299718,0.9067881091208134,0.00612354805138024,0.01296308645408414,0.00048196900893254064,0.025446504222770994,0.0003211483157213761
MNAR,0.4,S1,rf,1016,0.9987073620920638,0.9297417920355162,0.00529816091104578,0.013704801481140722,0.0003935753277656079,0.026964388807808642,0.00048487347403331665
MNAR,0.4,S1,rf,1017,0.9979250247103394,0.8685494561404223,0.005972214543484599,0.01317484406146458,0.0004629292083575168,0.037152685639783356,0.0004718207294970575
MNAR,0.4,S1,rf,1018,0.9982723230551128,0.9054993096632508,0.00608871569438122,0.01427511346778046,0.000574215385116122,0.036545121438581143,0.0005597908067439274
MNAR,0.4,S1,rf,1019,0.9984602421101332,0.910842831656432,0.00575257378397072,0.01366746222685832,0.00039184452966520517,0.03707562859660265,0.00031439431347139393
MNAR,0.4,S1,rf,1020,0.9982138248782146,0.8955609609975154,0.0058097000322041206,0.014080417268261999,0.0006426097269842456,0.04253384257313448,0.0006260609074206445
MNAR,0.4,S1,svm_linear_cal,1001,0.6794878766021611,0.0431329336850758,0.02474757359678962,0.00015055007054768057,0.03869450421766257,0.0046963917332743755,0.00017217715880112001
MNAR,0.4,S1,svm_linear_cal,1002,0.6942615573806643,0.047003280187269104,0.02474276137920324,0.0002772849326210863,0.02570319886832398,0.009149250781818238,0.00017848167540034324
MNAR,0.4,S1,svm_linear_cal,1003,0.6552566981186111,0.03983740976545052,0.0247569981966154,0.00029758886796740997,0.026808889574958052,0.005204210111950037,0.0001822408070800168
MNAR,0.4,S1,svm_linear_cal,1004,0.6792346229413373,0.0454105450625843,0.02473569310583572,0.0001796371120139551,0.020394956107854585,0.005382068757789242,0.00018729218154568786
MNAR,0.4,S1,svm_linear_cal,1005,0.6166236128051242,0.04547155209892034,0.02473797257975598,0.00017603252028276632,0.17501920319585143,0.01788310724382604,0.00020040828359654385
MNAR,0.4,S1,svm_linear_cal,1006,0.6891885926831117,0.0448011652752187,0.02473632145027646,0.00017479050845672228,0.02207507429430917,0.005994151152635112,0.0001702144521940569
MNAR,0.4,S1,svm_linear_cal,1007,0.672341031796955,0.04442398434836648,0.02474515501707366,0.00014961112557799919,0.029021047892454195,0.009102976815947754,0.0001755267054022377
MNAR,0.4,S1,svm_linear_cal,1008,0.6133657869290096,0.041825443549025544,0.024751592543374078,0.00013006699550104786,0.1720993904009895,0.01385489132425142,0.0001583586848570975
MNAR,0.4,S1,svm_linear_cal,1009,0.6834540581624637,0.045835502688882056,0.02474307174890928,0.00018491413626747316,0.026942403700267736,0.00686505477579269,0.00018503476001508645
MNAR,0.4,S1,svm_linear_cal,1010,0.6704999504199652,0.0429448485301129,0.02467946255791076,0.0002567062927881469,0.020672357254561503,0.006901415119664384,0.00029537183704354803
MNAR,0.4,S1,svm_linear_cal,1011,0.6787170879185958,0.04546095382429284,0.024731556278675258,0.00018796956099701302,0.01576631952012594,0.009686212660828327,0.00018227117965454793
MNAR,0.4,S1,svm_linear_cal,1012,0.6838948917588485,0.04276728657779082,0.02473656753578136,0.00019921039861979013,0.012944570272777532,0.002752359144455961,0.0001997193470500091
MNAR,0.4,S1,svm_linear_cal,1013,0.6639450555409414,0.0471094307335697,0.02474936884457082,0.0001634279581061744,0.01390096172184034,0.019177267150504395,0.0001853081666658845
MNAR,0.4,S1,svm_linear_cal,1014,0.6070141284057391,0.03597940799248708,0.024758149955941382,0.0003119592085710079,0.15547295849676548,0.009945565604735345,0.00019352311293028657
MNAR,0.4,S1,svm_linear_cal,1015,0.6766484372102325,0.0459804808869204,0.0247475331143808,0.00015786493274769003,0.023137457646459497,0.006054941431755421,0.0001637248804380412
MNAR,0.4,S1,svm_linear_cal,1016,0.6804319261541518,0.04382902800467012,0.024737301149646458,0.00026113672371117175,0.012061927944957092,0.0033674547238323528,0.00019233863976933773
MNAR,0.4,S1,svm_linear_cal,1017,0.6867908969248623,0.04679158628927582,0.02473732330403508,0.00020648075868599547,0.016707735621794482,0.009048917246834091,0.00016830321793108373
MNAR,0.4,S1,svm_linear_cal,1018,0.6924505204560448,0.04647905133289578,0.02474096040638584,0.00020847365279092668,0.010382592877944862,0.006684565316067607,0.00018722804903481
MNAR,0.4,S1,svm_linear_cal,1019,0.5880853666539091,0.0492827774482957,0.02474438026247392,0.00027634257697971325,0.1841627136394813,0.027863697905180073,0.00018451849058846582
MNAR,0.4,S1,svm_linear_cal,1020,0.6027444503478832,0.03896894627314772,0.02475511215551736,0.0003023108834998965,0.14306180524906517,0.012826967918954019,0.00019141312039734385
MNAR,0.4,S1,xgb,1001,0.9990910923739988,0.9464625341624077,0.0030429016798734403,0.00316879154608012,0.0004536648179571016,0.030269005702931846,0.0006313028585881239
MNAR,0.4,S1,xgb,1002,0.9980921784834214,0.8995457623017179,0.0045557924546301,0.00367184802810708,0.0007507736107260227,0.04327097446326156,0.0011745474291984686
MNAR,0.4,S1,xgb,1003,0.9984759776758599,0.9172886585329332,0.0039335095323621795,0.00414153642079662,0.0006383561895982794,0.03058240856835327,0.0007911003997800588
MNAR,0.4,S1,xgb,1004,0.9989329212619225,0.945906478809315,0.00349496351554984,0.00243478657673746,0.00041708733097624637,0.024363380218098203,0.000810643146961618
MNAR,0.4,S1,xgb,1005,0.9982276427327207,0.9005998414170389,0.004426563950255461,0.00451704997422632,0.0009951352406822518,0.05727542638796879,0.001455625660018747
MNAR,0.4,S1,xgb,1006,0.9984373905051729,0.9312386232293445,0.003991229273378799,0.00310588962131692,0.0006575122136092795,0.030720152219441386,0.0007178026468724403
MNAR,0.4,S1,xgb,1007,0.9981216677665545,0.8924791933160957,0.00441184639930718,0.00405872832567806,0.0006197112630402161,0.03686839666392247,0.0010063630442492609
MNAR,0.4,S1,xgb,1008,0.9979060893926105,0.8860341624054566,0.00482970001175996,0.00309873003120022,0.0006356959059548009,0.051532772611152695,0.0006880742421781149
MNAR,0.4,S1,xgb,1009,0.9979081711655755,0.89525030652058,0.00426377085968846,0.0044437526092952805,0.0013954729873933492,0.06762561588778955,0.001638082896002582
MNAR,0.4,S1,xgb,1010,0.9979487225271424,0.9006232368452741,0.00442036655731494,0.00378502701931218,0.00036798587677721727,0.029491912476110653,0.0008034514062240314
MNAR,0.4,S1,xgb,1011,0.9982365551743024,0.8980182535870741,0.00439068530686194,0.0038059811788467603,0.00042953674275683905,0.031160276973949567,0.0008332226904990977
MNAR,0.4,S1,xgb,1012,0.9983719098898186,0.9058163085167186,0.00397396907210346,0.00329555997777188,0.000758027199178132,0.05010933240977742,0.0008031005498193138
MNAR,0.4,S1,xgb,1013,0.9984324265024783,0.9098272061441536,0.00423723240382962,0.0033554211972403,0.0005063008261351167,0.03831704982475458,0.0004333444891127432
MNAR,0.4,S1,xgb,1014,0.9984689420521246,0.9257876601137454,0.0037709998432546203,0.0036815373176092,0.0005646240659779028,0.022503944411195152,0.0004924132034895801
MNAR,0.4,S1,xgb,1015,0.9979727678752963,0.901116321371833,0.005237615108489959,0.00378939560893968,0.00033024779076442056,0.02433341805218092,0.0004939930527677776
MNAR,0.4,S1,xgb,1016,0.998671811884196,0.9260444857086909,0.00392246069386596,0.00330344540410422,0.00032652678288927874,0.02900917830497769,0.00044245307722241855
MNAR,0.4,S1,xgb,1017,0.9978026514388073,0.873422063644961,0.00433861762285228,0.0038719063644624603,0.0006810211551419275,0.030074414768706523,0.0005936519168069455
MNAR,0.4,S1,xgb,1018,0.9982499041288527,0.9037994564436664,0.00454742084257298,0.00442750817321616,0.0006680596855681961,0.03738091927867632,0.0012676670885159442
MNAR,0.4,S1,xgb,1019,0.9984236036648083,0.9190548591478208,0.00422971490770574,0.0035536158964465,0.00038664420699400056,0.035683736666168336,0.00047820771189522926
MNAR,0.4,S1,xgb,1020,0.9981236709056074,0.9024363892159191,0.00445682806894176,0.00395607995036634,0.0006952852204025675,0.035118662302194,0.0008399160706135649
MNAR,0.4,S2,extratrees,1001,0.9968436024270577,0.8586664418840411,0.01834909126523956,0.03685144969049238,0.0012328274102327758,0.05447392564343192,0.002158938838834537
MNAR,0.4,S2,extratrees,1002,0.9970445163837962,0.8519262171853667,0.018321065548191802,0.03739256492973926,0.0013674791821782332,0.08763979372300196,0.0020762230105293533
MNAR,0.4,S2,extratrees,1003,0.9974114417576054,0.8952943441402048,0.01815889205452794,0.036361915589739016,0.0011659098417388938,0.05399168085286431,0.0021454893378254174
MNAR,0.4,S2,extratrees,1004,0.9972539276518553,0.8626775991502867,0.01825489665103414,0.0372609971222829,0.0008425962481850933,0.05848677606258863,0.0021187773852517464
MNAR,0.4,S2,extratrees,1005,0.9972396629673852,0.8706425390041016,0.01826948377721308,0.03656944222933878,0.0007755889828814583,0.03531268035786363,0.0021739298349525223
MNAR,0.4,S2,extratrees,1006,0.9973900227049661,0.8852933196599573,0.01801253457488772,0.0370699519864007,0.0007140019773678929,0.0348200778778037,0.002190790345789533
MNAR,0.4,S2,extratrees,1007,0.9960531637463095,0.861372809266969,0.015513568443050319,0.03052275533852412,0.0014201703427459264,0.03555928630171355,0.005950681349708898
MNAR,0.4,S2,extratrees,1008,0.9964630936699598,0.8212120182030755,0.01835406490240322,0.03666519305099036,0.001385723889350132,0.06026714027785973,0.0021833941480481557
MNAR,0.4,S2,extratrees,1009,0.9980288504562254,0.8971134363242349,0.017830143378346562,0.037008769462243366,0.0009009087673561137,0.03093259589373361,0.0022620661377773035
MNAR,0.4,S2,extratrees,1010,0.996586300692574,0.8371332026581026,0.01813554996350946,0.036441610437297114,0.0012681054069194461,0.049953129244391006,0.0022935896870554403
MNAR,0.4,S2,extratrees,1011,0.9973273203063149,0.8834609049626451,0.018211030810633237,0.036642921415187116,0.000797172059459959,0.04443681864245352,0.001944510782558178
MNAR,0.4,S2,extratrees,1012,0.9974365023690194,0.8869927910730432,0.01800586159289274,0.03607493361389414,0.0010087111556725263,0.04167365581083945,0.002184842952460296
MNAR,0.4,S2,extratrees,1013,0.9972342931243168,0.8668278948472008,0.01801400114647726,0.037106902005078754,0.000741870362105575,0.03739201870516873,0.0020744280066287623
MNAR,0.4,S2,extratrees,1014,0.99724638671394,0.8870000828600306,0.018184169951473438,0.0369482057437718,0.0007060464931014711,0.032191010127615424,0.0020958193679910804
MNAR,0.4,S2,extratrees,1015,0.9975087770912647,0.8853461313874258,0.018286674712540203,0.03717232100370236,0.0005615819918910754,0.028769926767104596,0.0020573681062980996
MNAR,0.4,S2,extratrees,1016,0.9970242346648275,0.861015453406097,0.01822411362525856,0.03640505065984156,0.0007611131935256671,0.015884113001881577,0.0021897526500691883
MNAR,0.4,S2,extratrees,1017,0.9969185002241637,0.8634138994015281,0.01834538159692778,0.03689337788935304,0.0011178640095945629,0.06391410106837574,0.001896655764296431
MNAR,0.4,S2,extratrees,1018,0.9976332977395073,0.8952805508731313,0.01801015084008602,0.03674072625809556,0.0012197424885319551,0.06105912529313914,0.0022462777775538374
MNAR,0.4,S2,extratrees,1019,0.9980521849099425,0.908980465763866,0.01803868822784488,0.03755946095304176,0.0007559184565835831,0.04212429309054316,0.002297446759749202
MNAR,0.4,S2,extratrees,1020,0.9971841709898722,0.8646062625672343,0.01839553476659994,0.03740455594689604,0.00035395384446941286,0.009364363854467317,0.0023614668892319403
MNAR,0.4,S2,lr_l2,1001,0.672081178303079,0.044339827853159465,0.024667668759836957,0.00437147123384806,0.03325365584162677,0.014383329835700997,0.002737323189529505
MNAR,0.4,S2,lr_l2,1002,0.6699401152773795,0.044123726446925235,0.02474982867787054,0.0044355572719434995,0.031651346056905644,0.011369755116273772,0.002777033555505606
MNAR,0.4,S2,lr_l2,1003,0.681551642436264,0.04523476208018016,0.024709624700536198,0.00558538628260046,0.014670664499619644,0.00823240958375359,0.0028250267923325876
MNAR,0.4,S2,lr_l2,1004,0.6672311998430626,0.04749509879946502,0.0246949818066169,0.0038223699004747646,0.029228622127009208,0.01586086229323218,0.002864415764586543
MNAR,0.4,S2,lr_l2,1005,0.6932515365410632,0.04430626818902182,0.024700245896735938,0.00293033625913874,0.015869731660769285,0.007729758137451588,0.0028400586610451066
MNAR,0.4,S2,lr_l2,1006,0.6687647821974962,0.0468625406154287,0.02461444458634238,0.00349322552154216,0.024964565924404762,0.01567396045485164,0.0028349077915615683
MNAR,0.4,S2,lr_l2,1007,0.6752737662290509,0.0407164485413168,0.024725022373646537,0.0032240777411813603,0.029548325716089927,0.002104457264094908,0.002951782828538452
MNAR,0.4,S2,lr_l2,1008,0.6884860593361896,0.04510947339315334,0.02467496573432416,0.00417029339280722,0.026644911789284586,0.009825150591701567,0.0028623402392277705
MNAR,0.4,S2,lr_l2,1009,0.5498434968353221,0.03715780881689964,0.024714889802704598,0.0024353137819660797,0.20613536310242023,0.015069459297407321,0.0028696946129260124
MNAR,0.4,S2,lr_l2,1010,0.6586896470195901,0.04284799227266746,0.02473496589136184,0.00440988504685736,0.02299379328020985,0.008673659132445498,0.0028643066307457946
MNAR,0.4,S2,lr_l2,1011,0.6834110753451513,0.04706410477674364,0.02467510658986334,0.00470132788905054,0.016362964919961264,0.01407879434086643,0.0027818269636969368
MNAR,0.4,S2,lr_l2,1012,0.6723237229276986,0.042369566825817516,0.024699031256311198,0.0019434897807336,0.029437222472045516,0.0027278044709007827,0.002918766825972427
MNAR,0.4,S2,lr_l2,1013,0.692359952886829,0.04674246499385392,0.02462750924993478,0.00452458691586518,0.026228946966386883,0.011975992265865447,0.0028842612236880754
MNAR,0.4,S2,lr_l2,1014,0.6818355395421772,0.0509807021163339,0.02456590499211854,0.0027640965599155403,0.028406259925709217,0.009613773947671825,0.0029675821922326927
MNAR,0.4,S2,lr_l2,1015,0.6598962810892268,0.041757925641101555,0.02483638951906668,0.00542633807911172,0.011539711704670507,0.007106158355041188,0.002882084676670036
MNAR,0.4,S2,lr_l2,1016,0.6820533514458447,0.04526330632850542,0.024711791530656963,0.0037256168521227198,0.023728059981040137,0.010849039454426768,0.002845164498235896
MNAR,0.4,S2,lr_l2,1017,0.6863914945096483,0.042282221599270045,0.02471577937905138,0.00348252066404314,0.025448138678301795,0.006610760546446237,0.0028334901721347766
MNAR,0.4,S2,lr_l2,1018,0.6866393512535345,0.0418519941400689,0.02467481550288522,0.00180012176433618,0.03517818962612904,0.00485346830260432,0.002895864593706393
MNAR,0.4,S2,lr_l2,1019,0.6910198864595705,0.04691615520801204,0.0246198646374522,0.00340228017915888,0.021140093962259635,0.0074108400224220635,0.002837012582248066
MNAR,0.4,S2,lr_l2,1020,0.6854873523185225,0.049924005218288256,0.0246201739825507,0.0034747804071754997,0.02629369547159793,0.006343670705095551,0.0028777562133282426
MNAR,0.4,S2,rf,1001,0.9981486163376859,0.8962455681893748,0.00600661895068236,0.0137197775622083,0.0011881093497587128,0.07645310197343248,0.0015170784387909424
MNAR,0.4,S2,rf,1002,0.9980366309006475,0.8915805591010393,0.005894074871005199,0.01325604895254282,0.001249269964258911,0.07856074221209777,0.001069329808024487
MNAR,0.4,S2,rf,1003,0.9986280414669662,0.9285966857400825,0.00558361064631286,0.014145776552208361,0.0006311275154921536,0.04825391318491126,0.0011665001452287017
MNAR,0.4,S2,rf,1004,0.9985271628097889,0.9087617682318759,0.00539681326485682,0.01392878897217698,0.0005130471164200997,0.03967275550725628,0.0007495007973913
MNAR,0.4,S2,rf,1005,0.9984168615762371,0.9092501903579958,0.0058369855453309,0.01345701316086908,0.0007376526606906319,0.04145407374585385,0.0008689939026379105
MNAR,0.4,S2,rf,1006,0.9985914947729772,0.9190872724222847,0.00532252781810564,0.01448185926968248,0.0005431977947250791,0.0371374595343272,0.0005504782088601871
MNAR,0.4,S2,rf,1007,0.9982189828799687,0.8987046931183862,0.005715677411891,0.013405441310637738,0.0005940907205833552,0.03531752103620359,0.0007631517488896527
MNAR,0.4,S2,rf,1008,0.9974513488893086,0.8529229582354281,0.006507424780915561,0.013020465417426061,0.0010166739221289045,0.05596981865444497,0.0011182514498466205
MNAR,0.4,S2,rf,1009,0.9988186216518586,0.9236891178257242,0.0050059010105843,0.01482358100541356,0.0005069526004932241,0.02592906554416002,0.001028905519666033
MNAR,0.4,S2,rf,1010,0.9978981240116429,0.8793126828459481,0.00604331048761346,0.01322812603495568,0.0011491586340824915,0.046089279049505716,0.0014523196283109353
MNAR,0.4,S2,rf,1011,0.9988440493374784,0.933065307458115,0.00539522290548876,0.01375815896769848,0.00035402133080878525,0.0363175486045768,0.0006325716638948506
MNAR,0.4,S2,rf,1012,0.9985241374509446,0.918424034374788,0.005334762402815619,0.0137684399426832,0.00048364919653671003,0.044226740846010595,0.0006618748336790863
MNAR,0.4,S2,rf,1013,0.9983151208836019,0.9027301411896863,0.0058012901906671,0.013905174055480399,0.0004814748709338044,0.033500378772641545,0.0006745675902159185
MNAR,0.4,S2,rf,1014,0.9982743425200533,0.9205408972203012,0.007708951740043099,0.01696326678643482,0.000813000152111579,0.043052840301007755,0.004292711093068214
MNAR,0.4,S2,rf,1015,0.9986163361680311,0.919847232582784,0.005589922773684581,0.0140545763097875,0.0003634056249324447,0.019971961022147336,0.0004770445855469479
MNAR,0.4,S2,rf,1016,0.9982927910850463,0.9023082946311257,0.00572407644085662,0.013265062950602619,0.0003963693304534531,0.013071219422023522,0.0008499708725209889
MNAR,0.4,S2,rf,1017,0.998459377931435,0.9092601857686768,0.00556281234946556,0.013721631778107821,0.0006216009696688515,0.04444774025768064,0.0004602408317300014
MNAR,0.4,S2,rf,1018,0.9985738896931791,0.9201603453445916,0.0054404614868081205,0.01378748763502044,0.000988396542713168,0.06614789432644719,0.001071359151330894
MNAR,0.4,S2,rf,1019,0.9988361664547176,0.9369884900832506,0.005331848145924601,0.014015481588070599,0.0005377145754298217,0.03813334835310382,0.0009578002936102515
MNAR,0.4,S2,rf,1020,0.9985032222225956,0.9110471142459294,0.0055818530017497005,0.014205763824324041,0.0005170768602422088,0.04220344741532758,0.0006987381736479736
MNAR,0.4,S2,svm_linear_cal,1001,0.6695987731990758,0.04513530844552636,0.024746189536239478,0.00441574128627638,0.033477780977367824,0.014220195172094626,0.0028739839288189567
MNAR,0.4,S2,svm_linear_cal,1002,0.667428969213803,0.04578987250165772,0.024752520828369182,0.0041064942039004595,0.03181459901309125,0.014001729051693113,0.002874479695058315
MNAR,0.4,S2,svm_linear_cal,1003,0.6837848760501878,0.04622392314066974,0.024778679842350198,0.00568091477159674,0.01445154813498666,0.00812616388293032,0.0028884743370203333
MNAR,0.4,S2,svm_linear_cal,1004,0.6737279690480726,0.049358265032065265,0.02477582063350712,0.004185692490348566,0.026755295652159106,0.017191225696261143,0.0028719911532653006
MNAR,0.4,S2,svm_linear_cal,1005,0.6929967507898545,0.04500001970681604,0.02475801868190142,0.00301271125804888,0.01809349254399887,0.007602986578350358,0.002882778498798064
MNAR,0.4,S2,svm_linear_cal,1006,0.6704832758728072,0.04687309947834782,0.0247445313430898,0.00332649217971772,0.023134296016722237,0.014575610819196769,0.0029010741970354717
MNAR,0.4,S2,svm_linear_cal,1007,0.6782984594751919,0.041864454506050794,0.0247503475677264,0.002785018010286576,0.027832516624273954,0.0026105317035096582,0.0029045757065126673
MNAR,0.4,S2,svm_linear_cal,1008,0.6874190688786961,0.04542806525139768,0.02475910030051976,0.00364570769449508,0.03139408572192365,0.010665341203522126,0.0028854422469472133
MNAR,0.4,S2,svm_linear_cal,1009,0.5521575359582755,0.0372425296604522,0.024774726710449398,0.0025763541102892,0.2063127084269459,0.015577518969099749,0.002880675530066653
MNAR,0.4,S2,svm_linear_cal,1010,0.6580036335765932,0.04288819088235498,0.02475629002872008,0.00399293179991744,0.02711297612040852,0.00810561736408104,0.0029094929378882745
MNAR,0.4,S2,svm_linear_cal,1011,0.6865597245243504,0.04812275047301026,0.024768696175992498,0.00466449297388954,0.01741263729889379,0.015401550227883682,0.002841882067733587
MNAR,0.4,S2,svm_linear_cal,1012,0.6709874890585231,0.042019717867163096,0.02474767796908432,0.0023408276895868197,0.02319071695454236,0.00321599333468596,0.0028948314420182164
MNAR,0.4,S2,svm_linear_cal,1013,0.6941027910444026,0.04664979775745972,0.024764649402839078,0.00452126044146342,0.027843094712693483,0.011021127664785371,0.002895307616765354
MNAR,0.4,S2,svm_linear_cal,1014,0.6830267541602119,0.05126998568796855,0.02471113065720362,0.0029839710000986,0.03179186034089623,0.011792653114997411,0.002904737896908292
MNAR,0.4,S2,svm_linear_cal,1015,0.6611633438180083,0.04195856847272358,0.02478952894555406,0.00514497186118848,0.01337713129200947,0.007121393312069257,0.0028971196337899143
MNAR,0.4,S2,svm_linear_cal,1016,0.6888980622210823,0.04640094393652452,0.024753584624169562,0.0036359582342533397,0.022308074197949723,0.012262228036437573,0.002884942823844208
MNAR,0.4,S2,svm_linear_cal,1017,0.6159000861236884,0.040656856111743946,0.02476094306522082,0.00389801091553412,0.1668372568386739,0.012274400050910541,0.0028988929154038037
MNAR,0.4,S2,svm_linear_cal,1018,0.6882156707022742,0.04375583892452492,0.024741239083633522,0.00221998542619006,0.035562964439440244,0.006644968816514592,0.0028950353479425487
MNAR,0.4,S2,svm_linear_cal,1019,0.6903460164694614,0.04779829671591132,0.02471338259681922,0.00329132422497118,0.0162285428291494,0.008555091234656495,0.0028790299213479727
MNAR,0.4,S2,svm_linear_cal,1020,0.6817169597449337,0.04729490348840234,0.02475117682745924,0.0036015972419465602,0.029355792129130424,0.005442687797279267,0.002862692945352715
MNAR,0.4,S2,xgb,1001,0.9982255056685843,0.9047698065722241,0.00447301515378052,0.00414735330593212,0.001162414632483254,0.06911525971947824,0.0017032857959935262
MNAR,0.4,S2,xgb,1002,0.9979499939570271,0.8932606279592811,0.0046553213149308605,0.00373067743943388,0.001201173130746532,0.06696855462574021,0.0017961935914710297
MNAR,0.4,S2,xgb,1003,0.9984115561772121,0.9241719790022043,0.00435531786642962,0.0035115384487189997,0.0008087804840582006,0.05423643391445048,0.001614891461889625
MNAR,0.4,S2,xgb,1004,0.9980992728943064,0.9011051292284282,0.00401569521054622,0.00407316241348568,0.0009048416556380381,0.04083277889981018,0.0010658031885129927
MNAR,0.4,S2,xgb,1005,0.9983919112881114,0.9158870036084703,0.00423394134268158,0.00353831875939212,0.0006396107527961521,0.0285368096695517,0.0014677051597721932
MNAR,0.4,S2,xgb,1006,0.9986910239754024,0.9273201582387884,0.0036165777593850394,0.0036912251003765398,0.0005933729300594088,0.04041336466745524,0.0006933101892947849
MNAR,0.4,S2,xgb,1007,0.9981404804069205,0.9023535034823429,0.0045033406466245,0.0034736099626034205,0.0004994813695937252,0.026976358697900313,0.0006682653520730499
MNAR,0.4,S2,xgb,1008,0.9969565183817147,0.8542374067796571,0.00560040003620082,0.0042928217899118,0.0013685844769751351,0.05394507178071123,0.0015918294727259971
MNAR,0.4,S2,xgb,1009,0.9986103625991543,0.9230263889654419,0.0035128342919051397,0.0030204953027173796,0.0007764179456269813,0.026735404800418236,0.001106096002842515
MNAR,0.4,S2,xgb,1010,0.9976925146402662,0.8784592815648427,0.00503643965348596,0.00435640910753742,0.00136811777879278,0.044595187695532446,0.0017746987331981696
MNAR,0.4,S2,xgb,1011,0.9987989728859636,0.9367038428760701,0.0039139208849518995,0.00277139113097782,0.0004983828158569484,0.03572951086907501,0.0008045850467859006
MNAR,0.4,S2,xgb,1012,0.9984377281977668,0.9230158224226269,0.0037837664596736,0.00372706888977502,0.0005794421175987083,0.0406282696260447,0.000823601265783157
MNAR,0.4,S2,xgb,1013,0.9984599186958377,0.909143441239572,0.00423190928995604,0.0043554808068518806,0.00046718142050228284,0.030065177173797298,0.0007293444944348867
MNAR,0.4,S2,xgb,1014,0.9983791156344104,0.926092783792028,0.00454430850222702,0.0034800814204167196,0.0007617093694263531,0.038525687615438266,0.001186933741438187
MNAR,0.4,S2,xgb,1015,0.9985699783761867,0.9231529541648562,0.0039769755210726804,0.00398019399126466,0.00041447142788651194,0.022724678095094746,0.0006525951100112878
MNAR,0.4,S2,xgb,1016,0.9984176292225253,0.9128396312248199,0.00388361653313036,0.0032165245082779797,0.00037631905499899474,0.008847696566359212,0.0010272401523157473
MNAR,0.4,S2,xgb,1017,0.9983442011144275,0.9095149251871403,0.00438041477464136,0.0034919818224592196,0.0006996743475748678,0.048149198395872235,0.0007714239534931277
MNAR,0.4,S2,xgb,1018,0.9984634745070429,0.9197250688518193,0.00389539632014924,0.00470690755344012,0.0008782995082256066,0.05042238169305756,0.0013766799127020283
MNAR,0.4,S2,xgb,1019,0.9984456857780168,0.9302170736437215,0.003524264274165,0.00403666038884912,0.0010678059983956528,0.04360917063833782,0.0007782276417502216
MNAR,0.4,S2,xgb,1020,0.9984919834478262,0.9134689237354688,0.0038977997377514393,0.00364215300265378,0.00047601467419254833,0.03642437688681176,0.0005145192797954484
MNAR,0.5,S1,extratrees,1001,0.9960692618017436,0.8363300429606291,0.019208163221997317,0.0372984437194593,0.0009710813190963616,0.03340603658896562,0.0002508514879949148
MNAR,0.5,S1,extratrees,1002,0.9963203782292946,0.8473487408711293,0.01929575175494648,0.03786872604558478,0.0010419798042543454,0.0271414036518081,0.00020476919502590956
MNAR,0.5,S1,extratrees,1003,0.9962287792605103,0.8144520858897145,0.01924722075040772,0.03887577588449666,0.0006977118969132693,0.044376803597269775,0.0003387022035722636
MNAR,0.5,S1,extratrees,1004,0.9965262443152028,0.8421780432373165,0.0192549608965493,0.0379713199074625,0.0009437040436683843,0.03894230678334949,4.9147009263083514e-05
MNAR,0.5,S1,extratrees,1005,0.9961835079813353,0.8152462157231188,0.01916041924909246,0.03816058478643216,0.0012638094000859148,0.05129233030229341,0.00020551183522093906
MNAR,0.5,S1,extratrees,1006,0.9970457436924394,0.8369159211901565,0.0190881064086446,0.038520770775556504,0.0003895352267119756,0.01066538760227179,0.0003272575216968001
MNAR,0.5,S1,extratrees,1007,0.9969538551665702,0.8411001049838281,0.01914881819040214,0.03896656934245738,0.0009469294540857301,0.044856210383650584,0.0003064573418410685
MNAR,0.5,S1,extratrees,1008,0.9959339945657406,0.8052889615228732,0.019431648218621922,0.03783371972529848,0.0012325964446031439,0.0484841187384746,9.481905733766583e-05
MNAR,0.5,S1,extratrees,1009,0.9959636439319162,0.8023990196228967,0.019199474768794418,0.037367357247554175,0.0013600802187202405,0.07001151269920527,0.00020215802484115853
MNAR,0.5,S1,extratrees,1010,0.9963154186208328,0.8212016324938742,0.01931551106267062,0.03699758560841116,0.0006100893198905434,0.02544182211568624,0.00026471500710271653
MNAR,0.5,S1,extratrees,1011,0.9969007183769631,0.833827795869877,0.01661717666009954,0.033211616810413416,0.0006564410455947179,0.048860422461440844,0.00602070196014019
MNAR,0.5,S1,extratrees,1012,0.996285697848375,0.8156700584499956,0.0191549598672315,0.03807691519966232,0.0009844697607467566,0.02805733090839244,0.00018225188361825563
MNAR,0.5,S1,extratrees,1013,0.9958134782107513,0.8024307445071962,0.01932996271657416,0.03811460212841382,0.0010480639329008246,0.01982694655754314,0.0002868088688752376
MNAR,0.5,S1,extratrees,1014,0.9969747399965717,0.8503815498741372,0.01925139991915674,0.0386314170715795,0.00040909173140008984,0.028972227371928068,0.00041869566994667134
MNAR,0.5,S1,extratrees,1015,0.9961229938099159,0.8405419839220112,0.01937934568443876,0.0380395934039423,0.0005846278501832441,0.046423929213907485,0.00030022122657252006
MNAR,0.5,S1,extratrees,1016,0.9959371314713845,0.8296291676879506,0.01943440119179268,0.0376532703306568,0.0009169512982617085,0.062170567648011425,0.0002385338698386246
MNAR,0.5,S1,extratrees,1017,0.9956368226858435,0.8136071069331624,0.01935326613829444,0.03767561942651178,0.000562596069211574,0.044674007928177856,0.0002348374997894904
MNAR,0.5,S1,extratrees,1018,0.9963761710651088,0.839260058783362,0.01922477463984314,0.0376090135196979,0.0007149913977659515,0.034444698503381686,0.00020912115348334495
MNAR,0.5,S1,extratrees,1019,0.9956899011220133,0.7861726871308017,0.01922356061320462,0.03773738016940286,0.0007108479396205375,0.037315685295354936,0.00032992547738900307
MNAR,0.5,S1,extratrees,1020,0.9964903031270989,0.8237826693759883,0.019208634046411842,0.03830658227038502,0.0007901572730553476,0.04863642637935126,0.00039046908997492416
MNAR,0.5,S1,lr_l2,1001,0.6648939797747947,0.042198704730662985,0.024733194340771262,0.00077522348311654,0.020674490531736082,0.004314921109680523,0.00014705592421354583
MNAR,0.5,S1,lr_l2,1002,0.6599933355434974,0.038088928185081784,0.02475802400966622,0.00076264225086842,0.028298963375753928,0.0025412615696414438,0.00023176860668535314
MNAR,0.5,S1,lr_l2,1003,0.6582726255819367,0.0413894784852187,0.024712763595853622,0.0007028830449272401,0.018088596596840013,0.006300044127596232,0.00017686601760452195
MNAR,0.5,S1,lr_l2,1004,0.6802351601762873,0.04582648079305788,0.02463484198978154,0.00049267065656556,0.030183834737678918,0.009137696357019207,0.00014061773857742117
MNAR,0.5,S1,lr_l2,1005,0.6673382318629985,0.04578899556475842,0.0246024674082027,0.00047991546001305995,0.02323455415622447,0.012379366626154542,0.0002601282913520614
MNAR,0.5,S1,lr_l2,1006,0.6631108193615847,0.041629362302828196,0.02469325432433248,0.00048366839589065997,0.012608727961850964,0.004675584357168418,0.0002001460007914752
MNAR,0.5,S1,lr_l2,1007,0.6685033736446743,0.04450942455173514,0.02464526347222282,0.0006101010196837676,0.03173240339925935,0.00843257056862345,0.00024366219740263153
MNAR,0.5,S1,lr_l2,1008,0.663217663391162,0.038099912816367223,0.024714859245972,0.00058948718198006,0.020156623718527233,0.0016392303235150014,0.00022018867989952995
MNAR,0.5,S1,lr_l2,1009,0.6699167096501581,0.03950783095301844,0.0247005735046035,0.00037986770099446,0.018870198080309725,0.0023598317737717565,0.00012777679411966566
MNAR,0.5,S1,lr_l2,1010,0.6569958945368929,0.039933723232377996,0.02470839206317616,0.00068309913282058,0.018164602751250956,0.004876502041234203,0.00020247700840733048
MNAR,0.5,S1,lr_l2,1011,0.6450872025285176,0.03635512502617224,0.024773517251082018,0.00045093890805266,0.014343820672132293,0.0014137126167314204,0.0001466113081230524
MNAR,0.5,S1,lr_l2,1012,0.678316704730695,0.04159715349210312,0.02474449407247028,0.00080263566987942,0.02132764852975912,0.003278051922693167,0.00018150014193148606
MNAR,0.5,S1,lr_l2,1013,0.6602329391773031,0.04242938033788922,0.02473924434064282,0.00038559133245510003,0.02669437245511235,0.006186473141841512,0.00015566847908341964
MNAR,0.5,S1,lr_l2,1014,0.6718668869555803,0.0400079096332124,0.02466640757777312,0.0005008914312933999,0.01992660771217478,0.0018989795730300558,0.00016073058634475624
MNAR,0.5,S1,lr_l2,1015,0.646721805847372,0.0386384716020711,0.02472472449157052,0.0002562136234892818,0.020706877226972686,0.0019076372968068825,0.00018763950221992404
MNAR,0.5,S1,lr_l2,1016,0.6718789365027797,0.03952497790495536,0.024713258550850457,0.0004745675599068,0.011540827495867934,0.002687171219620938,0.00013589358530150767
MNAR,0.5,S1,lr_l2,1017,0.6698831638357252,0.04027476368258296,0.02472116840665456,0.00076474601847888,0.03236494092480303,0.006606042340533183,0.00013707220999259495
MNAR,0.5,S1,lr_l2,1018,0.6782027694171007,0.04581148351792428,0.02467793082950766,0.0006999127277083,0.03095100771440881,0.010916112180703695,0.00026966964034812435
MNAR,0.5,S1,lr_l2,1019,0.6535693858946691,0.04720497174969994,0.02459639272192692,0.0008691471404207801,0.019603131627822328,0.014992604428971412,0.0003511310499079813
MNAR,0.5,S1,lr_l2,1020,0.6609445837966808,0.04047803714717874,0.024716807568373918,0.000688158359012173,0.016825753286867074,0.00502520273957424,0.00019158470525518405
MNAR,0.5,S1,rf,1001,0.997642945157885,0.8743857743112627,0.006916757120228779,0.014865776379283,0.0007331755844295611,0.049039578988075906,0.0008167313771219531
MNAR,0.5,S1,rf,1002,0.9977385383751735,0.8908449381870357,0.0069241962948021,0.015771580226047223,0.00021924303509741552,0.025100401840164956,0.0007435294053892074
MNAR,0.5,S1,rf,1003,0.9978133363455954,0.8658407902951193,0.0071014230701907,0.015537509723207379,0.0003122982741126312,0.02857326205425948,0.0005829040232845687
MNAR,0.5,S1,rf,1004,0.9982028456980727,0.8898687286537896,0.0066113401056692,0.01606374953779776,0.0005048326858534176,0.0305493039175305,0.0007601892394179672
MNAR,0.5,S1,rf,1005,0.9973479430187144,0.8547082595496439,0.00714982344505456,0.014811365503936361,0.0009720934078624482,0.04645469847425874,0.000882811242661209
MNAR,0.5,S1,rf,1006,0.997904921464236,0.8716945618558569,0.0067885736174086,0.01536730190742544,0.0004551315216028258,0.020495070946770656,0.00038587192799661844
MNAR,0.5,S1,rf,1007,0.9980756385757223,0.874516215068035,0.00648587074880594,0.01648526089405086,0.00039170624092569527,0.022188205708622344,0.0005076074420701218
MNAR,0.5,S1,rf,1008,0.9976958952964822,0.8510488274354323,0.0069636821402842,0.01577715204618524,0.0006877849200160845,0.04980724265366533,0.0006866757357750916
MNAR,0.5,S1,rf,1009,0.997619267580004,0.8551670103508364,0.00705934885169166,0.01528931136918564,0.0006986684134214473,0.04873286249907061,0.001014180417949262
MNAR,0.5,S1,rf,1010,0.9976571522681766,0.8686178967619252,0.007265367685076579,0.01533195583156086,0.0006517570271504774,0.0373480855698836,0.000783606133087857
MNAR,0.5,S1,rf,1011,0.9980372495116958,0.8858220365339816,0.00647026981624754,0.014516554829332739,0.00031856769082101987,0.023691033317391846,0.00045051649292394
MNAR,0.5,S1,rf,1012,0.9974947215655389,0.8577876415881646,0.006993086565644039,0.01532034331528348,0.0005386876262704314,0.023491863282031865,0.0006709340287826277
MNAR,0.5,S1,rf,1013,0.997387224935261,0.8427189841403362,0.0071488833834525796,0.015570089771764339,0.00016814935803955274,0.005282514839264475,0.00038506914799103
MNAR,0.5,S1,rf,1014,0.9981884768841708,0.8896528479082264,0.006714255919513639,0.016164849795544,0.00038942891527615265,0.019376501114626125,0.00044149295226209316
MNAR,0.5,S1,rf,1015,0.9978048554218264,0.8783404067272299,0.006966226660075241,0.01586639314812878,0.0006859406144806865,0.04600346780879519,0.0009712272649767534
MNAR,0.5,S1,rf,1016,0.997168176132887,0.8714595478940883,0.0073465664143776395,0.01474725632961944,0.00039096121398537743,0.05707996568759367,0.0006292072709879404
MNAR,0.5,S1,rf,1017,0.9973571835967707,0.8518955412271163,0.00715812564024348,0.015360484639722019,0.00040761894199701685,0.04091352558380175,0.0005351379383830837
MNAR,0.5,S1,rf,1018,0.9982611957514097,0.8913913384498409,0.00634968978583296,0.015791206037392442,0.0004189686807065547,0.029097974040674258,0.00022779736663375042
MNAR,0.5,S1,rf,1019,0.9972979171225553,0.8308454352445128,0.0073820546726827,0.016101511775712802,0.0008186927650114143,0.05599104658356206,0.0006831368368357893
MNAR,0.5,S1,rf,1020,0.9974598327104782,0.8501263610909758,0.0068949821062167,0.014909671885162758,0.0007416842775818604,0.04157878355296936,0.0009308442881529028
MNAR,0.5,S1,svm_linear_cal,1001,0.6658018102969535,0.042091049152906165,0.02475926273538892,0.0002181530616516784,0.015483053034610353,0.003985566886588251,0.00016963788372098586
MNAR,0.5,S1,svm_linear_cal,1002,0.6595933206608647,0.0381235672166673,0.02475723081873698,0.0002497429394818021,0.029923502149837012,0.0031428200689062333,0.0001804560237558852
MNAR,0.5,S1,svm_linear_cal,1003,0.6575045438470382,0.04160958940611602,0.0247442447616541,0.00029042297929718553,0.022284350854659466,0.007240718729745967,0.0001892289078262331
MNAR,0.5,S1,svm_linear_cal,1004,0.6792913882738417,0.049568332701529064,0.0247469847109736,0.00015842069816911905,0.024871299627567973,0.006937597238688081,0.00017362146837320507
MNAR,0.5,S1,svm_linear_cal,1005,0.6646237865881999,0.04703486029003212,0.02475013537903058,0.00015658875899295693,0.02513190699391802,0.014223757152051767,0.00018707561274643986
MNAR,0.5,S1,svm_linear_cal,1006,0.6611458974081033,0.041512435638875245,0.024758558150652282,0.00019076387456959967,0.011974732399249547,0.00461399802909366,0.00019230210331822625
MNAR,0.5,S1,svm_linear_cal,1007,0.672111488834373,0.04597723754354738,0.024749080636017478,0.00011648143468794834,0.03264032194582536,0.010307817663721904,0.0001852856468290718
MNAR,0.5,S1,svm_linear_cal,1008,0.664001055058922,0.03830340675127824,0.024749930361836942,0.00014883351329475844,0.021353525348632475,0.0016834057714762696,0.00018979705374055087
MNAR,0.5,S1,svm_linear_cal,1009,0.6688968460860782,0.04129646080177566,0.0247568473153355,0.00020431375286551957,0.023734338323800227,0.0056686503350418475,0.00018701043174773583
MNAR,0.5,S1,svm_linear_cal,1010,0.6572254221638103,0.04039141307373686,0.02474526853795514,0.0001396695353687106,0.02107687171996074,0.005379924777615594,0.00017181162652539064
MNAR,0.5,S1,svm_linear_cal,1011,0.6485746161691701,0.03699976653689118,0.02475578600604508,0.0001244907913456727,0.019327292138423248,0.0015722023792165518,0.0001862933009632251
MNAR,0.5,S1,svm_linear_cal,1012,0.680637467321348,0.04284245889023766,0.02474733903497924,0.00023887589507881317,0.022459508735591768,0.0046508617253276955,0.00018189107065945756
MNAR,0.5,S1,svm_linear_cal,1013,0.6590900239131862,0.04518093300690438,0.02475760117448968,0.00018000252667012728,0.029153312128130285,0.01088525141055033,0.00018337192365403815
MNAR,0.5,S1,svm_linear_cal,1014,0.6706738173107432,0.04090887058174218,0.02475337378913582,0.0003056302763870903,0.02102796076935479,0.00273154857567883,0.0001782979221343015
MNAR,0.5,S1,svm_linear_cal,1015,0.6451497351227131,0.04123089856008762,0.0247647540834982,0.00015722967583150447,0.020039389565259802,0.004885518528587699,0.0001715066175488527
MNAR,0.5,S1,svm_linear_cal,1016,0.6722247079321773,0.03954877029282922,0.02474843636982432,0.00019673654663361715,0.013254749104418456,0.0024666876435931193,0.0001888655988127434
MNAR,0.5,S1,svm_linear_cal,1017,0.6715487457086422,0.04079815969152878,0.02475444398843784,0.00015972005500901115,0.03615715871169958,0.007080220025848507,0.00018080048286935827
MNAR,0.5,S1,svm_linear_cal,1018,0.6792084422583645,0.044837093523650215,0.0247494360281298,0.00015398925886650887,0.033995601816126465,0.008339760148756096,0.00018729734479146592
MNAR,0.5,S1,svm_linear_cal,1019,0.6519659136918209,0.045078857630236877,0.02473369829019342,0.00037119970738144846,0.02986222856559875,0.011092098871471943,0.00020334727805360197
MNAR,0.5,S1,svm_linear_cal,1020,0.65879170465029,0.039335108525122196,0.024754285586766,0.00020092779120285017,0.023944881198924045,0.004707329746150535,0.0001841622152914195
MNAR,0.5,S1,xgb,1001,0.9978170315109829,0.8936700176316184,0.0049238562583923,0.00339829052756324,0.0007349179322939036,0.04015826363061867,0.0012759033555901993
MNAR,0.5,S1,xgb,1002,0.9970571127516621,0.8991145331194594,0.00475746840238564,0.00403323005962568,0.0012712214001077474,0.018786731907712233,0.0011225828858762584
MNAR,0.5,S1,xgb,1003,0.9980581077269826,0.8786623019789472,0.004722961038351,0.00476836394094322,0.00038443617098670596,0.034430532606146154,0.00044283714808610855
MNAR,0.5,S1,xgb,1004,0.9981727507120258,0.8914597128254927,0.00453996784053738,0.0047401832595299394,0.0004998827016107797,0.028216371472884083,0.0008518399932492086
MNAR,0.5,S1,xgb,1005,0.9972147040691377,0.8532856575073081,0.0054671901278197195,0.00410966266570172,0.0011487220082003707,0.05223152189472916,0.0013589064432603481
MNAR,0.5,S1,xgb,1006,0.9978165912280785,0.8806817253126195,0.0049361328594386,0.00368287600935614,0.0005278990355165927,0.020762533190276822,0.0004097794070071219
MNAR,0.5,S1,xgb,1007,0.9981876940926379,0.887616238020648,0.00434158551506692,0.00428117943418096,0.00042501845706527055,0.021468307911898087,0.0007768233906056247
MNAR,0.5,S1,xgb,1008,0.997506487747055,0.8515151433142572,0.005067578144371461,0.00540119817000562,0.0007858499625634423,0.04090278490809956,0.0008428865305263771
MNAR,0.5,S1,xgb,1009,0.9976294336193195,0.8640578595758915,0.0054193533957003995,0.0039054904000941,0.0007572015210587926,0.04782467759320939,0.0011194091684825782
MNAR,0.5,S1,xgb,1010,0.9973923338073952,0.8784492756964128,0.005364729370921801,0.0042281809793471795,0.0009763219601044909,0.031606574498661395,0.0007881076866137066
MNAR,0.5,S1,xgb,1011,0.9975979376599318,0.8803518475316752,0.00479248231276864,0.00394764372726496,0.0010571681038274647,0.023184207018203756,0.0006274052158102878
MNAR,0.5,S1,xgb,1012,0.9968914481482238,0.8617741774810821,0.00488499426282938,0.0037686329260723196,0.0018298440065337468,0.02981410526797845,0.0007805078539564908
MNAR,0.5,S1,xgb,1013,0.997414151573007,0.8445303492951733,0.00525549668818704,0.00487220794968106,0.0001829368555921898,0.00859177491045727,0.0003703398987079536
MNAR,0.5,S1,xgb,1014,0.99810060394948,0.8957535096589913,0.00469953557476396,0.00335111937986574,0.00043556290515400114,0.009112144032110109,0.0003807959154885682
MNAR,0.5,S1,xgb,1015,0.9971462671350043,0.885271030622054,0.00483198487199836,0.00469008040039966,0.00139172173227011,0.04505028733848909,0.001240027530687917
MNAR,0.5,S1,xgb,1016,0.9968215942064749,0.8866413022837112,0.00549894673749798,0.00451728780571108,0.0006306124323013218,0.03950795951216353,0.0010495343672099376
MNAR,0.5,S1,xgb,1017,0.997429356272824,0.86031870881886,0.0052883753553032405,0.00425024150773132,0.0005565588951249829,0.03314216160561299,0.0007260374740569839
MNAR,0.5,S1,xgb,1018,0.9981510394753936,0.897529321497515,0.004261182853951979,0.00325237483582122,0.00039282434811684644,0.028029740997303633,0.000612398950100986
MNAR,0.5,S1,xgb,1019,0.9973917450996701,0.8492391795937058,0.0055122280493378,0.00487699109437382,0.0007401209975401719,0.055101860682836686,0.0008666136620982701
MNAR,0.5,S1,xgb,1020,0.9976815918662705,0.8669776638240293,0.00507226204499596,0.00354813577593142,0.0005755832676282865,0.03026287011217758,0.001185256780062407
MNAR,0.5,S2,extratrees,1001,0.9967413888386512,0.8617909821511806,0.019160342181601443,0.037590128563287376,0.0011127811910616723,0.06383865813678188,0.0023002082835710414
MNAR,0.5,S2,extratrees,1002,0.996583631678333,0.8404846356421529,0.01919126241324822,0.03874877985185628,0.0007647310864416852,0.030571373749330655,0.00233762966306709
MNAR,0.5,S2,extratrees,1003,0.9959701249922215,0.8159477384880391,0.0192980260740204,0.03812692543901226,0.00117264937976281,0.052428294778847744,0.0022212393510296054
MNAR,0.5,S2,extratrees,1004,0.9959738154785622,0.8204054682284869,0.019382412666313197,0.03753326779197408,0.0004581654890768125,0.031976722503035335,0.002320707201108639
MNAR,0.5,S2,extratrees,1005,0.9963145799573304,0.8332849782205967,0.01922054546339846,0.03822541283892822,0.001171689339479854,0.05658393771508999,0.0024953130136750917
MNAR,0.5,S2,extratrees,1006,0.9962240445675432,0.8345556546607569,0.01928162205515728,0.038159086779152494,0.0006557069746977388,0.03175156616382812,0.002314310828708521
MNAR,0.5,S2,extratrees,1007,0.9967963590348955,0.8474097751532383,0.01921738706056142,0.03809945069413444,0.0011082103555081144,0.0556263524690614,0.0023961252890229642
MNAR,0.5,S2,extratrees,1008,0.9958602180002881,0.8008966455041193,0.0193457331987536,0.03765800138887264,0.0006323004466264554,0.04852850302810347,0.0021158813757428457
MNAR,0.5,S2,extratrees,1009,0.9957856516059277,0.8212952022072276,0.01936137543398194,0.03790583071325962,0.0017625851972708888,0.04428349567969127,0.0022409547274076518
MNAR,0.5,S2,extratrees,1010,0.9963738650131526,0.8146736915665519,0.01912564875493418,0.03890478715874014,0.0006090645744397835,0.03352846637122949,0.0022569883322744707
MNAR,0.5,S2,extratrees,1011,0.9959088805467176,0.8166178287842459,0.01926085415145508,0.03747777675290566,0.0008489106537287973,0.05254512793674399,0.0020948157061069805
MNAR,0.5,S2,extratrees,1012,0.9968388590339616,0.8387753405748052,0.01918918903872496,0.03801845907793312,0.000663436679663182,0.04863339252904084,0.0023451310284095996
MNAR,0.5,S2,extratrees,1013,0.9964114995908844,0.8233134982531347,0.019168212434750358,0.039035101951368854,0.0013989851898247225,0.06032158479822252,0.002235877497109752
MNAR,0.5,S2,extratrees,1014,0.9965095718116983,0.8272506367976733,0.01920104528963756,0.03760718617306024,0.0011652752950966452,0.0816965872990566,0.0022304841742769033
MNAR,0.5,S2,extratrees,1015,0.9967752869540523,0.8490576568335422,0.01932937884252852,0.03839679777050304,0.0014550746357212521,0.0690469219946382,0.002155903925278158
MNAR,0.5,S2,extratrees,1016,0.996259665567143,0.8063223097804382,0.01915224301385254,0.03789293192652936,0.0007330071467360263,0.044080472888858975,0.0023527983461974606
MNAR,0.5,S2,extratrees,1017,0.996990629240557,0.851993463437708,0.019338160051022478,0.03897471394274184,0.0006910646733553201,0.038825037777758545,0.002278359455382268
MNAR,0.5,S2,extratrees,1018,0.9961991339526607,0.8144746794804749,0.01918642188365588,0.03782032983058262,0.0005088058768714698,0.031199272510972674,0.0022586783605419115
MNAR,0.5,S2,extratrees,1019,0.9965955421296858,0.8228275741454498,0.01929368614076256,0.03789323359077668,0.0009299409879991878,0.04917081903652261,0.0023033003640412653
MNAR,0.5,S2,extratrees,1020,0.9969663702608006,0.849975867812421,0.01912404799120066,0.03788749214186872,0.0008023458945441461,0.04384989609269669,0.0022415869803950536
MNAR,0.5,S2,lr_l2,1001,0.6709922478320616,0.04043597815939094,0.02470540998373976,0.00442509552024462,0.027423736753602147,0.004644901473004951,0.002881077067597446
MNAR,0.5,S2,lr_l2,1002,0.6745890868711812,0.04128705677031574,0.0247865969102229,0.00436702093579978,0.011770412086837318,0.0042027160471314875,0.0029284994475443564
MNAR,0.5,S2,lr_l2,1003,0.6531601990593636,0.03985067249953818,0.02480945078101176,0.0057586162952316805,0.029991248486054257,0.008036136817584572,0.0028403215771099356
MNAR,0.5,S2,lr_l2,1004,0.6872404229699995,0.04483932864574336,0.024696502624431398,0.00441977418694424,0.011234072113556318,0.006710895535742684,0.002837959731161158
MNAR,0.5,S2,lr_l2,1005,0.6799558750591729,0.04157644347316252,0.024737145628873698,0.0028797276685966202,0.029764498234007033,0.006647000077136309,0.0028432798308439945
MNAR,0.5,S2,lr_l2,1006,0.6558208131463619,0.03969034312694196,0.02469409893932372,0.0036322839188390596,0.01848030611904271,0.005847269156485253,0.0028783294944352052
MNAR,0.5,S2,lr_l2,1007,0.6768683726660873,0.040513557822879284,0.02475465998308826,0.00314579401372988,0.0278528514278505,0.007476125524677683,0.0028767248858625836
MNAR,0.5,S2,lr_l2,1008,0.6614102523334398,0.03876038242540778,0.02473320916495418,0.003946329280477679,0.03224582631378316,0.005004658366666948,0.00287625051733298
MNAR,0.5,S2,lr_l2,1009,0.6647341559221915,0.0427201297211939,0.024701620253928337,0.0024097642659691,0.03961184636400865,0.012775769986516727,0.002847357810368926
MNAR,0.5,S2,lr_l2,1010,0.6684259894960478,0.04418231633398722,0.02471544866635264,0.004100893847504681,0.03018697634827612,0.013673349414786708,0.0027896230649242493
MNAR,0.5,S2,lr_l2,1011,0.6607205616904424,0.0459697714990544,0.02468250696752012,0.00507836279309754,0.010360550265573433,0.019010183175160456,0.0027347876877195777
MNAR,0.5,S2,lr_l2,1012,0.5857640047751275,0.03940442065676914,0.0247341360619966,0.0028246884395900797,0.1457296856381363,0.015403492933230737,0.0028474935529991968
MNAR,0.5,S2,lr_l2,1013,0.6693561962892675,0.0407116161393369,0.02472144978520752,0.00431734234343596,0.026992433885597026,0.008452634868084334,0.002864627731037213
MNAR,0.5,S2,lr_l2,1014,0.6726595295561634,0.05193629852286722,0.024705135039160782,0.00307655804326144,0.025382190536233848,0.010542221665788686,0.0028736194203943465
MNAR,0.5,S2,lr_l2,1015,0.6612925606704771,0.04852997052938331,0.02467204846179858,0.00533136196866342,0.029055506057914262,0.008975214907273637,0.00278608316950417
MNAR,0.5,S2,lr_l2,1016,0.6527554930236532,0.0398731395100908,0.02474747916464982,0.0040953759427431406,0.035201249880916496,0.00871750352671599,0.0027889140989199508
MNAR,0.5,S2,lr_l2,1017,0.6483945444284774,0.03769895238879978,0.02481479489332096,0.0037247471051503798,0.035199722633780434,0.00503280704244288,0.0029106820057982945
MNAR,0.5,S2,lr_l2,1018,0.6182777848616144,0.03882650613616798,0.0247971122403352,0.00232982858018772,0.15019955444871014,0.0072036407507738804,0.00283823739346201
MNAR,0.5,S2,lr_l2,1019,0.6616903002276363,0.037610896387106296,0.02472800767421288,0.00344537042071818,0.03512661227316372,0.005740040074892739,0.0028723270595549504
MNAR,0.5,S2,lr_l2,1020,0.6627883665833723,0.043738785088362576,0.02476151804644222,0.00354416845747692,0.035936863368880696,0.014201473025043054,0.0028186131033634283
MNAR,0.5,S2,rf,1001,0.9980943920235077,0.9075500088589271,0.00660201466095138,0.01581359471278532,0.0009129055237457996,0.055422379292323194,0.0011515297002176622
MNAR,0.5,S2,rf,1002,0.9977160432074388,0.8677072351103889,0.0067364370641652595,0.014978731280961841,0.0005050810476606414,0.02357870982024952,0.0007711182239517052
MNAR,0.5,S2,rf,1003,0.9978062852832398,0.872091164138561,0.006864777343188281,0.01563894533775246,0.0012285924954262342,0.06749093929951462,0.001196663228391325
MNAR,0.5,S2,rf,1004,0.9976179945273674,0.8797561586383391,0.007154380419877119,0.015214202175064159,0.0005715874649329067,0.030189850091658654,0.0008908420391943992
MNAR,0.5,S2,rf,1005,0.9979190760638982,0.8854853538279368,0.00645198545439334,0.015148555925776342,0.0011780313403422437,0.07514672196792632,0.0012468154428742335
MNAR,0.5,S2,rf,1006,0.9979381891049306,0.8893357771467374,0.00728658453032614,0.016696293384335002,0.0005417909109290269,0.018965033661911233,0.0010424438414000454
MNAR,0.5,S2,rf,1007,0.9979904130997161,0.8817704558242984,0.00673711116374424,0.01574997650511728,0.0008238669297368614,0.0569843979422528,0.0012842629358069768
MNAR,0.5,S2,rf,1008,0.9974601375672479,0.861251746240338,0.00708818721251768,0.015102639911282158,0.00037214847425730377,0.04643263222557066,0.00032992623957139134
MNAR,0.5,S2,rf,1009,0.9974242679123106,0.8632926738958842,0.0070123235893937,0.01567061530019134,0.001141436963426674,0.03946666772259906,0.0008569110598118646
MNAR,0.5,S2,rf,1010,0.9976806749926965,0.8547501487455369,0.0067854465838396,0.01565748390348904,0.0004245716497465219,0.03910697313357,0.000761248596272447
MNAR,0.5,S2,rf,1011,0.9967858059370244,0.8420463597393754,0.0072086857140953005,0.0152151995931738,0.0010131136677523473,0.07569292128860798,0.0011639403181639824
MNAR,0.5,S2,rf,1012,0.9979116381187844,0.8699059209873357,0.006900150153414759,0.01571167387243378,0.0008096682901114525,0.05061908240056648,0.0005715420428741957
MNAR,0.5,S2,rf,1013,0.9975520609067985,0.8622934465411187,0.00696805568822306,0.01497031298688376,0.0007948297583698353,0.04934515644707739,0.001272248651550963
MNAR,0.5,S2,rf,1014,0.9975768743011703,0.8553884021611884,0.00690986438335838,0.01556724459018798,0.0012436414978264892,0.0933233195532715,0.0007720087598018898
MNAR,0.5,S2,rf,1015,0.9980922450208898,0.8912614421750543,0.00665128182306938,0.01650838944645622,0.0010328501738526867,0.06530825125328055,0.001057693162090752
MNAR,0.5,S2,rf,1016,0.997637596265309,0.8434149685593256,0.007254924497659,0.01588185652029906,0.000424414849423277,0.028404432362470585,0.0010696030462245016
MNAR,0.5,S2,rf,1017,0.9980748652874674,0.8892959273787749,0.00673161812806008,0.01619462471472536,0.0009720442230851319,0.05998431419259276,0.0010364544418497775
MNAR,0.5,S2,rf,1018,0.9975260614508599,0.8681097404326248,0.0069737640271731,0.015833212587828598,0.0006316764176596567,0.01918508394379555,0.0009051802505142837
MNAR,0.5,S2,rf,1019,0.9977541603874167,0.8592794920598763,0.00695892473174758,0.016119650606204038,0.000779128343121527,0.06241265512581688,0.000618833534700018
MNAR,0.5,S2,rf,1020,0.9979845591194328,0.8771420209057661,0.006436776494008039,0.015097131009316039,0.00035325387946751486,0.026111843225329397,0.000700097614541951
MNAR,0.5,S2,svm_linear_cal,1001,0.6717218072769644,0.04038609421968016,0.02476635494685106,0.00434849790962664,0.02641507595565765,0.004616438305468614,0.00288192683906836
MNAR,0.5,S2,svm_linear_cal,1002,0.679323214635301,0.0421452776357035,0.0247669554541106,0.00413126348408496,0.011571250304300394,0.004169089809641038,0.0028766439222498944
MNAR,0.5,S2,svm_linear_cal,1003,0.6540615889976815,0.04158789346877062,0.02479087652797036,0.00571708358476188,0.03071569758674235,0.008993876921509094,0.002888316461631023
MNAR,0.5,S2,svm_linear_cal,1004,0.6115898295229011,0.03818906785898416,0.024780968454443438,0.0042239856831695595,0.1687314737333552,0.01352387927181673,0.0028520236420335903
MNAR,0.5,S2,svm_linear_cal,1005,0.6788987458759246,0.04161103634731178,0.02475877387844156,0.00303872530475086,0.028800189136105405,0.0071183774090154165,0.002890144949540196
MNAR,0.5,S2,svm_linear_cal,1006,0.6553872591911217,0.042883688935837584,0.02476240574084968,0.00335793558845026,0.02641442916787799,0.00806321347612974,0.0028990479684100684
MNAR,0.5,S2,svm_linear_cal,1007,0.6817833315737574,0.041324885642689824,0.0247508932279332,0.00278853082576218,0.025924426592725335,0.007946770073070361,0.0028943015567024725
MNAR,0.5,S2,svm_linear_cal,1008,0.6642788963015782,0.03928784353060424,0.02476115421396748,0.0036005929445788996,0.03158791356909574,0.005446404562247526,0.0028866732313449304
MNAR,0.5,S2,svm_linear_cal,1009,0.6634658286911628,0.0437786060562443,0.02475849852413818,0.0024463413219839546,0.03949780388903449,0.014362032287126668,0.0028602663354854803
MNAR,0.5,S2,svm_linear_cal,1010,0.6699262859653128,0.04563215478646722,0.0247714172575731,0.0039963236519652,0.03277194676687025,0.015241779166222349,0.00290651744499303
MNAR,0.5,S2,svm_linear_cal,1011,0.6586459499174906,0.04556716361125282,0.0247818036467986,0.004743895721746541,0.010680562979711948,0.017602651544516505,0.0028310203850459323
MNAR,0.5,S2,svm_linear_cal,1012,0.5145865220652306,0.03547276477031888,0.0247526225186524,0.00255016986791486,0.17165035687824093,0.01735780493452023,0.0029025285272138894
MNAR,0.5,S2,svm_linear_cal,1013,0.6682671410318782,0.04030786077901294,0.024768875180343403,0.00448741212892294,0.026456695338388927,0.007512226469210431,0.0028900052565974583
MNAR,0.5,S2,svm_linear_cal,1014,0.6717761995601543,0.0502001019012691,0.02475139000065646,0.00296352180152718,0.021318751450529506,0.009743274342734943,0.0028726769009656365
MNAR,0.5,S2,svm_linear_cal,1015,0.6573829937819264,0.0487022933058342,0.0247833842316007,0.00512705927110964,0.027548933672360443,0.0072131200012279136,0.0028805818985468334
MNAR,0.5,S2,svm_linear_cal,1016,0.6557166822377629,0.04038459279163504,0.02476171030882842,0.0036648323911410404,0.03715209115687035,0.009058000262516252,0.002878518538641895
MNAR,0.5,S2,svm_linear_cal,1017,0.6525421910563355,0.03906335927165868,0.024778846420372917,0.0038977629890319604,0.03593415587061848,0.005641640712614035,0.00288917506249034
MNAR,0.5,S2,svm_linear_cal,1018,0.6160114504569926,0.03912543107298378,0.024745649596534282,0.00223008256555706,0.14524023384491258,0.007429038835095113,0.002895516193895817
MNAR,0.5,S2,svm_linear_cal,1019,0.6633531536452081,0.0379954803099977,0.02476832247584332,0.00329825956456896,0.03527457559952681,0.00582061054029449,0.002875418351624045
MNAR,0.5,S2,svm_linear_cal,1020,0.603822834236821,0.03523642989113006,0.024777343815490162,0.0036921143381494805,0.14677247542665192,0.00790337065602397,0.002885532562766057
MNAR,0.5,S2,xgb,1001,0.998102060306859,0.9199596599606605,0.00443856385536486,0.0037563201297450798,0.0008889681118290598,0.03818541810129215,0.001530165035640365
MNAR,0.5,S2,xgb,1002,0.9978040361012723,0.8777371771159512,0.0049778255634009,0.00398809397599254,0.000418089479544364,0.02208035283250799,0.0007533373555613121
MNAR,0.5,S2,xgb,1003,0.9976390152977818,0.8684474807540715,0.004905383242294141,0.00459641365900738,0.0012418658000593996,0.06666883800198062,0.0015171557094572467
MNAR,0.5,S2,xgb,1004,0.9974659958340476,0.8745163338412206,0.005436761863529619,0.0041607889984731404,0.0006470501853312573,0.03711476067957922,0.0008689362241601455
MNAR,0.5,S2,xgb,1005,0.997692681558026,0.888044232355068,0.00472605871036644,0.00342163489791344,0.0013603375490804273,0.07723969032459582,0.001546451341313993
MNAR,0.5,S2,xgb,1006,0.9979592760634741,0.8911952725030374,0.00502951978705816,0.00523624997933102,0.00048426661129021665,0.014705929025659587,0.0009944286671230193
MNAR,0.5,S2,xgb,1007,0.9980394031645983,0.8913756498739819,0.00476031061261886,0.004958464596820681,0.000828386241436084,0.04908878541499939,0.0013411608166948319
MNAR,0.5,S2,xgb,1008,0.9975424139595571,0.8726827894837077,0.00520619032904502,0.00433846114774686,0.000633570961147497,0.049088312182945036,0.00040633990086886554
MNAR,0.5,S2,xgb,1009,0.9970659853033764,0.8658659804377024,0.00520484321750696,0.0040593170592575795,0.0018087999179739681,0.03680635682009901,0.0011146437274154688
MNAR,0.5,S2,xgb,1010,0.9977646925650371,0.864312470163172,0.004707621410489,0.004550501544557941,0.00042491528442171854,0.039521554257115704,0.0006764023264088886
MNAR,0.5,S2,xgb,1011,0.9968503050416853,0.845702370523606,0.005446805432438801,0.00432569923387556,0.0008945546114589897,0.06926074893985261,0.0014694371458580957
MNAR,0.5,S2,xgb,1012,0.9980141288957551,0.8887599776892973,0.0046166630927473,0.0031475762180994404,0.0006842850199837539,0.05077098110231365,0.0008057418267084338
MNAR,0.5,S2,xgb,1013,0.997575143400101,0.8685138141175119,0.00517757739871734,0.0037358283649533003,0.0007329423361116544,0.045746075272013804,0.0012788977582671524
MNAR,0.5,S2,xgb,1014,0.9974652321914432,0.8578164786521059,0.00511008184403176,0.00415602012322084,0.0011790169759187685,0.0801822995513801,0.0014269015056370047
MNAR,0.5,S2,xgb,1015,0.998141543136804,0.8949099088181608,0.0041695768013596,0.0033143667958066003,0.0009949336450076043,0.0643719674387352,0.001264423871067778
MNAR,0.5,S2,xgb,1016,0.9976586963562666,0.855198732623298,0.00501995738595722,0.00477536033233192,0.0005309845557186309,0.026142530713226073,0.0008994053389962244
MNAR,0.5,S2,xgb,1017,0.9981578078591762,0.9058942177850471,0.0045199446380138,0.004348310661585921,0.001006450381436999,0.05540214246313774,0.0016551400268685562
MNAR,0.5,S2,xgb,1018,0.9968409389957296,0.8777902653986371,0.0047554058488458,0.00448591015385554,0.0023641202930009954,0.018235696059635112,0.0008056058439738467
MNAR,0.5,S2,xgb,1019,0.997437018499346,0.8628753970376437,0.004917964385822341,0.00475551768379162,0.0010312888715643509,0.05019892772665958,0.0011943765765143933
MNAR,0.5,S2,xgb,1020,0.9979587142920096,0.8829134520521311,0.00458432380110022,0.00357069280105618,0.0004031402738393226,0.022101974933617027,0.000863308943895639
